timestamp,price,title,source,url,text,coin,lang,score,num_comments,id,subreddit,author,like_count,retweet_count,reply_count,quote_count,sentiment
2025-08-14 18:03:28.287,117907.69961243957,,,,,,,,,,,,,,,,
2025-08-14 19:02:08.088,118140.15175629064,,reddit,https://www.reddit.com/r/CryptoMarkets/comments/1mq95qq/held_btc_for_years_sold_too_early_need_your_help/,"held btc for years, sold too early — need your help i held btc for years. then i read that it’s not smart to just hold forever, but that you should take profits. after years of holding, i told myself that this cycle i wouldn’t be stupid and that after 5 years of holding, i would finally take some profits. that was the phase when btc almost broke 100,000 usd. at 96,000 usd i sold part of my holdings, then i thought we would enter a bear market like in previous cycles. the price dropped to 86,000 usd and i sold another part. then it fell to around 75,000 usd and i waited for it to go further down to 50,000–60,000 usd. but that never happened.

instead, it went from 75,000 usd back up to 85,000 usd, then to 95,000 usd, then it broke 100,000 usd again and i thought: “okay, no panic, it will go back down, the market is overbought.” and then it went from 100,000 usd to 110,000 usd and now even over 120,000 usd. and i could cry, because i will probably never again hold as much btc as i did before.

now i’m really mad at myself, because if i had just held, i’d be massively in profit right now.

after selling, i kept trying to study the market, but i’m so confused because the current cycle doesn’t match the previous ones. and now i’m 50 % down.

i’m glad i didn’t sell everything, but that 50 % loss is huge for me.

i regret listening to others and will probably just hold from now on. i also read articles claiming you get the biggest profits if you sell after the halving, which has also proven wrong.

my question now is how i should act. i don’t want to make another mistake. i also won’t follow your advice literally, because i’m already heavily in the red from this mistake, but my hope is still that the price will eventually crash and correct down to around 60,000 usd. my question is: how realistic do you think that scenario is? i’d even be happy if the price corrected to somewhere around 85,000 usd, because then i could make up my 50 % loss. so my question is: how likely do you think that is, and what do you think the price will do? should i panic buy now, which would mean i’d never get back to my previous btc holdings, or should i just wait because there’s still a chance the price might eventually drop to 50,000 usd or 60,000 usd or 70,000 usd or 80,000 usd? how would you act? and how experienced are you, and how long have you been in the market?",btc,en,0.0,35.0,1mq95qq,CryptoMarkets,,,,,,-0.978
2025-08-14 20:03:14.751,117999.92193421233,,reddit,https://v.redd.it/9tv6gwagi1jf1,"just in: 🇺🇸 treasury secretary bessent says the us government is ""not going to be buying"" bitcoin. is this bad for bitcoin?",btc,en,196.0,186.0,1mqb9iq,btc,,,,,,-0.5147
2025-08-14 21:01:49.666,117972.50058212508,,reddit,https://www.reddit.com/gallery/1mqd2fg,your daily bitcoin breakdown newsletter is now live. check out today’s top stories and a sneak peek at the latest opinion & analysis pieces. full issue link is in the comments.,btc,en,10.0,2.0,1mqd2fg,Bitcoin,,,,,,0.2023
2025-08-14 22:02:56.603,117848.00060956633,,reddit,https://www.youtube.com/watch?v=BZ4IAFg7oDg,"can #bitcoin reshape how we think about parenting, purpose, and play?",btc,en,0.0,1.0,1mqdjo0,Bitcoin,,,,,,0.34
2025-08-14 23:03:09.940,118327.47253939268,,reddit,https://www.reddit.com/r/Bitcoin/comments/1mqg6pq/bitcoin_falls_on_treasury_not_actively_buying_suss/,"bitcoin falls on treasury not actively buying. suss. not sure why this isnt talked about but the treasury secretary aren't actively buying bitcoin.

i think they'll change their mind in 2 weeks. they're just trying to create volatility.

so i bought 1 more bitcoin. i'll play their game.",btc,en,7.0,6.0,1mqg6pq,Bitcoin,,,,,,0.6531
2025-08-15 00:03:27.613,118387.76940297017,,reddit,https://www.reddit.com/r/Bitcoin/comments/1mqh1q8/curious/,curious i’m fairly new to buying bitcoin. known about bitcoin for a little over 3 years but never had extra funds to throw at it & i’ve finally been buying for the last 2-3 months. i’m using cashapp to buy it. any recommendations to something that’s better or is cashapp okay for smaller transactions? i have it set to buy $25 every friday.,btc,en,4.0,7.0,1mqh1q8,Bitcoin,,,,,,0.7814
2025-08-15 01:00:38.512,118319.47330275648,,reddit,https://i.redd.it/5bb9mvy4y2jf1.jpeg,"2019 vs 2025 check this out when i first bought bitcoin in 2019 500 bucks got me 13% of a bitcoin,  versus 2025",btc,en,87.0,3.0,1mqiol7,Bitcoin,,,,,,0.0
2025-08-15 02:01:36.429,118766.71007333513,,reddit,https://i.redd.it/frjy83hj73jf1.png,"btc futures - what's the different? what's the point of these btc perpetual futures on coinbase? i thought it was supposed to allow you to make amplified returns, but from the screen shot, given the notional, entry and current prices, my pnl would have been the same if i were trading btc directly. what am i missing?",btc,en,13.0,12.0,1mqjuyg,Bitcoin,,,,,,-0.4386
2025-08-15 03:00:36.953,118785.93318559029,,reddit,https://i.redd.it/frjy83hj73jf1.png,"btc futures - what's the different? what's the point of these btc perpetual futures on coinbase? i thought it was supposed to allow you to make amplified returns, but from the screen shot, given the notional, entry and current prices, my pnl would have been the same if i were trading btc directly. what am i missing?",btc,en,13.0,12.0,1mqjuyg,Bitcoin,,,,,,-0.4386
2025-08-15 04:01:48.855,119049.72027859472,,reddit,https://www.reddit.com/r/Bitcoin/comments/1mqmazs/possibly_trying_to_cash_out_on_some_gains/,"possibly trying to cash out on some gains i bought into bitcoin back in the 10k days. unfortunately i tried to time the market, and went from 1.08 coins to .45 coins. regardless my 10k is now worth roughly 50k.

curious if i sell now, i’ve got to pay tax on 40k gain. so for me to get back in with a better price, i’d need it to drop substantially. what are yall doing to pocket some gains?

or are you just letting it ride. 40k isn’t life changing .",btc,en,0.0,25.0,1mqmazs,Bitcoin,,,,,,0.8555
2025-08-15 05:03:19.015,118938.14472096803,,reddit,https://www.reddit.com/r/Bitcoin/comments/1mqnlrr/btc_etf/,"btc etf alright you maniacs, convince me why buying through an etf like ibit is a bad idea. let it rip.",btc,en,0.0,22.0,1mqnlrr,Bitcoin,,,,,,-0.0516
2025-08-15 06:01:35.001,119044.65802389508,,reddit,https://cointelegraph.com/news/bitcoin-top-signal-price-chart-similar-2021-history-repeat,bitcoin charts are similar to the 2021 top: will history rhyme?,btc,en,40.0,16.0,1mqov3k,CryptoCurrency,,,,,,0.2023
2025-08-15 07:02:27.043,119160.51538435977,,reddit,https://www.reddit.com/r/Bitcoin/comments/1mqpvbb/it_seems_like_95_of_this_sub_are_speculators_or/,"it seems like 95% of this sub are speculators or just want to get rich quick. to be transparent i’m new, trying to stack sats just like everyone else, but the amount of daily price action posts and wondering where btc will go just leads me to the conclusion that we are still very early.

from my lense, it doesn’t matter what the daily price action is or what the new ath is - it is so much larger than watching price action. knowing that i am participating in the greatest shift of power and wealth in human history, that we can work together to add value to a society in turn increasing the value of the entire network  gives me immense hope. and it’s not just locally, but globally. the global implications of btc are severely understated. anyway that’s my rant. keep stacking yall!",btc,en,139.0,99.0,1mqpvbb,Bitcoin,,,,,,0.9609
2025-08-15 08:03:03.800,119084.85197497488,,reddit,https://www.cryptopolitan.com/bitcoin-smashes-record-above-124k/,bitcoin smashes record above after 401(k) crypto inclusion and fed rate-cut hopes ignite rally will retailers and fund managers be interested in bitcoin inclusion in 401k?,btc,en,0.0,0.0,1mqraqd,btc,,,,,,0.6705
2025-08-15 09:03:08.736,118970.54631253434,,reddit,https://www.reddit.com/r/Bitcoin/comments/1mqrs4s/a_small_bitcoin_casual_browser_game_for_desktop/,"a small bitcoin casual browser game for desktop & mobile made by me as a side weekend project your mission is to fly the spaceship over the live bitcoin chart line, feel free to test it and tell me what you think!

https://preview.redd.it/b23jvpxd95jf1.png?width=1760&format=png&auto=webp&s=75cb57da89060c2576eea81465d2a4105fcf0c36

[https://flythedip.com](https://flythedip.com)",btc,en,18.0,2.0,1mqrs4s,Bitcoin,,,,,,0.6588
2025-08-15 10:02:57.439,118856.5972093437,,reddit,https://www.reddit.com/r/CryptoMarkets/comments/1mqt6s6/have_you_heard_of_mstrbtc_death_spiral/,"have you heard of 'mstr-btc death spiral'? it will be a meme soon.
hello, i'm from 2026, you're wellcome.
oh also, these day kidos does not give a dang about btc, they all think it is an old boring cult.",btc,en,0.0,1.0,1mqt6s6,CryptoMarkets,,,,,,-0.7351
2025-08-15 11:00:30.668,118971.706115958,,reddit,https://news.bitcoin.com/ripple-director-latam-is-leading-the-worlds-crypto-discussion/,ripple director: latam is leading the world's crypto discussion – crypto news bitcoin news,btc,en,1.0,0.0,1mqubuv,CryptoCurrency,,,,,,0.0
2025-08-15 12:03:30.173,119094.80293447574,,reddit,https://www.reddit.com/r/Bitcoin/comments/1mqvgb6/dca_and_platform/,"dca and platform hello guys,

  
i just want to share my scenario right now. i am planning to dca and having a budget of $15 per week. so, for example:

btc at 100k (1st week) - i will put $15  
btc at 105k (2nd week) - i will put $10  
btc at 100k (3rd week) - i will put $20  
btc at 103k (4th week) - i will put $15  
total = $60 for a month.

please correct me if i'm wrong. but is this how dca works? and can you give me other approach or style for dca.

lastly, i am here at uae and could you please give me a platform that is good. because i really want to buy some btc.",btc,en,1.0,1.0,1mqvgb6,Bitcoin,,,,,,0.8225
2025-08-15 13:00:48.512,118775.09135434592,,reddit,https://v.redd.it/bpo7mo80g6jf1,"i imagine i have 100,000 bitcoins i imagine that i discussed the bitcoin white paper with satoshi nakamoto in 2009. i imagine that i met him at that time and that i have more than 100,000 bitcoins. do you have such a fantasy? if you get 100,000 bitcoins, what would you like to do?",btc,en,0.0,5.0,1mqwent,Bitcoin,,,,,,0.4329
2025-08-15 14:03:32.043,117912.9386681652,,reddit,https://gizmodo.com/new-bitcoin-purchases-by-the-u-s-government-still-on-the-table-bessent-says-2000643427,"new bitcoin purchases by the u.s. government still on the table, bessent says",btc,en,432.0,47.0,1mqyqqe,Bitcoin,,,,,,0.0
2025-08-15 15:02:41.037,117387.54999240849,,reddit,https://www.reddit.com/r/btc/comments/1mr02pu/bitcoin_drops_2_but_are_we_seeing_smart_money/,"bitcoin drops 2%, but are we seeing smart money reallocate to ipos? are you following the infrastructure bets more than token charts right now? what company or tech are you watching that could be tomorrow’s altcoin-level moon?",btc,en,0.0,1.0,1mr02pu,btc,,,,,,0.6237
2025-08-15 16:00:23.626,117367.4347951849,,reddit,https://www.reddit.com/r/CryptoCurrency/comments/1mr1kt9/anyone_else_worried_that_the_increasing_amount_of/,"anyone else worried that the increasing amount of big companies, institutions, sovereign funds, etfs, rich countries, and even gulf states etc... all amassing ungodly amounts of btc, could drain otc trading, and could start to siphon the available supply on exchanges? many of these entities make their purchases otc (over the counter), so it usually doesn't affect exchanges directly too much.

but otc doesn't mean unlimited supply. nor is it in a total vacuum.

those coins have to end up on those otc trader hands somehow.

the problem is a lot of these new whales and mega funds are hoarding btc and not planning on selling any time soon.

so that otc money is moving increasingly more in one direction, and not a lot is gonna come back to be sold.

what happens if these growing mega funds want to load up on more coins, but there isn't an otc seller available, or the sellers don't have enough coins?

they could increase the price, but if they increase it too much, it's gonna get buyers to go on exchanges.

otc traders are gonna have to fill some of those gaps somehow, and the next option is with coins from exchanges.

the actual bitcoins available on exchanges for people to buy, had been dropping since last november:

[declining available supply on exchanges vs price](https://preview.redd.it/yssg7y9a97jf1.jpg?width=1920&format=pjpg&auto=webp&s=a01e4dcfaa0a3734887f1258777b9137df9603ea)",btc,en,35.0,90.0,1mr1kt9,CryptoCurrency,,,,,,0.7261
2025-08-15 17:01:08.736,117407.49931529992,,reddit,https://www.reddit.com/r/Bitcoin/comments/1mr33du/without_a_hardware_wallet_which_is_the_most/,"without a hardware wallet, which is the most secure desktop crypto wallet in 2025? hi everyone,

i’m currently exploring desktop wallets for storing my crypto securely, but i don’t have a hardware wallet yet. i understand hardware wallets (like ledger, trezor, etc.) offer the best protection, but for now i’m looking for the most secure software-only desktop wallet i can use in 2025.

here’s what i’m considering so far:

exodus – great ui, multi-asset, but closed-source.

electrum – bitcoin-focused, open-source, trusted for years.

guarda – multi-crypto, staking features.

coinomirk support.


my main priorities:

1. security (open-source, strong encryption, track record)


2. desktop availability (windows, macos, or linux)


3. good community reputation


4. ease of backup & recover 


thank you",btc,en,23.0,63.0,1mr33du,Bitcoin,,,,,,0.993
2025-08-15 18:01:04.967,117670.62799352725,,reddit,https://www.reddit.com/r/Bitcoin/comments/1mr58mz/how_can_i_safely_gift_bitcoin_to_friendsfamily/,"how can i safely gift bitcoin to friends/family who don’t have a wallet yet? hi everyone,

i have a large group of friends and a big family, and i’d love to motivate them to get into bitcoin by gifting them a small amount - for example as a birthday gift, wedding gift, or for any other occasion.

the challenge: many of them don’t have a bitcoin wallet yet. ideally, i’d like to gift them a hardware wallet with the bitcoin already on it.

what’s the safest and most practical way to give bitcoin to someone who has no wallet yet? are there solutions that don’t require them to set one up beforehand?

thanks for your advice!",btc,en,24.0,57.0,1mr58mz,Bitcoin,,,,,,0.9875
2025-08-15 19:02:05.799,117219.33341108754,,reddit,https://i.redd.it/s3qi5p0mb8jf1.jpeg,this is why we bitcoin,btc,en,326.0,65.0,1mr6nsy,Bitcoin,,,,,,0.0
2025-08-15 20:02:43.522,117000.41118669232,,reddit,https://www.reddit.com/gallery/1mr8g2j,your daily bitcoin breakdown newsletter is now live. check out today’s top stories and a sneak peek at the latest quick bits snippets. full issue link is in the comments.,btc,en,32.0,1.0,1mr8g2j,Bitcoin,,,,,,0.2023
2025-08-15 21:02:56.579,117371.50148995162,,reddit,https://i.redd.it/f0uy8wgww8jf1.png,"bitcoin just had its biggest week ever - fed out, treasury in, $124k ath! huge bitcoin news this week:

* fed ends bank supervision for bitcoin and crypto
* treasury secretary plans to acquire more bitcoin for u.s. reserves
* avenir now holds $1.3b in bitcoin etfs
* jack dorsey’s block releases 1st american-made bitcoin mining asic
* september fed rate-cut odds surge
* bitcoin hits new all-time high above $124k 

adoption rising. liquidity building. new highs imminent. 

source: [https://x.com/btc\_archive/status/1956431206859374921](https://x.com/btc_archive/status/1956431206859374921)",btc,en,39.0,26.0,1mr9wl9,CryptoCurrency,,,,,,0.3164
2025-08-15 22:03:06.651,117372.65388438936,,reddit,https://www.reddit.com/r/Bitcoin/comments/1mraxk3/is_relai_really_such_a_reliable_walletapp_to_buy/,is relai really such a reliable wallet/app to buy and store bitcoin? what are the advantages compared to common exchanges?,btc,en,0.0,9.0,1mraxk3,Bitcoin,,,,,,0.4329
2025-08-15 23:06:02.115,117805.2119591624,,reddit,https://www.reddit.com/r/btc/comments/1mrd8zd/bitcoin_in_401k_donald_trump/,"bitcoin in 401k, donald trump what are your thoughts? bad idea? good idea?",btc,en,0.0,12.0,1mrd8zd,btc,,,,,,-0.2824
2025-08-16 00:00:46.219,117396.51852350793,,reddit,https://youtu.be/trCEP-HZUPQ?si=5v92zcJl5u6MzXiE,"mastering bitcoin – chapters 4–5 | asymmetric cryptography, keys & wallets",btc,en,1.0,0.0,1mreqln,btc,,,,,,0.0
2025-08-16 01:03:07.981,117800.72549274012,,reddit,https://news.bitcoinprotocol.org/jack-dorseys-vision-for-bitcoin-sparks-debate-over-its-future/,jack dorsey’s vision for bitcoin sparks debate over it’s future,btc,en,38.0,115.0,1mrfmvr,btc,,,,,,0.25
2025-08-16 02:03:08.130,117954.97333880374,,reddit,https://www.reddit.com/r/CryptoCurrency/comments/1mrgmow/why_corporate_bitcoin_hoarding_could_trigger_the/,"why corporate bitcoin hoarding could trigger the next big crypto selloff by july 2025 public companies were sitting on 917,853 btc and one of them, saylor’s strategy, holds 607,700 of that, it about 2.9% of all bitcoin. a year ago the total corporate stash was just 325,400 btc, so the growth has been insane. 

a lot of these new players aren’t just diversifying like tesla or coinbase. some are miners holding instead of selling, but a growing chunk are basically quasi-etfs whose whole business is piling up btc per share and even branching into eth or sol. 

they raise money with convertible bonds, which means if things go south they might have to dump coins to cover debt. that’s where the domino risk comes in. even if the first big debt maturities aren’t until 2029, a single panic sell could shake confidence and spark a chain reaction long before then. 

the irony is bitcoin was born after the 2008 crash to get away from wall street’s risky games, and now those same mechanics could end up being the weak spot in the market.",btc,en,391.0,114.0,1mrgmow,CryptoCurrency,,,,,,-0.9474
2025-08-16 03:02:51.235,117569.54211594824,,reddit,https://www.reddit.com/r/Bitcoin/comments/1mrhrvn/tools_for_creating_testing_bitcoin_chains/,"tools for creating testing bitcoin chains? quick question - are there any tools besides myownbtc (myownbtc.com) that let you create your own bitcoin chains for testing/mining?

i mean actual separate chains, not regtest. just curious what else is out there.

thanks",btc,en,0.0,2.0,1mrhrvn,Bitcoin,,,,,,0.6806
2025-08-16 04:02:57.432,117533.98734372148,,reddit,https://www.reddit.com/r/btc/comments/1mrk3dp/retail_is_shifting_from_btc_to_altcoins_and_it/,"retail is shifting from btc to altcoins and it might signal bitcoin buyer exhaustion been watching some interesting data this week. retail sentiment toward crypto jumped hard but it's not going into bitcoin anymore. analysts think this could mean btc buyers are getting tired.

the numbers are pretty clear

crypto sentiment index went from 0.23 to 0.91 in just one week according to bitwise's max shannon. that's a massive jump but here's the interesting part - google searches for altcoins and ethereum hit multiyear highs.

this pattern looks similar to what we saw before previous bear markets. people start looking for alternatives after bitcoin runs up, which usually means the btc party might be ending soon.

bitcoin hit some turbulence

btc dropped below $118k on thursday after treasury secretary scott bessent said the government had no plans to buy more bitcoin for the strategic reserve. he walked that back pretty quick though, saying they're still exploring ways to add btc.

fear and greed index dropped from 68 to 59, moving out of greed territory into neutral. still elevated but not euphoric anymore.

what buyer exhaustion actually means

when buying pressure starts decreasing while selling pressure stays the same, you get buyer exhaustion. basically fewer people want to buy at these high prices so capital starts rotating into other assets.

we're seeing this with retail interest shifting toward altcoins and ethereum. classic pattern that often happens after bitcoin makes new highs.

september altcoin season incoming

coinbase institutional's david duong thinks we're setting up for full altcoin season as we approach september. altcoin season means at least 75% of the top 50 altcoins outperform bitcoin over 90 days.

the altcoin season index climbed from 33 to 42 this week but still needs to hit 75 to officially trigger altseason.

michaël van de poppe from mn trading thinks altcoins could see 100-150% gains in their first serious run, similar to what ethereum just did.

what this means for traders

if bitcoin buyers are actually exhausted, we might see:

btc consolidation or pullback in the near term

capital rotating into ethereum and altcoins

potential altcoin season starting in september

bitcoin possibly finding support and resuming later

the broader crypto narrative is still intact with things like solana etf decisions coming in october. policy developments remain favorable.

but short term, retail attention shifting away from bitcoin toward alts is usually a sign that btc's current run might need to take a breather.

not saying bitcoin is done, just that the easy money phase might be over for now while altcoins get their turn. for anyone active in this market, it’s also a good time to keep tax reporting in check platforms like awaken.tax make it a lot easier to stay compliant without slowing down your trading.",btc,en,6.0,11.0,1mrk3dp,btc,,,,,,0.9775
2025-08-16 05:02:25.789,117903.7017188172,,reddit,https://www.youtube.com/watch?v=yuuC2DiujO4,"bitcoin most certainly violates mises regression theorem and this fact compels clarification or re‐solution from the mises institute; and an introduction to szabonian deconstruction this essay compares and contrasts different authors from the mises institute alignment to an inquiry into mises own writing in regard to the concept known as mises regression theorem.  it re-visits a question that satoshi responded to about the nature of bitcoin and the possibilities of originations of the moneyness of considered objects:  
  
""the entire purpose of the regression theorem was to help explain an apparent paradox of money: how does money have value as a medium of exchange if it is valued because it serves as a medium of exchange?""  
  
the essay lays weight to the implication that mises’ axioms imply a definition of money that precludes bitcoin.  but the essay doesn’t declare this outright. rather it means to flip the onus of interpretation back to the mises institute and its followers arguing clarifications of seemingly fatal contradictions with the school's axioms versus the existence of bitcoin are necessary.  
  
thus the usefulness of the essay is that it removes the onus from the casual reader and puts it (back) on the authority that has no complexity based excuse for not traversing mises work. this manipulation of the perspective of traversing the historical complexity of mises work with an authority that would otherwise have incentive to bend the truth is a tool i attribute to being a derivation from szabo’s work.  it is a szabonian deconstruction.",btc,en,8.0,40.0,1mrl65c,Bitcoin,,,,,,-0.5176
2025-08-16 06:07:20.248,117696.32142573298,,reddit,https://www.reddit.com/r/Bitcoin/comments/1mrmhpa/daily_discussion_august_16_2025/,"daily discussion, august 16, 2025 please utilize this sticky thread for all general **bitcoin** discussions! if you see posts on the front page or /r/bitcoin/new which are better suited for this daily discussion thread, please help out by directing the op to this thread instead. thank you!

if you don't get an answer to your question, you can try phrasing it differently or commenting again tomorrow.

please check the [previous discussion thread](https://www.reddit.com/r/bitcoin/comments/1mqp9az/daily_discussion_august_15_2025/) for unanswered questions.",btc,en,36.0,18.0,1mrmhpa,Bitcoin,,,,,,0.9272
2025-08-16 07:07:25.451,117451.02331171712,,reddit,https://i.redd.it/i0r3ucejybjf1.jpeg,bitcoin can do wonders 🔥🚀,btc,en,332.0,8.0,1mrnndi,Bitcoin,,,,,,0.0
2025-08-16 08:03:10.562,117663.7924554054,,reddit,https://medium.com/@anishnarayan/bitcoin-and-cryptocurrency-in-india-pros-cons-regulations-and-market-reality-8615dde42b28?sk=4afebdfe179cbdbc26abec0a3bddf8f4,"bitcoin and cryptocurrency in india: pros, cons, regulations, and market reality",btc,en,3.0,0.0,1mro9h6,btc,,,,,,0.0
2025-08-16 09:01:13.697,117657.13593094652,,reddit,https://www.reddit.com/r/CryptoCurrency/comments/1mrpjc6/which_wallet_to_use/,"which wallet to use? hi all,

i know that a cold wallet is the safest way. i’m searching for a wallet on my iphone. i downloaded cake and exodus so far. 

i noted the phrases and so on. what i don’t understand is, if cake wallet shuts down the business or takes the app offline. can i then recover the wallet in another app using my phrases?

what i’d also like to know is, are there different fees when transferring crypto, or is the network fee always the same no matter which wallet i use?

i want to store btc/eth/xmr in my wallet.

thank you for your help and sorry for these beginner questions.",btc,en,0.0,14.0,1mrpjc6,CryptoCurrency,,,,,,0.8095
2025-08-16 10:02:09.908,117411.10125498685,,reddit,https://www.reddit.com/r/Bitcoin/comments/1mrqdg8/bitcoin_feels_different_this_cycle_anyone_else/,"bitcoin feels different this cycle, anyone else noticing it? i’ve been around long enough to see bitcoin go through a few wild ups and downs, but something about this cycle feels different.

it’s not just about price action (though watching btc grind back toward new levels is exciting on its own). it’s the way the community around it has matured. you don’t see the same level of blind hype like in 2017 or even 2021. instead, i notice more people talking about *why* they’re holding, how they’re using it, and what role bitcoin actually plays in their long-term plans.

for me, i’ve been stacking slowly, nothing crazy, just consistent dca. what surprises me most is how many of the people i talk to, friends, colleagues, even family, are starting to take bitcoin seriously. not as a quick trade, but as something with actual staying power.

i’m curious though… how’s everyone here approaching btc right now?

* are you stacking aggressively while it’s still “cheap”?
* just holding what you’ve got and waiting it out?
* or are you in the camp that thinks the best entry was years ago and the upside is mostly gone?

would love to hear how the rest of this community is playing bitcoin in the current market.",btc,en,326.0,162.0,1mrqdg8,Bitcoin,,,,,,0.9838
2025-08-16 11:02:54.351,117466.55165291626,,reddit,https://www.youtube.com/watch?v=pK6OqAaT15k,the story of bitcoin cash,btc,en,22.0,8.0,1mrrlq8,btc,,,,,,0.0
2025-08-16 12:03:25.410,117448.5772878559,,reddit,https://i.redd.it/jgimihrmddjf1.jpeg,"bitcoin mvrv signals mid-cycle setup for breakout bitcoin’s mvrv ratio is holding around 2.2–2.3, still below the march peak of 2.77 that aligned with the $72k high. historically, cycle tops form closer to 3.0, suggesting more room to run. sentiment has improved with the fed rolling back operation chokepoint, easing pressure on banks and crypto access. with btc consolidating between $118k and $120k, a breakout above $120k could act as the launchpad toward $130k+ in the coming weeks, supported by ongoing smart money accumulation.",btc,en,0.0,0.0,1mrszl7,btc,,,,,,0.8807
2025-08-16 13:02:47.207,117816.83364875686,,reddit,https://www.reddit.com/r/Bitcoin/comments/1mru1mp/keep_buying_hodl_ignore_clowns_and_noises_stay/,"keep buying. hodl. ignore clowns and noises. stay humble stack sats. these past couple days this sub has full of noises and not so so important discussions.

buy more and more, stay humble, stack sats, so next year or two or five or ten years, you wont regret why you didn't buy more.

don't leverage don't future trades, don't gamble.

zoom out.

if you understand bitcoin, you understand. weak hands always panic everytime either up or down.

pretty sure these are all has been said. just feel like i need to say it again.",btc,en,80.0,8.0,1mru1mp,Bitcoin,,,,,,0.5181
2025-08-16 14:03:24.481,117711.81257679684,,reddit,https://www.reddit.com/r/Bitcoin/comments/1mrvskd/is_no_one_worried_that_401ks_are_going_to_be/,"is no one worried that 401ks are going to be investing in bitcoin and crypto? no one senses 2008? recently saw a lawyer has come forward to say that private equity isn’t the investment it’s made out to be but rather a way to pass on time sensitive debt (from scrapping all businesses assets for a quick profit) to the middle class and leave us holding the bag. 

https://standrewseconomist.com/2025/02/07/could-private-equity-cause-the-next-financial-crisis/
update: this is a new perspective so i don’t think it’s widely being covered. was interested to see if anyone has heard of it.
no one is saying it will be a cookie cutter copy of 2008. i’m saying this is being flagged as the next potential wealth transfer by litigators. it wouldn’t necessarily happen in the same way as the mortgage crisis but it’s the same “bait and switch.”i’m not super knowledgeable but what the lawyer seemed to be saying, was once private equity has 401ks invested in its own asset classes they will exit those positions before the debt on the companies in those assets comes due… which is why you see a lot of platforms pitching private equity as a great investment now and crypto is merely adjacent… however to some people, they may well see crypto as aiding and abetting this since the wealthy just need to bide their time and exit crypto before all of us are wise to.",btc,en,0.0,37.0,1mrvskd,Bitcoin,,,,,,0.8398
2025-08-16 15:00:39.179,117817.33458730514,,reddit,https://www.reddit.com/r/Bitcoin/comments/1mrxlts/actual_supply/,"actual supply i was wondering, the intended supply of btc is 21 million, vut whats the actual available supply by now given that already huge chunks were send to the void and are (probably) lost forever? is there information out there consolidated into a (rough) estimate?",btc,en,13.0,11.0,1mrxlts,Bitcoin,,,,,,0.0
2025-08-16 16:02:51.110,117745.29749254188,,reddit,https://www.reddit.com/r/Bitcoin/comments/1mrz5u6/my_bags_packed_and_im_off_back_to_fiat_clown_land/,"my bags packed and i’m off back to fiat clown land. i’ve stacked from 2021 to now and i have 1.111btc are my bags packed ? 

have i done alright ? 

i can’t ever see me averaging more than $200 per month into bitcoin now due to my family and lifestyle. 

would 1.1btc be life changing in 10-15 years ? 

do i just have to sit on my ass now and forget about bitcoin surely it can’t be that easy ? 

what are people’s thoughts ? 

thanks.",btc,en,0.0,39.0,1mrz5u6,Bitcoin,,,,,,0.7399
2025-08-16 17:00:44.831,117821.00630637372,,reddit,https://www.opencongress.net/bill-details/41877,s 954 - bitcoin act of 2025,btc,en,10.0,3.0,1ms0xuk,Bitcoin,,,,,,0.0
2025-08-16 18:05:53.900,117763.14050380496,,reddit,https://www.reddit.com/r/Bitcoin/comments/1ms2sq4/help_transferring_bitcoin_robinhood_scam/,"help transferring bitcoin & robinhood scam hey all. i do not want to dca on robinhood anymore with my daily purchases going into bitcoin. i am looking for help on which platform to use to purchase bitcoin, and how to transfer it to a wallet like trezor, however i am located in new york so i know a lot of apps won't let me use them (river for example). what is my best option to do this? thanks.",btc,en,0.0,16.0,1ms2sq4,Bitcoin,,,,,,0.8898
2025-08-16 19:03:10.389,117748.69876342452,,reddit,https://www.reddit.com/r/Bitcoin/comments/1ms432r/binanceus_fees_better_options_for_selling_btc/,"binance.us fees - better options for selling btc? not really going to sell my btc yet, but i went through [binance.us](http://binance.us) and noticed my $132 worth of btc was offered to be sold for $122 in total. i know very little about spread/liquidity/fees, but that's $10 out of $132. binance showed my btc being sold around 109k per one, instead of the 117k going price currently.

are coinbase/coinbase pro/robinhood/others better? is there some website that gives you more bang for your buck? looking for something i can use in the future to sell my btc to transfer fiat back to my bank.

  
p.s. i already got plenty of cold wallet setup, just need info about selling!!

  
ty so much",btc,en,1.0,0.0,1ms432r,Bitcoin,,,,,,0.9131
2025-08-16 20:02:05.909,117734.22808778557,,reddit,https://i.redd.it/02kxyek3sfjf1.jpeg,"buy #bitcoin 🐂 the 10‑year rolling cagr (compounded annual growth rate) for bitcoin using aug 16, 2015 → aug 16, 2025 is 84.4% per year. 

to put it into perspective the ndx is 17.8%",btc,en,64.0,14.0,1ms5sl0,Bitcoin,,,,,,0.3818
2025-08-16 21:02:29.270,117709.02188428598,,reddit,https://i.redd.it/02kxyek3sfjf1.jpeg,"buy #bitcoin 🐂 the 10‑year rolling cagr (compounded annual growth rate) for bitcoin using aug 16, 2015 → aug 16, 2025 is 84.4% per year. 

to put it into perspective the ndx is 17.8%",btc,en,64.0,14.0,1ms5sl0,Bitcoin,,,,,,0.3818
2025-08-16 22:02:53.272,117503.9270349045,,reddit,https://www.newsbtc.com/news/bitcoin/institutional-bitcoin-holdings-near-20-of-supply-wall-streets-new-playground/?utm_source=coingecko&utm_content=coingecko&utm_campaign=coingecko&utm_medium=coingecko&utm_term=coingecko,institutional bitcoin holdings near 20% of supply—wall street’s new playground?,btc,en,12.0,3.0,1ms8tu5,CryptoCurrency,,,,,,0.0
2025-08-16 23:07:33.282,117484.7558541704,,reddit,https://youtu.be/IY3vwr-fKuI?feature=shared,bitcoin mining in space: the craziest or smartest idea ever?,btc,en,0.0,11.0,1ms9k2a,Bitcoin,,,,,,0.5859
2025-08-17 00:05:46.326,117397.54362420288,,reddit,https://www.reddit.com/r/CryptoMarkets/comments/1msb8lm/feeling_overwhelmed_as_a_newcomer_can_i_get_some/,"feeling overwhelmed as a newcomer. can i get some honest, no-bs advice? hi,

hope this is the right place for this. 29f, in grad school, and i've finally saved up a little bit of money that i want to put to work for my future.

i've been trying to get into crypto, but honestly, it's incredibly intimidating. between the technical jargon, the memes, the constant fear of getting rugged, and the 24/7 market cycle, it feels like you need a phd just to get started. i'm a pretty smart person, but this is a whole different language.

my question is for the people who have been in this space for a while: what's your real, unfiltered advice for a beginner who wants to do more than just buy some btc and pray? what's the one thing you wish someone had told you when you were first starting out? i'm trying to learn how to think about this stuff for the long term, not just chase the next pump.

i'm trying to find the signal in all the noise, and it's a lot to figure out on your own. i'd be grateful for any genuine advice that cuts through the hype, thank you!!",btc,en,33.0,120.0,1msb8lm,CryptoMarkets,,,,,,0.9753
2025-08-17 01:02:58.518,117369.57653063929,,reddit,https://i.redd.it/0qh094k03hjf1.jpeg,a history of bitcoins.,btc,en,0.0,4.0,1msd28i,btc,,,,,,0.0
2025-08-17 02:02:44.298,117521.58845065876,,reddit,https://www.youtube.com/watch?v=Oyj25tQYJck,"of the fatal inconsistencies in saifedean ammous' bitcoin standard # of the fatal inconsistencies in saifedean ammous' bitcoin standard

(https://x.com/soaker\_patoshi)

in the previous essay ([bitcoin most certainly violates mises regression theorem and this fact compels clarification or re‐solution from the mises institute; and an introduction to szabonian deconstruction](https://www.reddit.com/r/bitcoin/comments/1mrl65c/bitcoin_most_certainly_violates_mises_regression/)) we ended with statements by mises that his (austrian) school of thought ""praxeology"" rejects empirical (think archeological) based arguments and only accepts arguments extended from reason. 

here we will show countless examples of saifedean ammous, a purported austrian economics professor relying on empirical based points and arguments trying to make his conclusion about the economic implications of bitcoin. 

in this essay i use the perspective and intention of szabonian deconstruction, as well as our insights from doing the same with mises regression theorem, to highlight saifedean ammous’ nefarious use and wrapping of academic scholars work notably including mises, hayek, and nash as well as implicitly szabo and satoshi.  
  
further i highlight that saifedean's account of how money originated and how moneyness originates in objects is based on an anthropologically inconsistent argument with reference to jo walton, “the analogy between bitcoin and yapese stone money is based on proposed commonalities that are inaccurate, ill-defined, and/or trivial.“  
  
this essay then gives an example of how nefarious constructions can be ‘un-wrapped’ using szabonian deconstruction (properly framed inquiries) and it lays the beginning of my attempt to usefully frame an inquiry into the historical and cultural evolution of objects humanity has used as money as and money-like things (ie such proto-money, credit, wealth storage etc.).  
  
[https://github.com/jaltoorey/idealmoney/wiki/of-the-fatal-inconsistencies-in-saifedean-ammous'-bitcoin-standard](https://t.co/wx1it5qycr)",btc,en,1.0,0.0,1msdp1e,Bitcoin,,,,,,-0.5839
2025-08-17 03:02:14.587,117663.3727826123,,reddit,https://www.reddit.com/r/Bitcoin/comments/1msfrih/what_other_technology_will_replace_the_seed/,"what other technology will replace the seed phrase and risk losing everything? i believe in bitcoin but to be honest the amount of people that are not tech savvy will never ever use something that requires seed phrase and the risk of losing everything if they forget their seed phrase.  

i know it’s not complicated but the vast majority of people i speak with don’t buy crypto because of the confusing part of wallets",btc,en,1.0,49.0,1msfrih,Bitcoin,,,,,,-0.7684
2025-08-17 04:00:02.408,117784.9202897309,,reddit,https://www.reddit.com/r/Bitcoin/comments/1msg7d1/i_thought_some_people_might_get_a_kick_out_of/,"i thought some people might get a kick out of this story… about ten years ago i started a coin base account and bought some btc. 
i didn’t make any money and gave up on it. 
fast forward i keep getting emails saying i’m gonna lose my account and my earnings are up. i ask myself “earnings?” 
so i go through the hassle of figuring out how to login (it wasn’t too bad but i had to upload my drivers license again).
two days later after a manual approval of my license, i’m able to login. i’m hoping there’s a couple hundred bucks but i don’t want to get my hopes up. 
i get logged in and it says my btc balance is $60,000. 
i kept thinking it must be wrong so i screenshot it and sent it to a friend and he says he thinks it’s pretty clear.
so today i went from being broke to having over .5 btc.",btc,en,1295.0,260.0,1msg7d1,Bitcoin,,,,,,0.9331
2025-08-17 05:00:35.889,118146.94391682424,,reddit,https://finance.yahoo.com/community/post/9b6b70b7-1714-4eb0-89c0-a19d39bb44e4/,"the value investor's case for bitcoin this is a pretty differentiated argument that i hadn’t really seen elsewhere, so you might enjoy reading it if you haven’t seen it before.",btc,en,8.0,0.0,1mshbud,Bitcoin,,,,,,0.7624
2025-08-17 06:03:06.372,118082.79247968765,,reddit,https://finance.yahoo.com/community/post/9b6b70b7-1714-4eb0-89c0-a19d39bb44e4/,"the value investor's case for bitcoin this is a pretty differentiated argument that i hadn’t really seen elsewhere, so you might enjoy reading it if you haven’t seen it before.",btc,en,8.0,0.0,1mshbud,Bitcoin,,,,,,0.7624
2025-08-17 07:02:45.641,118027.58938661608,,reddit,https://www.reddit.com/r/Bitcoin/comments/1msjph9/cryptorefill_prepaid_visa_gift_card_legit/,"cryptorefill prepaid visa gift card legit? i'm trying to buy a prepaid visa gift card using btc, and bitrefill doesn't have any of them. i know that cryptorefill isn't so safe, but they are the only one that have visa cards. is it okay to buy?",btc,en,0.0,5.0,1msjph9,Bitcoin,,,,,,0.5567
2025-08-17 08:02:27.972,118094.96996974589,,reddit,https://ecency.com/hive-167922/@uyobong/taiwans-top-win-international-to-rebrand-to-asiastrategy-pioneer-bitcoin-treasury-strategy-jck,"taiwan’s top win international to rebrand to 'asiastrategy', pioneer bitcoin treasury strategy",btc,en,36.0,0.0,1mskwgs,Bitcoin,,,,,,0.7506
2025-08-17 09:00:50.982,118375.95123513404,,reddit,https://i.redd.it/l3vlt309jjjf1.jpeg,"a better configuration for bitcoin mining with miner control panel i actually had an idea when i visited bitcoin p2pool v2 project https://github.com/pool2win/p2pool-v2
so its kind of like combining gupaxx and awesome miner, but aimed at bitcoin with stratum v2. the concept is a stand-alone control platform that always uses sv2, so miners can control block templates without extra hassle. it bundles a datum template manager, an sv2 proxy with job negotiation, p2pool support, and a bitcoin full node into one gui. setup is simple: during onboarding you pick which backend to connect through sv2, local p2pool (bundled), the remote p2pool mesh, or an external sv2-compatible pool. the wizard would walk through node setup, p2pool config, and backend handshake, then auto-discover asics on the lan, log into their web interfaces with stored username/password, and push configs so they point to the software automatically.

like awesome miner, the gui would handle miner management in one place, showing hashrate, stale/orphan rates, latency, fee deltas, and accept/reject logs, while letting you group miners and assign different template policies. like gupaxx, everything would be bundled including the node, p2pool, and sv2, so even non-technical operators can run it out of the box. operators could choose from datum presets (max fees, low orphan, censorship-resistant, neutral) or create custom templates with rules for txid pinning, fee floors, package acceptance, or coinbase preferences. templates could be chained with failover (template1 → template2 → backend default → secondary backend), with watchdogs reverting automatically if stale/orphan budgets or mempool sanity checks are breached.

packaging could be either a stand-alone controller for people with their own node/p2pool, or a bundled suite ready to run on a mini-pc or node appliance (umbrel, start9os, linux flatpak). security would be built-in: tls for sv2 links, minimal rpc permissions, backup and restore of configs, and log retention controls. by enforcing sv2 and integrating with p2pool, variance smoothing stays intact while restoring transaction selection to miners, aligning closer to satoshi’s “1 cpu = 1 vote.” pools still validate and pay, but they no longer dictate transaction policy. it would look like the below image. the only reason imo miners saw p2pool to complicated and have no predictable income compared to centralized pool where the only thing they needed is a ui for them to work on plug and play.",btc,en,1.0,8.0,1mslk58,btc,,,,,,0.9884
2025-08-17 10:02:59.374,118348.89228201286,"ETH Poised for Bigger Gains Than BTC, According to This Indicator",news,,"eth poised for bigger gains than btc, according to this indicator",btc,en,,,,,,,,,,0.5267
2025-08-17 11:02:50.913,118359.5056951518,"ETH Poised for Bigger Gains Than BTC, According to This Indicator",news,,"eth poised for bigger gains than btc, according to this indicator",btc,en,,,,,,,,,,0.5267
2025-08-17 12:03:07.021,118384.92193419846,,reddit,https://www.reddit.com/r/Bitcoin/comments/1msomn9/using_ace_that_test_learning_techniques_to_try_to/,"'using ace that test learning techniques to try to pass bitcoin courses? dear readers,

  
i wrote this previous post i could link \[[what would be the best type or learning (factual knowledge) for this type of course - what was centred on reading articles ? : r/bitcoin](https://www.reddit.com/r/bitcoin/comments/1mq4l2s/what_would_be_the_best_type_or_learning_factual/)\] where a basically said - that i felt like i had problem implementing type learning technique - to be able to learn the answers to past the test.

  
about maybe two months ago- i tried to read a type book called 'ace that test' - which i just today - it actually has no type of official book summary up to date on the internet? so maybe i should make one?

'apart from myles aka python programmer trying to endorse the book?

  
from the contents the 3rd part of the book 'study strategies that work - is all about actual learning method.

  
retrieval practice,

  
page 64 reads

  
quote

""

  
'its really flexible , different ways

  
1 write it out -  blank sheet, write / sketch everything from your memory , not word to word, put info in your own words, come with own examples or connections

  
2 practice tests or quizzes - (well there already is a type of practice part on plan b network

  
3 flash cards - retrieve answer before slipping over

  
4 concept maps from memory 

  
5 studying from groups - made me think is there some kind of bitcoin discord discussion maybe,

""

end quote

  
[ace that test: a student's guide to learning better — the learning scientists](https://www.learningscientists.org/ace-that-test-a-students-guide-to-learning-better)

  
hearing 

i spent about 10mins on this 

feel as if not best now to try te attempt the plan b first course,",btc,en,0.0,0.0,1msomn9,Bitcoin,,,,,,0.9355
2025-08-17 13:02:11.175,118185.47472943664,Ethereum vs. Bitcoin: Here’s why ETH can be a better 2025 risk-on pick,news,,ethereum vs. bitcoin: here’s why eth can be a better 2025 risk-on pick,btc,en,,,,,,,,,,0.4404
2025-08-17 14:02:36.364,118451.62072881313,,reddit,https://www.reddit.com/r/Bitcoin/comments/1msroz4/can_someone_explain_blockchain_like_bitcoin_in/,"can someone explain blockchain (like bitcoin) in detail — from simple flow to technical depth? i’ve been reading about blockchain/bitcoin, and i get the high-level idea, but i’d like to understand the full flow in detail — both simple explanation and technical terms.

for example, if alice sends 1 btc to bob, i want to know step by step:

* how transactions are created and signed with private/public keys
* how they’re broadcast to the network and stored in mempool
* how miners pick transactions and form a block
* how the nonce is generated and tested against the target difficulty
* who decides/assigns this target value (and how difficulty adjusts)
* how proof of work ensures consensus
* how the block is validated by other nodes and added to the chain
* how immutability is maintained (e.g., why changing one block breaks the whole chain)

basically, i’d love a “from scratch to end” explanation — starting simple, but also covering the technical depth (nonce, hashing, difficulty, etc.).

any clear explanation, analogies, or flowcharts would be super helpful 🙏",btc,en,5.0,11.0,1msroz4,Bitcoin,,,,,,0.8765
2025-08-17 15:02:16.029,118213.36966862572,,reddit,https://fundme.cash/campaign/54,"we’re so close! chapa bch moçambique just needs 3.86 bch to make peer-to-peer rides a reality hey bch family,

after months of work, our chapa bch moçambique campaign is now 77.32% funded. that means there’s just 3.86 bch left between us and bringing peer-to-peer, bch-powered rides to the streets of maputo and matola.

this project isn’t just about transport — it’s about showing real people here that bch can be money they use every day, for something as simple and essential as getting a ride across town.

we’re almost at the finish line, and i can’t wait to put the first chapa bch vehicle on the road, branded and ready to accept bch for payments.

if you believe in bch adoption and want to see it in action, please consider helping us cross the line:
https://fundme.cash/campaign/54

every bit of support, whether pledging or sharing, brings us closer to making history here.

let’s do this together — bch is bitcoin, and it belongs on the streets! 💚",btc,en,12.0,0.0,1mssrw4,btc,,,,,,0.9323
2025-08-17 16:03:18.243,118303.92136200068,,reddit,https://www.reddit.com/r/CryptoMarkets/comments/1msuc9n/buying_bitcoin_at_ath_long_term_play/,"buying bitcoin at ath long term play im a foreign investor and most of my portfolio is in usd or us stocks.its js a bit scary to see the usd weakens drop by that much in such a small time frame but im not gonna talk about that

im just wondering if its a good idea for like 5-10 years time frame to js adjust my portfolio and dca more into btc (or eth) rather than us markets.

what do u guys think is the long term ceiling for btc.

im not really looking for a crazy 2x return, as long as it do similar to my stock portfolio i wouldnt mind tbh which is around (11%) annually",btc,en,0.0,4.0,1msuc9n,CryptoMarkets,,,,,,0.251
2025-08-17 17:00:26.969,118019.8398813304,,reddit,https://www.youtube.com/watch?v=9KEAPGtJWMk,live the bitcoin cash podcast #157: bch blaze & layla lock-in feat. jonathan silverblood,btc,en,16.0,0.0,1msw8dh,btc,,,,,,0.0
2025-08-17 18:03:13.393,117975.7857182899,,reddit,https://www.benzinga.com/crypto/cryptocurrency/25/08/47174876/could-bitcoin-really-hit-280000-in-2025-this-legendary-trader-thinks-so?utm_source=coingecko&amp;utm_campaign=partner_feed&amp;utm_medium=partner_feed&amp;utm_content=site,"could bitcoin really hit $280,000 in 2025? this legendary trader thinks so",btc,en,0.0,18.0,1msxu3c,CryptoCurrency,,,,,,0.0
2025-08-17 19:02:14.870,117800.3890012445,,reddit,https://www.reddit.com/gallery/1msz9gw,"in uk, this is what happens when you try to buy bitcoin (monzo) cross posted this on r/btc and absolutely gone mental. this is when i tried to deposit £6.5k to kraken to buy btc. the “fintech” bank monzo froze my account and asking me my entire crypto history.",btc,en,511.0,209.0,1msz9gw,CryptoCurrency,,,,,,0.0
2025-08-17 20:03:19.090,117659.9232573146,,reddit,https://cointelegraph.com/news/us-fund-bitcoin-strategic-reserve-tariff-surplus?utm_source=feedly_feed&utm_medium=rss&utm_campaign=rss_partner_inbound,us should fund bitcoin strategic reserve with tariff surplus,btc,en,0.0,23.0,1mt0miy,CryptoCurrency,,,,,,0.0
2025-08-17 21:02:23.419,117744.57938981004,,reddit,https://www.reddit.com/r/btc/comments/1mt1pac/is_august_2025_still_a_good_time_to_buy_bitcoin/,"is august 2025 still a good time to buy bitcoin before the cycle peak? opinions wanted hi everyone,

i’ve been researching **bitcoin market cycles**, which seem to follow the halving events (every \~4 years). the last halving was in april 2024, and historically bitcoin tends to rally for 12–18 months after, usually reaching a **cycle peak** before entering a longer bear market.

some analysts suggest the **peak of this current cycle could happen around october–november 2025**. that got me thinking:

* right now, it’s **august 2025**, and we’re clearly in the bullish phase.
* if i buy now, theoretically there’s still room to grow before that potential peak.
* but after the peak, we could be facing a big correction (like in 2014, 2018, and 2022).

so my questions for you:

* do you think **august 2025 is still a good entry point for btc**?
* what kind of **exit strategies** do you recommend to avoid getting stuck in the next bear market?
* is it smarter to do **take-profit gradually before november**, or just keep holding until the next halving in 2028?

i’d love to hear your thoughts — i know this community has both long-term holders and active traders, so different perspectives would be super helpful.

thanks in advance",btc,en,5.0,52.0,1mt1pac,btc,,,,,,0.9884
2025-08-17 22:03:22.102,117792.21371595123,,reddit,https://www.reddit.com/r/Bitcoin/comments/1mt3xvx/gold_in_the_bank_is_better_than_gold_in_the/,gold in the bank is better than gold in the mountain so people say i'd rather gold in the bank than gold in the mountain. but what would you say for bitcoin? i'd rather bitcoin on the hardware wallets than bitcoin on the? is bitcoin a bitcoin before it gets mined and if not what is it?,btc,en,2.0,14.0,1mt3xvx,Bitcoin,,,,,,0.3591
2025-08-17 23:01:54.800,118004.76868885547,,reddit,https://www.reddit.com/r/Bitcoin/comments/1mt5afy/for_beginners_binance_vs_bybit_which_is_better_to/,"for beginners: binance vs bybit – which is better to start with? i’m pretty new to crypto and looking into where to start my first bitcoin purchase. like most people, i first thought about using binance, since it’s the biggest exchange.

but while searching around, i found this article comparing binance and bybit: [https://st4007.com/entry/my-honest-experience-why-i-ended-up-using-bybit-instead-of-binance](https://st4007.com/entry/my-honest-experience-why-i-ended-up-using-bybit-instead-of-binance)

the article mentions that binance has some downsides for beginners, like stricter kyc, complicated menus, and the fact that in the us you can only use [binance.us](http://binance.us) (which has fewer features). on the other hand, bybit seems to have a simpler interface and feels more beginner-friendly overall.

after reading it, i feel like bybit might actually be easier for someone just starting out.

what do you guys think? if you were starting from zero today, would you choose binance or bybit?",btc,en,0.0,2.0,1mt5afy,Bitcoin,,,,,,0.963
2025-08-18 00:02:30.727,117519.35606632657,,reddit,https://www.reddit.com/r/Bitcoin/comments/1mt61p9/buying_bitcoin_on_robinhood/,buying bitcoin on robinhood? i started buying bitcoin using the robinhood app. is there a better app to use before i keep buying more?,btc,en,9.0,7.0,1mt61p9,Bitcoin,,,,,,0.504
2025-08-18 01:03:14.591,117293.77662722742,,reddit,https://www.youtube.com/watch?v=KmGtosp31Jo&ab_channel=WisdomofBitcoin,the mind of satoshi: a philosopher behind bitcoin,btc,en,10.0,1.0,1mt7krn,Bitcoin,,,,,,0.0
2025-08-18 02:02:53.312,116457.32687457414,,reddit,https://www.youtube.com/watch?v=KmGtosp31Jo&ab_channel=WisdomofBitcoin,the mind of satoshi: a philosopher behind bitcoin,btc,en,10.0,1.0,1mt7krn,Bitcoin,,,,,,0.0
2025-08-18 03:01:30.899,115762.72294417131,,reddit,https://www.ainvest.com/news/bitcoin-news-today-bitcoin-mining-profitability-jumps-2-price-hashrate-rise-7-5-2508/,bitcoin mining profitability jumps 2% as price and hashrate rise 7% and 5%,btc,en,9.0,4.0,1mta66l,CryptoCurrency,,,,,,0.2732
2025-08-18 04:02:43.252,115355.15362701364,,reddit,https://i.redd.it/1a9tx45d5pjf1.png,bitrefill currently unable to accept btc payments maybe they should try bitcoin cash.,btc,en,7.0,20.0,1mtb1fb,btc,,,,,,0.3818
2025-08-18 05:03:07.777,115582.3976504446,,reddit,https://www.reddit.com/r/Bitcoin/comments/1mtcir4/bitcoin_is_on_sale/,"🔥 bitcoin is on sale 🔥 just bought the dip.

have a great week ladies and gents!

stay humble, keep stacking.",btc,en,216.0,33.0,1mtcir4,Bitcoin,,,,,,0.6588
2025-08-18 06:03:32.999,115677.2437142178,,reddit,https://inbitcoinwetrust.substack.com/p/the-iphones-architects-are-fixing,the iphone's architects are fixing bitcoin's biggest problem: inside proto's $100 million bet to remake an industry.,btc,en,5.0,1.0,1mtdkcp,CryptoMarkets,,,,,,-0.4019
2025-08-18 07:03:21.362,115295.02327023853,,reddit,https://www.reddit.com/r/Bitcoin/comments/1mtemah/beginner_buyer/,"beginner buyer hi all!

i am a first time bitcoin buyer and with this post i am looking for tips and tricks.
i dont have alot of wealth so i would like to deposit $5 into bitcoin everyday.

- which platform is the easiest to use?
- and do i have to setup other things before i am getting started?

i appreciate your time for reading my post and appreciate your help.",btc,en,4.0,10.0,1mtemah,Bitcoin,,,,,,0.9435
2025-08-18 08:03:48.982,115338.9847735173,,reddit,https://proofofwords.beehiiv.com/p/bitcoin-hits-124-000,"bitcoin hits $124,000 & soon you might get to hold it in your 401(k) # tl;dr

* president trump signed an executive order that would enable alternative investments, such as bitcoin and other digital assets, to be added to 401(k) plans. 
* bitcoin reacted extremely positively, reaching a new all-time high and surpassing $124,000 for the first time. 
* bitcoin treasury companies continue their bitcoin allocation run, now holding over 1.85 million btc combined.",btc,en,3.0,0.0,1mtfurr,Bitcoin,,,,,,0.8059
2025-08-18 09:00:27.213,115197.40503646056,Ether ETFs smash records as crypto products see $3.75B inflows,news,,ether etfs smash records as crypto products see $3.75b inflows,btc,en,,,,,,,,,,0.0
2025-08-18 10:03:03.017,115074.7800568399,BlackRock and Ethereum Drive Crypto Inflows to $3.75 Billion,news,,blackrock and ethereum drive crypto inflows to $3.75 billion,btc,en,,,,,,,,,,0.0
2025-08-18 11:02:25.005,115124.87334587988,,reddit,https://www.reddit.com/r/Bitcoin/comments/1mtis47/just_dropped_hodl_through_the_storm_the_reggae/,"just dropped: ""hodl through the storm"" - the reggae anthem every bitcoiner needs to hear finally, someone made a song that actually gets what it's like to hodl through the chaos.
""printer go brrr, but my soul stay calm"" 🧘‍♂️
this track hits different when you're stacking sats and watching the world lose its mind. the part about cbdcs being ""digital prison"" is pure truth.
real reggae vibes with actual bitcoin philosophy. not some cringe crypto rap - this is legit music that happens to understand our struggle.
""pain is the price that freedom pay""
anyone else feel this in their soul? 💎🙌

pure gem:
https://youtu.be/qnfwy1zbiaq",btc,en,3.0,1.0,1mtis47,Bitcoin,,,,,,-0.7096
2025-08-18 12:00:38.558,115044.56004926866,,reddit,https://www.msn.com/en-us/money/savingandinvesting/uk-must-change-bitcoin-rules-to-catch-up-with-trump/ar-AA1KJe9l?ocid=finance-verthp-feeds,uk must change bitcoin rules to catch up with trump,btc,en,40.0,32.0,1mtjw47,CryptoCurrency,,,,,,0.0
2025-08-18 13:02:19.735,115527.0309311352,,reddit,https://www.reddit.com/r/Bitcoin/comments/1mtkbk1/great_grandma_is_taking_lifestyle_chips/,"great grandma is taking lifestyle chips. a couple of years ago i convinced my mum (the great grandmother in our family. she's now 75.)
i convinced her that bitcoin was a good idea however old you are. i advised her to spend on bitcoin what she would normally fritter away on her amazon delivery addiction. i got her set up on an exchange and she started saving. within 12 months she'd put in around 2k.
she then lost her password, then her email account and then dropped her phone in the toilet. all these things meant she was locked out for a while.
a few days ago, almost 12 months after being locked out of her account i managed to get her access to the bitcoin and everything sorted. 
anyway, the new outlook she has for life and the smile on her face now that she has well over 7k to play with makes me happy. she's now booking a holiday and making other plans that were not feasible 12 months ago. 
she's also started buying more bitcoin. £25 a week. 
she possibly won't be around to see bitcoin take over the world but it's already made a big difference to hers.
and being locked out of her exchange account has prompted her to get a cold storage device.
75! go on mum! 😎",btc,en,154.0,22.0,1mtkbk1,Bitcoin,,,,,,0.9353
2025-08-18 14:02:13.194,114995.26995245655,,reddit,https://www.keranews.org/news/2025-08-18/north-texas-hood-county-vote-incorporate-bitcoin-mine,rural north texans continue push for vote to regulate nearby bitcoin mine,btc,en,19.0,3.0,1mtlksw,Bitcoin,,,,,,0.0
2025-08-18 15:02:12.018,115648.19465225624,,reddit,https://www.reddit.com/r/CryptoMarkets/comments/1mtnugl/q4_buys_whats_your_favourite_alts/,"q4 buys - what’s your favourite alts? as we’re nearing the final quarter of the year, it’s difficult to predict what’s to come in the crypto space.

some believe we’ve hit the top, most are eagerly awaiting an ‘alt season’.

if you’re considering topping up, or holding on tight - what are your top alts?

aside from eth and btc, most of my holdings are in link, sui, hbar and algo.",btc,en,51.0,128.0,1mtnugl,CryptoMarkets,,,,,,0.5169
2025-08-18 16:03:21.565,116256.12045700088,,reddit,https://www.reddit.com/r/CryptoCurrency/comments/1mtq6rf/bitcoiners_and_debating/,"bitcoiners and debating bitcoiners love debating the complexity of bitcoin, but i approach it from a different angle,.

. the truth is, the more complex a system becomes, the less efficient it tends to be, and complexity almost always invites new vulnerabilities. that’s one of the main reasons why elon musk has openly distanced himself from promoting bitcoin as a practical payment network. 

instead of praising complexity for its own sake, we should question whether simplicity, efficiency, and resilience are actually the real strengths a currency should aim for.",btc,en,0.0,55.0,1mtq6rf,CryptoCurrency,,,,,,0.9709
2025-08-18 17:02:48.704,116083.85779306894,,reddit,https://i.redd.it/qmzmf1hq3tjf1.jpeg,study bitcoin💪⛏️📈🚀,btc,en,638.0,22.0,1mtr9r7,Bitcoin,,,,,,0.0
2025-08-18 18:03:17.580,116717.50032215302,,reddit,https://www.reddit.com/r/Bitcoin/comments/1mttgtc/15mil_btc_remain_what_will_yourkid_and_great/,1.5mil btc remain. what will your-kid and great great grand childrens think of you?? in 2140 i hope my family tree appreciates how much i hodl lol 😎. i need a picture in all there homes.,btc,en,195.0,82.0,1mttgtc,Bitcoin,,,,,,0.9664
2025-08-18 19:03:07.996,116612.61591671837,,reddit,https://www.reddit.com/gallery/1mtv5c6,your daily bitcoin breakdown newsletter is now live. check out today’s top stories and a sneak peek at the latest quick bits snippets. full issue link is in the comments.,btc,en,25.0,1.0,1mtv5c6,Bitcoin,,,,,,0.2023
2025-08-18 20:02:47.066,116359.64918942218,,reddit,https://i.redd.it/16nyk94k1ujf1.jpeg,"study bitcoin 💪🏼 (better version + video) she has a free half hour long video overview of the book on youtube with some really awesome animations. 

https://youtu.be/jk_hwmmwias?si=sft36nmjrfvzo5tq

copying post i saw about the bitcoin standard. i never read it but i take it the broken money is much better. 
it’s a long book but definitely worth the read. i work in finance and this really helped me to think outside the current system and understand money differently. it addresses common concerns.",btc,en,48.0,4.0,1mtwica,Bitcoin,,,,,,0.8572
2025-08-18 21:02:34.740,116467.14070857808,"BitMine accumulates $6.6B in ETH, rivaling BTC treasury companies",news,,"bitmine accumulates $6.6b in eth, rivaling btc treasury companies",btc,en,,,,,,,,,,0.2023
2025-08-18 22:01:27.625,116713.43762065737,,reddit,https://www.reddit.com/r/Bitcoin/comments/1mtzgmb/i_dont_believe_in_bitcoin_mass_adoption/,"i don't believe in bitcoin mass adoption. coming from a rural irish setting, the majority of people here have zero financial literacy. 

people look at bitcoin as some mysterious voodoo magic. sure lots of people have heard about some old lost cousin that made a bag buying the funny computer coins, but you'd get laughed at for implying bitcoin is anything other than just that.

people here hold their life savings in their bank accounts and dont even consider the effects inflation has. risk tolerance is extremely low.

from my point of view, direct adoption of bitcoin is impossible here. i genuinely don't see any future for it. 

would i be wrong in saying the above applies to a massive majority of the world?


nevertheless, i've been dcaing €50/w for a while now, and i've just bought a trezor safe 3. just because i believe bitcoin has no genuine or practical use, doesn't mean i believe it won't go up in value. 

if bathwater can be sold to people for ridiculous prices, im sure i can sell my bitcoin to fomos in a few decades.

im in my 20s. i can afford to fuck around and maybe get a nice roi.",btc,en,0.0,57.0,1mtzgmb,Bitcoin,,,,,,0.1681
2025-08-18 23:02:51.292,116445.12054707026,,reddit,https://www.reddit.com/r/CryptoMarkets/comments/1mu13ck/is_the_best_advice_for_a_beginner_to_just_put/,is the best advice for a beginner to just put money into bitcoin? i’ve been trying to really understand and study crypto and it seems like the most suggested advice is to just throw money here and there at bitcoin and let it do its thing. i don’t have thousands of dollars to dump into it either but i can set aside a small amount every month. what do you guys suggest? be gentle.,btc,en,13.0,39.0,1mu13ck,CryptoMarkets,,,,,,0.7757
2025-08-19 00:06:58.562,116315.1187900144,,reddit,https://www.youtube.com/watch?v=Il7rY-AfTXE&ab_channel=WisdomofBitcoin,the hidden happiness of bitcoin mining: a utilitarian revolution,btc,en,0.0,1.0,1mu2y5h,Bitcoin,,,,,,0.5574
2025-08-19 01:02:57.300,116578.69611080748,,reddit,https://www.reddit.com/r/BitcoinMarkets/comments/1mu3zrr/any_news_about_balances_on_otc_desks_since_early/,"any news about balances on otc desks (since early august)? for those who might not know, big institutions like strategy and blackrock buy their bitcoin 'over the counter' (otc desks). large trades such as these are not done on exchanges, and hence it doesn't affect the price. for eg, we recently heard about the [$9 billion sale of btc](https://www.cryptoninjas.net/news/galaxy-digital-offloads-9-billion-in-bitcoin-without-triggering-a-crash/) without really moving the price on the exchanges at all. 

experts can correct me if i'm wrong, but my understanding of how this works is as follows: these otc desks connect large whales (buyers and sellers) and execute the trade using the price on the exchanges at the time of the trade. for eg if the price on the exchange is $120k, the otc trade will be carried out at this price without really affecting the price on the exchanges at all. 

now the question is, what happens when the otc supply runs out, i.e. when there are no sellers left (at the current price). the balance on otc desks has dropped sharply, about 75% from over 400,000 coins to just above 150,000 coins. not all the coins on the exchanges are for sale. when the demand outstrips the supply, whales will have to buy on open exchanges. this will create a [supply shock](https://cointelegraph.com/news/bitcoin-demand-shock-uncork-btc-price-otc-desks-run-dry) (what everyone has been talking about for years). 

what will a supply shock look like? well, there will be sudden increases in price, and with every new high (125k, 130k... 200k) we'll continue to see more and more sellers. the supply will never be zero, but the point is - the demand will be much much higher. 

i'm curious to know if anyone here has done more research on this, and can add or correct anything that i've written. i believe any further insight will benefit the community.",btc,en,16.0,9.0,1mu3zrr,BitcoinMarkets,,,,,,0.782
2025-08-19 02:02:55.046,115840.82295104748,,reddit,https://www.ainvest.com/news/ethereum-news-today-ethereum-surpasses-bitcoin-crypto-inflows-time-2025-2508/,ethereum news today: ethereum surpasses bitcoin in crypto inflows for first time in 2025,btc,en,31.0,0.0,1mu5h1p,CryptoMarkets,,,,,,0.0
2025-08-19 03:03:27.066,115739.4171306688,,reddit,https://coinstats.app/news/429e380224a1be5180d274484a7d9f7226ac8ed9394c14f124dc24eb2420a191_Japan-Construction-Company-LibWork-to-Buy-%243.4M-Bitcoin/,japan construction company libwork to buy $3.4m bitcoin,btc,en,60.0,3.0,1mu6hfo,CryptoCurrency,,,,,,0.0
2025-08-19 04:02:33.984,114853.79567274198,,reddit,https://www.reddit.com/r/CryptoMarkets/comments/1mu84wo/to_hodl/,"to hodl? i am new to crypto, so am very much in the learning mode. i am invested in: eth, btc, sol, xrp, link, ondo. this being said, the crypto market will be at 18 months post halving around october 20, 2025. that is just a couple of months from now, which is why i am interested in learning the communities’ thoughts on hodl’ing vs dca’ing out and then dca back in around july 26th, 2027 which will be about 6 months prior to the next halving. which method do you use or recommend using? why?",btc,en,5.0,13.0,1mu84wo,CryptoMarkets,,,,,,0.6946
2025-08-19 05:03:04.816,115310.2293257762,,reddit,https://www.reddit.com/r/Bitcoin/comments/1mu8qif/will_aisb_can_create_a_new_better_bitcoin_by_2035/,"will ai+sb can create a new better bitcoin  by 2035 a human with “basic or precarian tech“ created bitcoin in 2009 , will ia+somebody will create something better in 10 years ? what if brics create  a digital currency ?",btc,en,0.0,10.0,1mu8qif,Bitcoin,,,,,,0.9092
2025-08-19 06:02:28.348,115021.97815753656,,reddit,https://www.reddit.com/r/Bitcoin/comments/1mua64g/best_examples_of_explaining_bitcoin/,"best examples of explaining bitcoin? i saw a post earlier saying that they’re done explaining bitcoin, but keen to hear ways people go about explaining bitcoin people who don’t even understand the fiat system.",btc,en,5.0,11.0,1mua64g,Bitcoin,,,,,,0.705
2025-08-19 07:02:51.797,114985.89568101108,,reddit,https://read.cash/@alberdioni8406/seventeen-years-ago-satoshi-registered-bitcoinorg-the-vision-lives-on-in-bitcoin-cash-a90444ba,"seventeen years ago, satoshi registered bitcoin.org — the vision lives on in bitcoin cash",btc,en,7.0,0.0,1mub6dn,btc,,,,,,0.25
2025-08-19 08:01:05.724,115011.33437220615,,reddit,https://read.cash/@alberdioni8406/seventeen-years-ago-satoshi-registered-bitcoinorg-the-vision-lives-on-in-bitcoin-cash-a90444ba,"seventeen years ago, satoshi registered bitcoin.org — the vision lives on in bitcoin cash",btc,en,7.0,0.0,1mub6dn,btc,,,,,,0.25
2025-08-19 09:00:29.123,115244.10458929572,,reddit,https://www.cointribune.com/en/bitmine-becomes-the-second-largest-corporate-crypto-treasury-behind-strategy-btc/,bitmine becomes the second largest corporate crypto treasury behind strategy btc,btc,en,25.0,6.0,1mud23m,CryptoCurrency,,,,,,0.2023
2025-08-19 10:00:58.919,115371.1864707095,,reddit,https://i.redd.it/3imhu1705yjf1.jpeg,just sent my client the invoice - paid in bitcoin!,btc,en,453.0,142.0,1mudrri,Bitcoin,,,,,,0.0
2025-08-19 11:01:41.387,115429.166184709,,reddit,https://www.reddit.com/r/btc/comments/1muf3yq/where_can_i_buy_bitcoin_at_the_price_its_at/,"where can i buy bitcoin at the price it's at? i don't know how to phrase the question so that's what you're getting..

kraken says bitcoin is at 115000 then sells it to me at 116200.

paypal does the same. robinhood does the same.

where can buy at the actual price without the exchange jacking it up?

strike? river?",btc,en,0.0,18.0,1muf3yq,btc,,,,,,-0.3527
2025-08-19 12:02:45.234,115559.44716650812,,reddit,https://cointelegraph.com/news/401-k-crypto-retirement-plans-bitcoin-etf-analyst,crypto in us 401(k) retirement plans may drive bitcoin to $200k in 2025,btc,en,121.0,31.0,1mufyir,CryptoCurrency,,,,,,0.0
2025-08-19 13:01:52.658,115599.61514159056,,reddit,https://cointelegraph.com/news/401-k-crypto-retirement-plans-bitcoin-etf-analyst,crypto in us 401(k) retirement plans may drive bitcoin to $200k in 2025,btc,en,121.0,31.0,1mufyir,CryptoCurrency,,,,,,0.0
2025-08-19 14:02:31.238,115239.4878544111,,reddit,https://www.reddit.com/r/Bitcoin/comments/1mui1h8/what_happened_to_btcmoney_supply_correlation/,"what happened to btc-money supply correlation charts there were a lot of posts related to bitcoin lagging money supply and predictions based on that, is that still hold true?",btc,en,0.0,4.0,1mui1h8,Bitcoin,,,,,,0.1779
2025-08-19 15:02:29.349,114004.886662076,,reddit,https://i.redd.it/bjmlee8dpzjf1.jpeg,bitcoin just dropped below $114k. no idea who is selling right now.,btc,en,0.0,35.0,1mukp52,btc,,,,,,-0.296
2025-08-19 16:02:40.464,113820.33698581932,,reddit,https://i.redd.it/0s6u25x310kf1.png,"it's been 1,378 days since the last eth ath, and 5 days since the last btc ath",btc,en,338.0,89.0,1mumjvt,CryptoCurrency,,,,,,0.0
2025-08-19 17:01:02.973,113404.06193584246,,reddit,https://www.reddit.com/r/Bitcoin/comments/1muo6kj/accepting_btc_for_business/,"accepting btc for business i own a medical practice and want to accept btc as a payment option. any other business owners have any experience on this?

also, buy the gd dip. thx.",btc,en,4.0,11.0,1muo6kj,Bitcoin,,,,,,0.7906
2025-08-19 18:00:55.792,113494.55052097653,,reddit,https://www.reddit.com/r/Bitcoin/comments/1mupdb5/have_you_learned_to_love_the_corrections_yet/,"have you learned to love the corrections yet? if bitcoin were to shoot upwards without correction during the bull markets, then the degens (leveraged speculative traders) would capture massive gains in bitcoin with their leveraged longs. 

but they would sell to capture these massive gains - pulling wealth out of our community to hold dirty fiat. 

these brutal corrections are a gift to the hodlers. they transfer wealth from the traders to the hodlers. if the speculators win, wealth is transferred from hodlers to the traders. a true hodler shouldn't mind the volatility. if the price goes up too much at once, it encourages selling. we want slow and steady gains with regular corrections. 

corrections are healthy.

love the volatility. 

hodl is the holy grail.",btc,en,74.0,28.0,1mupdb5,Bitcoin,,,,,,0.9911
2025-08-19 19:05:35.423,112832.75554814276,,reddit,https://www.reddit.com/r/Bitcoin/comments/1murng2/bitcoin_is_dead_someone_in_2023/,"""bitcoin is dead"" someone in 2023 i stumbled upon someone in 2023 who said that bitcoin is dead and ""its not smart to invest"" only because i said im a daytrader and he asked me what to invest. his loss, really🤣🤭",btc,en,37.0,19.0,1murng2,Bitcoin,,,,,,-0.921
2025-08-19 20:02:42.362,113271.63940944368,,reddit,https://www.reddit.com/r/CryptoMarkets/comments/1musx7o/up_150k_ytd_how_do_you_lock_in_profit_without/,"up +150k ytd... how do you lock in profit without killing momentum i came into 2025 cautious, scalping btc/eth pairs and dipping into a couple mid-caps. the real move happened when momentum lined up in sol, inj, and near. those positions ran harder than i expected and suddenly my account showed +150k year-to-date.

instead of holding everything, i trimmed about 40% of my alt positions, rotated a good portion into bitcoin, and parked roughly 25% in usdc. it wasn’t about bragging or timing the top, more about not letting one bad candle erase months of work. i’ve seen too many people ride profits back down to zero.

my question for people here who’ve been through this: how do you approach a run like this? do you set hard cash-out percentages, like pulling 20% at certain milestones, or do you rebalance into safer assets as the market shifts? my biggest fear right now is giving back profit rather than missing new upside.

curious what frameworks or rules you use once you’ve had a big green run. do you start taking money out into fiat, or just keep compounding inside crypto? i want to build consistency, not just have a lucky streak.",btc,en,13.0,7.0,1musx7o,CryptoMarkets,,,,,,0.976
2025-08-19 21:02:24.159,113497.50086327353,,reddit,https://www.reddit.com/r/CryptoMarkets/comments/1muumvo/if_btc_is_digital_gold_whats_cryptos_cash/,"if btc is digital gold, what’s crypto’s cash? if we treat btc like digital gold (store of value, not really for fast spending), what’s your go-to **cash** in crypto? what do you actually use to move money, pay people, or park funds short-term: usdc/usdt, eth, sol, core, avax, even meme coins?

not counting fiat. i’m curious what you use as everyday money and why. fees, speed, wallet support, merchant acceptance, etc. also, where do you actually use it besides paying online (p2p, remittances, irl merchants, tip bots, gaming)?",btc,en,2.0,52.0,1muumvo,CryptoMarkets,,,,,,0.9344
2025-08-19 22:02:24.396,113414.51430137384,,reddit,https://www.reddit.com/r/btc/comments/1muwe4q/guy_who_sold_part_of_his_bitcoin_to_renovate_his/,"guy who sold part of his bitcoin to renovate his house i recently saw a story about a guy who sold part of his bitcoin to renovate his house — and he said he feels no regret at all.

it made me think: maybe it’s not always about leaving this world with the biggest wallet, but about actually using some of those gains to improve your life today.

life is short. use your gains wisely.

what do you guys think — would you ever cash out part of your stack for something like this, or would you hold no matter what?",btc,en,134.0,132.0,1muwe4q,btc,,,,,,0.9161
2025-08-19 23:00:35.729,113170.10811534988,,reddit,https://i.redd.it/uxfb13vf32kf1.jpeg,thank you bitcoin,btc,en,442.0,69.0,1muxw7z,Bitcoin,,,,,,0.3612
2025-08-20 00:02:24.721,112896.32534645071,,reddit,https://www.reddit.com/r/Bitcoin/comments/1muzgd0/ups_and_downs/,"ups and downs don’t pull out the pitchforks, but i am very new to this and only have a little bit of skin in the bitcoin game, but i know it was pretty consistent up and downs, and then the huge spike to 124k and now down to 112k, what causes this? i know it’s pretty normal and will just wait it out for the long haul, but is there any particular reason ? sorry if it’s a shitty question but won’t know unless i ask",btc,en,5.0,11.0,1muzgd0,Bitcoin,,,,,,0.7622
2025-08-20 01:00:37.645,113221.30878378011,,reddit,https://www.reddit.com/r/CryptoMarkets/comments/1mv0eyh/what_do_you_guys_think_will_be_the_price_of_btc/,"what do you guys think will be the price of btc in june 2027 just a weird question, what do people really expect about bitcoin 2 years from now. ive been trading for almost 2 years now, i just calculated my loss and win. it turns out that my profit is definitely higher on holding. so i want to find out what do you guys think the price will be. if i hold it 2 years",btc,en,1.0,40.0,1mv0eyh,CryptoMarkets,,,,,,0.7987
2025-08-20 02:00:43.860,113038.63562802887,,reddit,https://www.reddit.com/r/Bitcoin/comments/1mv21l5/buying_the_dip_will_btc_really_reach_1m/,"buying the dip: will btc really reach $1m? every time bitcoin drops, i keep adding more to my stack. my long-term belief is that btc will eventually reach $1,000,000, but i know the journey is full of volatility and uncertainty.

what’s your strategy during these market swings? do you buy the dip, hold, or wait for more confirmation?

i’d love to hear how the community approaches risk management while staying bullish on btc. 🚀",btc,en,116.0,107.0,1mv21l5,Bitcoin,,,,,,0.5233
2025-08-20 03:02:13.328,113436.86955390326,,reddit,https://www.reddit.com/r/Bitcoin/comments/1mv2lu9/questions_about_bitcoin/,"questions about bitcoin i don't own bitcoin yet, but i've recently become interested.



1. if all but one piece of hardware storing the bitcoin blockchain network were destroyed, would it be possible to recover all blockchain network data using just that one piece? how long would that take?



2. if a coin with a fixed issuance amount and a more efficient blockchain network than bitcoin were to emerge, wouldn't bitcoin's value fall from its current level?



3. as technologies like quantum computers advance, won't blockchain technology also face the risk of security hacking?



once these three questions are answered, i'm ready to invest in bitcoin.",btc,en,0.0,10.0,1mv2lu9,Bitcoin,,,,,,0.8672
2025-08-20 04:02:17.509,113499.88101366493,,reddit,https://i.redd.it/2xn3f64ak3kf1.png,"btc is a decade behind, bch is the solution time and the fundamentals are showing that the big blockers saved bitcoin by making the decision to fork away into bitcoin cash during the banker/state infiltration in 2017.",btc,en,0.0,72.0,1mv4fdz,btc,,,,,,0.6249
2025-08-20 05:00:47.331,113576.63342572509,,reddit,https://www.reddit.com/r/btc/comments/1mv5kdv/the_only_way_to_find_out_the_value_of_money_is_to/,"the only way to find out the value of money is to (try and) spend it. this obviously relates to bitcoin as well as traditional money.

but when i did have this thought last night, it wasn't primarily inspired by bitcoin - it was because i need to purchase some imported equipment for construction, and i was thinking about how much i needed to spend on that, and how the value of my currency related to the value of the products i was going to buy.

and how prices - especially for construction materials - keep going up and up. 

we (society in general) have practically come to accept this inflation as ""normal"". most people are resigned to thinking they can't do anything about this.

but we can.

bitcoin came along to help us. to fix money.

and bitcoin has already improved many peoples' lives (i'll skip those who stupidly gambled away fortunes against constant better advice not to invest more than they can safely lose).

bottom line:

a bitcoin that you can't spend on things you need, is useless, and you'll find that out when you need to spend, which we all need to do at some points in life. unless you're some hermit in which case you likely don't need bitcoin, in which case congratulations for moving past a money-based economy but please explain how society in general with division of labor can work without some accounting in a wider economy.",btc,en,16.0,16.0,1mv5kdv,btc,,,,,,0.9718
2025-08-20 06:01:46.002,113712.34453532856,,reddit,https://bitcoinore.com/am-i-too-late#scarcity,"right now, about 450 bitcoin are mined every day. in the final 70 years leading up to 2140, only around 450 bitcoin in total will be mined, roughly equal to a single day's output today. what feels ""expensive"" now will one day look laughably cheap to future generations.",btc,en,155.0,8.0,1mv6kwl,Bitcoin,,,,,,0.296
2025-08-20 07:02:32.058,113616.7780659848,,reddit,https://beincrypto.com/is-microstrategys-bitcoin-flywheel-facing-its-first-real-stress-test/,is microstrategy’s bitcoin flywheel facing its first real stress test?,btc,en,17.0,20.0,1mv7pdy,CryptoCurrency,,,,,,-0.4215
2025-08-20 08:00:31.111,113548.32584815667,,reddit,https://www.reddit.com/r/Bitcoin/comments/1mv8m8f/hello_everyone_i_buy_btc_on_trade_republic/,"hello everyone, i buy btc on trade republic. i recently bought btc on trade republic, the application is easy to use and quick and efficient. when i schedule weekly purchases, it costs me nothing to purchase so i optimize my cost price. 
but is it really btc? is the platform really secure? 

if you have any suggestions i'm interested.",btc,en,0.0,7.0,1mv8m8f,Bitcoin,,,,,,0.9162
2025-08-20 09:01:36.202,113979.37893099306,,reddit,https://i.redd.it/dja8jrctz4kf1.jpeg,"historically, you would need to plan for your september bitcoin dip buys, then uptober cometh 🎉 are you ready ?",btc,en,91.0,18.0,1mv99bg,Bitcoin,,,,,,0.3612
2025-08-20 10:02:34.089,113738.87260459366,,reddit,https://www.reddit.com/r/CryptoCurrency/comments/1mvacx4/bitcoins_political_identity_a_discussion/,"bitcoins political identity: a discussion i’ve been thinking about the political identity of bitcoin and wanted to hear your thoughts. it started to sort of annoy me, that last year, btc and crypto was only associated with trump/republicans. for me personally, btc and the idea of crypto always was more left than right. and i am wondering what you guys think about this topic? what are your arguments? 

these are some of mine: 

- it challenges existing power structures (like banks, governments, elites).
- bitcoin promotes financial inclusion and power equality for people without access to the banking system. 
- can be a tool for activists and people living under oppressive regimes.

please let's respect each others personal political views and try to have a solid discussion.",btc,en,0.0,26.0,1mvacx4,CryptoCurrency,,,,,,0.1197
2025-08-20 11:02:21.868,113814.60747522612,,reddit,https://www.reddit.com/r/btc/comments/1mvbmhg/dont_become_complacent_the_market_will_not_decide/,"don't become complacent. ""the market"" will not decide to use p2p for you. there is a dangerous notion going around that ""the market"" is just not ready for p2p cash and you should just lean back and do nothing and wait until ""the market"" or the people are ready. this notion is dangerous and completely misunderstands the nature of bitcoin as p2p cash. it preys on your natural tendency of inaction.

let me make a comparison. everyone immediately understands the freedom that comes with your own car. but driving around in traffic, taking care of your car also involves a lot of responsibility that you wouldn't have when someone else would do all this for you. that's why people use caps or busses. and yet while using them they still understand the freedom a self owned car brings. 

p2p cash is not a product that just needs a ready market like an iphone. p2p cash is a freedom that comes with responsibility. we are in the stage where there are cars but no paved roads yet. driving this care is difficult and the freedom still limited, yet all the responsibilities are there. to get over this hill, p2p cash needs to be taught. people need to understand the freedom that comes when you accept the responsibilities. and the roads need to be paved. 

if we sit back and do nothing, nothing will change. ""the market"" can print as many units as it wants to prop up false prophets that keeps you in the system without freedom forever. they prey on the greed of people to rather be rich than free. if people don't understand the freedom, safety and literal peace that comes with better, sound money, we won't get over that initial hill.

so, don't be complacent, don't listen to the sirens, teach someone about p2p cash today.",btc,en,24.0,8.0,1mvbmhg,btc,,,,,,0.9964
2025-08-20 12:02:29.547,113772.5953048606,,reddit,https://www.reddit.com/r/Bitcoin/comments/1mvcpfs/bitcoin_is_gambling/,"""bitcoin is gambling"" i came actoss different sub, and outside reddit too, surprised that there are people that still think bitcoin is gambling.

mostly those finance guys. 

i personally don't care, also comes back to just gonna mind my own business, and same goes in my real life too i stop convincing or trying to talk to people about it. if people not gonna buying it or else who cares.",btc,en,10.0,56.0,1mvcpfs,Bitcoin,,,,,,0.416
2025-08-20 13:00:20.461,113704.65095237858,,reddit,https://www.reddit.com/r/btc/comments/1mvdnet/upcoming_bch_tech_talk_on_x_quantumroot/,"upcoming bch tech talk on x: quantumroot: quantum-secure vaults for bitcoin cash (jason dreyzehner) announced on bitcoin cash research forum:

> hi all, i’m going to host a bch tech talk in ~14 hours: “intro to quantum-ready vaults using quantumroot”.

> __8/20 at 15 utc__. i’ll post the link here:

> https://x.com/bitjson/status/1957971235993747537

further info:

- https://blog.bitjson.com/quantumroot/

update: youtube live stream link for this tech talk (taken from jason's x thread):

https://youtube.com/live/ojs539udgry",btc,en,10.0,4.0,1mvdnet,btc,,,,,,0.0
2025-08-20 14:01:07.017,112721.5252852246,,reddit,https://i.redd.it/rzddrv3ki6kf1.jpeg,"bought the dip crazy to think a few months ago that $113,700 would be a dip. lots of new money in bitcoin freaking out that prices have fallen 8%-9%. yawn. keep stacking.",btc,en,302.0,26.0,1mvfaii,Bitcoin,,,,,,-0.7717
2025-08-20 15:05:18.525,113468.71586206948,,reddit,https://inbitcoinwetrust.substack.com/p/simple-correction-or-end-game-us,simple correction or end game? us inflation shakes bitcoin and risk assets.,btc,en,0.0,1.0,1mvfv97,CryptoMarkets,,,,,,-0.1027
2025-08-20 16:00:45.904,113364.1275536759,,reddit,https://www.reddit.com/r/btc/comments/1mvhkk3/bargain_hunters_pop_up_in_bitcoin_markets_amid/,bargain hunters pop up in bitcoin markets amid crypto pressure buy it while it's low,btc,en,0.0,0.0,1mvhkk3,btc,,,,,,-0.3612
2025-08-20 17:02:43.088,113947.58727837628,,reddit,https://v.redd.it/bgq8gntvd7kf1,"a quick demo of our bitcoin paper wallet generator (yes, it works!)",btc,en,0.0,10.0,1mvkeic,Bitcoin,,,,,,0.0
2025-08-20 18:02:23.731,114200.26919279918,,reddit,https://decrypt.co/336043/scammer-poses-as-uk-police-steals-2-8m-in-bitcoin-from-hardware-wallet,"scammer poses as uk police, steals $2.8m in bitcoin from hardware wallet",btc,en,16.0,8.0,1mvljps,CryptoCurrency,,,,,,-0.5106
2025-08-20 19:02:29.859,113588.02274704837,,reddit,https://www.reddit.com/gallery/1mvny1t,"stacking sats for my kids’ future. lets go! buying bitcoin every day until i retire. goal: stack 1 whole for my kids someday.
started on 20/07 – thought i was late, but it’s never too late to start 🙏❤️
good luck to everyone stacking out there!",btc,en,79.0,6.0,1mvny1t,Bitcoin,,,,,,0.8568
2025-08-20 20:02:37.116,114227.65280595022,,reddit,https://www.reddit.com/r/Bitcoin/comments/1mvpe6k/bitcoin_file_from_2011/,"bitcoin file from 2011 here's another one of these posts.

hi guys, i just found a small wallet file from 2011, bitcoin core can't open it, when running pytools it recognizes it, but tells me it can't decrypt it i guess. any suggestions on manual key extraction or alternative wallet recovery methods? 

i'm 99% sure there's nothing in it, but might as well try.

  
\# recovery results:

\# - found 1 possible wallet

\# - found 7 possible encrypted keys

\# - keys require manual decryption due to crypter stability issues

\# 

\# next steps:

\# 1. the wallet file appears to be encrypted

\# 2. key positions have been identified and saved in the json file

\# 3. manual key extraction may be possible with additional tools

\# 4. consider using alternative wallet recovery methods

  
quick edit, i do have what i think is the password for the wallet, but that didn’t help. it’s probably wrong.",btc,en,9.0,3.0,1mvpe6k,Bitcoin,,,,,,0.8271
2025-08-20 21:01:38.563,114351.92452461012,,reddit,https://www.reddit.com/r/Bitcoin/comments/1mvr43n/yall_im_16_how_would_i_purchase_btc_without_my/,"y'all i'm 16 how would i purchase btc without my dad knowing i have a joint bank account w/ my dad and he knows when i buy stuff, and he thinks bitcoin is stupid but i wanna invest before it's too late how would i invest without him knowing
(i have my own job and earn my own money)",btc,en,0.0,63.0,1mvr43n,Bitcoin,,,,,,-0.296
2025-08-20 22:02:11.136,114422.93252401565,,reddit,https://www.reddit.com/r/Bitcoin/comments/1mvsqxz/future_set/,"future set i know it’s not much for some, but i finally own 5 bitcoin in cold storage. freedom.",btc,en,0.0,14.0,1mvsqxz,Bitcoin,,,,,,0.7783
2025-08-20 23:02:02.274,114590.45445269886,,reddit,https://bitcoinops.org/en/podcast/2025/08/19/,bitcoin optech newsletter #367 recap podcast,btc,en,7.0,0.0,1mvu9tv,Bitcoin,,,,,,0.0
2025-08-21 00:01:42.284,114250.43172587753,,reddit,https://www.reddit.com/r/Bitcoin/comments/1mvv9vr/insuring_your_bitcoin/,insuring your bitcoin? what’s your opinion on insuring your bitcoin that’s in cold storage with companies like anchor watch? good or bad idea?,btc,en,0.0,10.0,1mvv9vr,Bitcoin,,,,,,0.3485
2025-08-21 01:02:19.563,114337.7268829338,,reddit,https://www.reddit.com/r/Bitcoin/comments/1mvwoh6/did_i_pay_this_5000_sats_fee_by_myself/,"did i pay this 5000+ sats fee by myself? might be a stupid question.

want to do p-2-p but don't want to do something stupid by accident and lose my security deposit on bisq. was forced to use an exchange.

i sent btc from the exchange to a wallet.

an app in watch-only mode for that wallet shows ""transaction confirmed 2/6""

the amount sent from the exchange is $0.68 higher than the amount displayed as in possession on the watch-only wallet. this loss is just the network fee which i was already warned about. that's fine.

the problem is, before it said ""2/6 confirmations"", it said there was another fee of over 5000 sats, and that, in usd, is over 10% of the amount i had sent. is that representative of the entire block being mined, so other senders online right now are sharing the burden of that 5000+ sats fee with me, and my share of the burden was only $0.68? or have i lost 5000 sats from somewhere (the exchange, the receiver's wallet once we reach stage 6/6, something else?)

on mempool, something that anyone can access, the same 5000+ fee is displayed. this suggests it's shared.

the receiver's address is segwit bc1, 42 characters.",btc,en,0.0,1.0,1mvwoh6,Bitcoin,,,,,,-0.983
2025-08-21 02:02:07.089,114723.4072135875,,reddit,https://www.reddit.com/r/Bitcoin/comments/1mvxkc8/you_know_how_we_know_we_are_still_early_the_anger/,"you know how we know we are still early, the anger. good lord, twice in the last month i was having conversations with family and with work colleagues on investments. i mentioned bitcoin and everyone flipped out saying it was a scam. i pointed out that institutional investment is going through the roof, soon 401ks will allow investing, and the loomis bill is incoming. 

it’s the same argument people had about microsoft vs ibm. sure ibm was once the gold standard, but things change. stocks are great, but bitcoin is better. we are still early given the average person either doesn’t care or hates bitcoin. keep stacking!!",btc,en,236.0,96.0,1mvxkc8,Bitcoin,,,,,,0.8788
2025-08-21 03:01:12.204,113987.89517975388,,reddit,https://www.reddit.com/r/CryptoMarkets/comments/1mvzi5j/should_i_lock_in_now_rate_my_holdings/,"should i lock in now? (rate my holdings) this feels like the last chance to get in on the “ground floor” of another wave of crypto adoption. been trying to keep up with everything over the last year or so (i know i’m late). i’ve narrowed my portfolio down to the ones below. not expecting to become a millionaire by any means but can i realistically expect a nice return on these by 2030? i plan on buying $10 of each weekly for the foreseeable future as well. 

anything i should swap for now or that i’m missing? i don’t want to become too bloated but will obviously still check on new coins and opportunities in the future too. appreciate any feedback 

xrp - 420 (33%)
link - 40 (28%)
qnt - 2 (6%)
ada - 210 (5%)
icp - 33 (4%) 
xcn - 12,152 (4%) 
kta - 103 (4%) 
eth - 0.26 (3%)
algo - 405 (3%)
xlm - 252 (3%)
hbar - 416 (3%)
btc - 0.001 (2%)
kas - 542 (2%)",btc,en,0.0,18.0,1mvzi5j,CryptoMarkets,,,,,,0.9292
2025-08-21 04:01:31.792,113987.13392915655,,reddit,https://www.reddit.com/r/CryptoMarkets/comments/1mvzz7f/10_reasons_to_buy_robinhood_hood_at_105share/,"10 reasons to buy robinhood (hood) at $105/share 1) prolonged crypto bull market extending through 2027 as bitcoin and altcoins rally 
2) strong trading volume growth, especially as robinhood’s diversified equities, crypto, and financial services business model benefits from frenzy of activity and market fluctuations where hood gets paid regardless of directionality 
3) long term theme of $7t being passed from boomers to tech savvy millennials 
4) robust earnings outlook, forecasting a 53% compound annual growth rate (eps cagr) through 2027, which underpins bullish valuation outlook 
5) pending sp500 inclusion forcing boomers to buy the stock 
6) new sports betting offering, never bet against the house 
7) trump admin financial deregulation push 
8) solid leadership in vlad who will benefit from close trump relationship and friendship with jon cramer ie mass market influence, crowd sourcing 
9) gamification of app keeps users online
10) expansion into europe as the company slowly takes market share around it he world",btc,en,0.0,5.0,1mvzz7f,CryptoMarkets,,,,,,0.9674
2025-08-21 05:02:02.324,113808.26421295328,,reddit,https://www.reddit.com/r/CryptoMarkets/comments/1mvzz7f/10_reasons_to_buy_robinhood_hood_at_105share/,"10 reasons to buy robinhood (hood) at $105/share 1) prolonged crypto bull market extending through 2027 as bitcoin and altcoins rally 
2) strong trading volume growth, especially as robinhood’s diversified equities, crypto, and financial services business model benefits from frenzy of activity and market fluctuations where hood gets paid regardless of directionality 
3) long term theme of $7t being passed from boomers to tech savvy millennials 
4) robust earnings outlook, forecasting a 53% compound annual growth rate (eps cagr) through 2027, which underpins bullish valuation outlook 
5) pending sp500 inclusion forcing boomers to buy the stock 
6) new sports betting offering, never bet against the house 
7) trump admin financial deregulation push 
8) solid leadership in vlad who will benefit from close trump relationship and friendship with jon cramer ie mass market influence, crowd sourcing 
9) gamification of app keeps users online
10) expansion into europe as the company slowly takes market share around it he world",btc,en,0.0,5.0,1mvzz7f,CryptoMarkets,,,,,,0.9674
2025-08-21 06:02:33.048,113954.38733064671,,reddit,https://www.reddit.com/r/Bitcoin/comments/1mw2vp5/daily_discussion_august_21_2025/,"daily discussion, august 21, 2025 please utilize this sticky thread for all general **bitcoin** discussions! if you see posts on the front page or /r/bitcoin/new which are better suited for this daily discussion thread, please help out by directing the op to this thread instead. thank you!

if you don't get an answer to your question, you can try phrasing it differently or commenting again tomorrow.

please check the [previous discussion thread](https://www.reddit.com/r/bitcoin/comments/1mv6qdh/daily_discussion_august_20_2025/) for unanswered questions.",btc,en,41.0,72.0,1mw2vp5,Bitcoin,,,,,,0.9272
2025-08-21 07:02:15.544,113737.02812154038,,reddit,https://cointelegraph.com/news/bitcoin-whale-dumps-btc-for-295m-eth-long-position,bitcoin whale who held for 7 years sells $76m to go long on ether,btc,en,588.0,79.0,1mw3c4i,CryptoCurrency,,,,,,0.0
2025-08-21 08:02:35.497,113890.13604780455,,reddit,https://www.reddit.com/r/CryptoCurrency/comments/1mw4rj9/study_warns_quantum_computers_could_break_widely/,"study warns quantum computers could break widely used crypto encryption as early as 2027 a new study warns that quantum computers may be able to break the elliptic-curve encryption underpinning bitcoin, ethereum, and much of today’s internet security within the next decade. researchers created a “progress bar” for shor’s algorithm on bitcoin’s secp256k1 curve and compared it against hardware roadmaps from major quantum companies. their estimate suggests a potential break window between 2027 and 2033 if roadmaps hold.

[brace for impact: ecdlp challenges for quantum cryptanalysis](https://arxiv.org/pdf/2508.14011)

**algorithmic resource estimates and hardware roadmaps on a common physical-qubit scale.**

https://preview.redd.it/dtlj2abvvbkf1.png?width=1079&format=png&auto=webp&s=267f935fb2e925712abedfae5a282f0726574803

**how to read the figure:**

* **grey circles** = estimates for breaking rsa
* **black squares** = estimates for breaking ecc
* **yellow square** = new estimate for breaking ecc-256 (used in bitcoin, ethereum, and other non–post-quantum crypto)
* **colored lines** = quantum hardware progress (solid = achieved, dashed = roadmaps from ibm, google, etc.)

👉 when those colored roadmaps collide with the yellow square, it marks the point where a fault-tolerant quantum computer could realistically break today’s crypto. **this is why migration to post-quantum secure cryptography is critical**, because current systems will not hold once quantum catches up.",btc,en,0.0,41.0,1mw4rj9,CryptoCurrency,,,,,,0.7783
2025-08-21 09:02:44.932,113638.22918676952,,reddit,https://i.redd.it/vl6a7gi35ckf1.jpeg,i told'em to buy bitcoin,btc,en,947.0,44.0,1mw5gaz,Bitcoin,,,,,,0.0
2025-08-21 10:00:56.020,113396.1776883503,,reddit,https://www.reddit.com/r/CryptoCurrency/comments/1mw6bun/billionaires_are_not_with_us_in_crypto/,"billionaires are not with us in crypto the more i watch this market, the more i realize something. every time things start moving, the headlines get filled with billionaires and ceos being treated like the face of crypto. but from where i stand, they are not with us. they are not the ones refreshing charts at 2 a.m., not the ones debating tokens in telegram, not the ones checking if there is even enough left to dca this week.

when i see names like elon or cz moving markets, it is clear they do not live with the risks we take. they do not care if my hundred dollars turns into ten or into a thousand. for them, it is always about power, ego, and building their own companies.

i have laughed before at elon shilling doge, but deep down i know he is laughing harder. he knows he can shift markets with one post, while the rest of us get caught chasing the swings. the suits buying up bitcoin right now are not here for freedom or decentralization. they are stacking it neatly on their balance sheets, treating it like any other asset.

for me, that makes it obvious. these big names are not here to help us. they are here to use the same attention and hype that keeps this space alive, and twist it for their own goals. just because one of them pumps a coin i hold does not mean he is my neighbor. just because they mention crypto on some podcast does not mean they know what it feels like to hold through a long red market.

from where i sit, crypto was built from the ground up by people actually living it. not by billionaires who can afford to play games with it. and i have to remind myself never to mistake their visibility for being part of us.",btc,en,256.0,97.0,1mw6bun,CryptoCurrency,,,,,,0.9752
2025-08-21 11:02:25.842,113373.80279295826,,reddit,https://www.reddit.com/r/CryptoMarkets/comments/1mw7bwo/btc_whale_dumped_their_bitcoin_bags_for_ethereum/,"btc whale dumped their bitcoin bags for ethereum positions..$76m sold, 68k eth bought. why? just saw some wild whale activity that has me thinking about what's really driving these moves from btc to eth.

the latest whale move:

a bitcoin og who held for 7 years just sold 670 btc ($76 million) to go long on ethereum. this whale had been sitting on approx 14k btc worth over $1.6 billion since buying from binance and htx way back in the day.
instead of just holding cash, they immediately opened 4 long positions totaling approx 68k eth - most of it on 10x leverage around the $4,300 mark.
this isn't isolated:

bitmine immersion just added another approx 52k eth to their treasury, bringing total holdings to 1.52 million tokens worth $6.6 billion
institutional wallets were buying up approx 9k eth each ($38 million) during recent dips
other satoshi-era whales have been moving massive amounts of btc after years of dormancy

why the shift is happening:
timing matters: this happened right after btc hit its new ath of $124k and eth almost reclaimed its 2021 high of $4,878. smart money often rotates between assets at these levels.

leverage opportunities: you can't really leverage btc the same way institutional players can leverage eth. these whales are opening massive leveraged positions because they see more upside potential in eth.

institutional infrastructure: ethereum has better institutional tools now. defi protocols, staking yields, and corporate treasury strategies all favor eth over btc for active management.

market maturity: crypto analysts say og bitcoiners selling is actually healthy - it shows new buyers entering and markets maturing. the money isn't leaving crypto, it's rotating.

risk vs reward calculation: when you've made 1000x+ gains on btc, taking some profits to bet on eth's next move up makes sense. especially when eth has more room to grow percentage-wise.

the reality check:
not all these moves worked out immediately. the whale's eth positions went underwater after opening, dropping to $4,080 and putting three positions close to liquidation around $3,700.

but that's the point - whales are willing to take these risks because they see eth as having more upside potential than btc at current levels.

what this means:

we're seeing a rotation from ""store of value"" btc plays into ""growth asset"" eth plays. whales who made their fortunes in btc are now betting that eth will be the next big mover.
this isn't about btc being bad - it's about opportunity cost. when you're sitting on billions in gains, diversifying into the asset with better risk/reward makes sense.
anyone else noticing this pattern of btc profits rotating into eth? feels like we're in the middle of a major capital rotation.

source : [awaken.tax/btc-whales-rotating-into-eth](https://awaken.tax/media/article/bitcoin-whales-rotating-into-ethereum)",btc,en,209.0,108.0,1mw7bwo,CryptoMarkets,,,,,,0.9912
2025-08-21 12:00:47.607,113132.28582905016,,reddit,https://v.redd.it/fvccm9yr2dkf1,throwback to 2015: buying #bitcoin in austria at just €272 a coin. the good old days. 🇦🇹,btc,en,415.0,29.0,1mw8r0g,Bitcoin,,,,,,0.4404
2025-08-21 13:01:50.458,112952.51362584245,,reddit,https://www.reddit.com/gallery/1mwa70m,your daily bitcoin breakdown newsletter is now live. check out today’s top stories and a sneak peek at the latest opinion & analysis pieces. full issue link is in the comments.,btc,en,0.0,1.0,1mwa70m,Bitcoin,,,,,,0.2023
2025-08-21 14:02:58.527,113504.91074576435,,reddit,https://www.reddit.com/r/btc/comments/1mwbovv/bch_halving_is_shaping_up_as_one_of_q3s_sleeper/,"bch halving is shaping up as one of q3’s sleeper trades bitcoin cash is quietly setting up one of the most interesting plays this quarter. after spiking past $600 earlier in august, bch has cooled into the mid-$500s with the market pullback. for some that looks like weakness - for others, it looks like the kind of entry point halvings are made for.  
  
the event is only weeks away. block rewards get cut, new supply tightens, and historically these moments have sparked explosive short-term rallies. technicals still lean bullish (macd crossover, rsi not overbought, volumes steady), so the structure is there.  
  
what makes it even better is that bch is one of the few majors with an active incentive to hold right now. on nеxо, bch balances are earning daily compounding interest plus an extra 3% in kind through november. for anyone sitting on bch into the halving, that’s effectively stacking while waiting for the supply shock narrative to unfold.  
  
some will dismiss it as exit liquidity, others will see it for what it is: a rare chance to get paid twice - once by the market, once by the structure around it.",btc,en,0.0,4.0,1mwbovv,btc,,,,,,0.9514
2025-08-21 15:02:30.029,113266.26639577647,,reddit,https://www.reddit.com/r/CryptoMarkets/comments/1mwd50f/warning_about_bitcoin_mining_scam_site/,"warning about bitcoin mining scam site i fell victim to the following bitcoin mining website today.

users.ecominers.com…

i only wanted to try out the $6 plan, but it wasn't set up. two hours later, i received a call from armenia and, at the same time, a scam email with links to russian domains. be careful, luckily i only lost the $6. there are others who lost thousands of dollars. i've filed a police report (in germany).

see also

[https://www.binance.com/en/square/post/8058441601546](https://www.binance.com/en/square/post/8058441601546)",btc,en,1.0,0.0,1mwd50f,CryptoMarkets,,,,,,-0.8481
2025-08-21 16:01:48.251,112773.38343187496,,reddit,https://www.youtube.com/live/krp7xT_-Hpc?si=ouoiQ5SjvO4AdObY,the canadian bitcoin conference with dan carlin | the cbp,btc,en,4.0,0.0,1mwexx2,Bitcoin,,,,,,0.0
2025-08-21 17:02:05.532,112398.3636645793,,reddit,https://www.reddit.com/r/Bitcoin/comments/1mwgbjl/freeze_hodling_will_set_you_free/,"""freeze"" hodling, will set you free i wanted to share a concept with many of you that i've taken personally which i hope helps some of you on your hodling journey.  i have a time period (for me it's specifically another 11 years, so 2036), where i'm trying to accumulate as much value as possible through working/savings etc, and then i'll be 'soft' retiring as in working smaller odd jobs or whatever i find interesting and not my current corporate job which i don't hate, but is certainly not my passion.

in this time period, i will not sell any of my bitcoin stack (and i'll only be adding to it), no matter what.  so for 11 years, this bitcoin is completely frozen.  if bitcoin is $1 million/coin i won't sell, if bitcoin falls back to $3k, i won't sell.  no matter what, i'll have the bitcoin that i have (or more) in 11 years time.  it's a personal agreement with myself.  even if something happens in my life, even if a life-threatening event happens, i will take out debt or whatever i need to do to take care of myself and my family, but this bitcoin will not move for any reason.  knowing this in my mind, it gives me the relief to not worry about price or short-term thinking of any governments, corporations, etc.  even if mstr themselves go bankrupt and has to sell all of their bitcoin in a small amount of time and bitcoin literally goes back to $1,000/coin, i won't sell because that's my agreement with myself.

i hope you all can find this kind of clarity with hodling and understand that bitcoin is something that is going to be very volatile in the next few years because it's still a very new concept to people.  i've been in bitcoin for many years and i'm not sure that the majority of people understand it any better than in 2017.  you either get it, or you don't.  really.  it's a difficult concept to understand that inflation doesn't need to happen or that bonds aren't 'rock solid'.  it might be another 10 years for a few more individuals to understand what's really going on in the world.  but know that hodling will pay off and fiat currencies will die.  it's really only a matter of time...",btc,en,5.0,8.0,1mwgbjl,Bitcoin,,,,,,0.9663
2025-08-21 18:02:04.597,112379.88592699268,,reddit,https://www.reddit.com/r/Bitcoin/comments/1mwi7zm/we_all_are_crazy/,"we all are crazy 🤣 hey, just so you know, you're not the only one. i actually get excited when the bitcoin price drops. my family thinks i'm nuts, but then i found out i'm not alone, there's a whole reddit group that loves a good sale!",btc,en,130.0,25.0,1mwi7zm,Bitcoin,,,,,,0.8922
2025-08-21 19:02:22.153,112571.655424373,,reddit,https://www.reddit.com/r/CryptoMarkets/comments/1mwj2q1/when_and_what/,"when and what? i’ve transferred 100k usdc to my binance wallet (since i can’t trade usdt as i’m based in europe) and i’m waiting for the right moment to buy eth, bnb, btc, xrp, doge, and trx.
what do you think is the right timing to enter? prices have gone up quite a lot recently — do you expect a pullback, or will they keep climbing higher?
also, how do you see my coin selection — are these among the safest options right now?
curious to hear your opinions, thanks! 🙏",btc,en,1.0,7.0,1mwj2q1,CryptoMarkets,,,,,,0.8463
2025-08-21 20:01:52.647,112023.0615820132,,reddit,https://www.reddit.com/r/CryptoMarkets/comments/1mwlag0/central_banks_trapped_by_government_debt_heres/,"central banks trapped by government debt - here's why crypto might be the winner financial times just dropped a report that central banks are getting squeezed to keep interest rates artificially low because governments borrowed way too much money. this could be huge for crypto trading.

what's happening:

governments around the world went on a borrowing spree and now they need cheap money to service all that debt. central banks are basically stuck - raise rates and governments can't pay their bills, keep them low and inflation stays hot.

this puts us in what economists call ""fiscal dominance""  where debt levels control monetary policy instead of economic fundamentals.

why this matters for crypto:

money has to go somewhere

when bonds pay nothing and savings accounts are a joke, people look for better returns. crypto becomes way more attractive when the ""safe"" alternatives barely keep up with inflation.

we're already seeing this play out. every time the fed hints at keeping rates low, crypto markets pump because traders know more liquidity is coming.

dollar gets weaker

low rates typically weaken the dollar over time. when the dollar loses value, bitcoin and eth look better as alternatives. not just for trading but as actual stores of value.

extended bull market potential

if central banks really are trapped into keeping rates low for years, crypto could see an extended rally. cheap borrowing costs mean more leverage, more institutional buying, and more retail fomo.

the volatility factor

here's the catch - crypto becomes even more sensitive to any hint of rate changes. if markets believe the fed will stay dovish, we moon. but if they even whisper about tightening, leveraged positions get liquidated fast.

what to watch:

fed meetings become even more important for crypto prices

any talk of ""yield curve control"" or ""financial stability"" means they're prioritizing debt costs over inflation

government debt-to-gdp ratios - the higher they go, the more trapped central banks become

my take:

this creates a perfect storm for crypto. traditional finance is getting squeezed from all sides while bitcoin and ethereum offer an escape route from the whole system.

sure, volatility will be insane. but when central banks admit they can't raise rates without breaking something, that's basically advertising bitcoin as digital gold. just remember if you're making moves based on this macro setup, keep track of everything for tax purposes. platforms like awaken.tax make it easier to stay compliant while you capitalize on these opportunities.

the fed might not admit they're trapped, but the market knows. and crypto traders are positioning accordingly.

anyone else seeing this as the setup for the next major crypto cycle?",btc,en,6.0,1.0,1mwlag0,CryptoMarkets,,,,,,0.8263
2025-08-21 21:02:51.090,112564.21553111591,,reddit,https://v.redd.it/t9nxadq0sfkf1,everything is going to zero against #bitcoin.,btc,en,216.0,19.0,1mwn0dj,Bitcoin,,,,,,0.0
2025-08-21 22:02:41.573,112561.18367557136,,reddit,https://www.reddit.com/r/CryptoMarkets/comments/1mwoczp/help_crypto_scam_1m/,"help crypto scam $1m my uncle has been dealing with what i and his family believe is a scam for almost two years now.
very long story short it started with a young asian woman he met in la, who encouraged him to give her 30k to begin investing in crypto which she would do on his behalf. in about six months this 30k supposedly increased to 1.1m dollars. since then he has been attempting to withdrawal it, and btcbox who i guess is the service she was using, has told him to pay a myriad of fees in order to do the withdrawal. these range from security deposits, verification transactions, interest fees, all ranging in lump sums from
10-30k at a time. he's paid them around $488k in this time trying to get it. now today they had him open an onchain wallet and they deposited $1.1m (apparently). please see the screenshot, this is what he's seeing from his wallet on his phone. i'm not familiar with crypto but looking at it, it's intriguing. i'd like input as to what you guys think about that screenshot, and if theres any possibility it's real, they made a mistake, or more likely what they may have done to create this illusion in his onchain. fyl this is on ios, and it's the legitimate app. as it stands now they are saying not to withdraw that million until he deposits 11k to ""test the account ability"".


please do not comment about how stupid this scam is or any of that, we are all well aware and have tried and tried to explain this to him. just hoping for help",btc,en,22.0,81.0,1mwoczp,CryptoMarkets,,,,,,0.7717
2025-08-21 23:02:29.621,112468.84756023913,,reddit,https://www.reddit.com/gallery/1mwpc1s,"ads from the future - a hyperbitcoinized world i could swear a bigmac cost under 10 sats a few years ago 😄 feel free to post your own ads from the future.

clarification:
this is not intended to be a promotion of the companies that are mentioned. i am not affiliated with them in any way. fair use / entertainment. chill.",btc,en,274.0,47.0,1mwpc1s,Bitcoin,,,,,,0.802
2025-08-22 00:02:51.862,112414.39987336512,,reddit,https://www.reddit.com/r/CryptoCurrency/comments/1mwq4pr/so_how_is_crypto_comparable_to_the_internet_in/,"so how is crypto comparable to the internet in the 90s? i keep hearing this sentiment. first off, the internet was launched in 1991.  bitcoin was launched in 2009.  so realistically, crypto is now as old as the internet was in 2007, and by then, the internet already had plenty of use cases - modern social media was starting with youtube and facebook, e-commerce had already been a thing for a decade, there were thousands of forums, and subreddits were only a year away.


crypto, on the other hand, still is not widely used for anything practical.  its only mainstream use is as a speculative asset, and the only other things it has contributed to society are inspiring meme investing culture (trading cards and memestocks), spawning some of the stupidest assets in history (nfts and dog coins), and being used for scams.  

what happened to ""money of the future""?",btc,en,6.0,47.0,1mwq4pr,CryptoCurrency,,,,,,0.5803
2025-08-22 01:02:36.235,112570.05901657068,,reddit,https://www.reddit.com/r/Bitcoin/comments/1mwsrvs/borrow_against_btc/,"borrow against btc hi,

  
how does one borrow against btc?  

is the amount to be borrowed based upon the lender, or is it a standard 20% of the total btc value on the day of lending, 50%, etc?  

how are private keys involved in the loan transaction?

is the amount of btc to be used as a collateral transferred to a different wallet?

is this something that should never be done, and just sell btc instead? 

finally, is this a process that can be completed in hours, days, weeks?

  
thanks, and any info not listed above is appreciated.",btc,en,0.0,32.0,1mwsrvs,Bitcoin,,,,,,0.8611
2025-08-22 02:01:26.472,112817.82613496445,,reddit,https://www.reddit.com/r/Bitcoin/comments/1mwtjom/bitcoin_dca_strategy/,"bitcoin dca strategy hi all, i am using strike to auto-buy 1£ worth of btc hourly. is it worth moving to daily buy instead of hourly ? not planning to sell anytime soon, so looking for opinions.",btc,en,0.0,20.0,1mwtjom,Bitcoin,,,,,,0.3182
2025-08-22 03:01:24.381,113266.61693979731,,reddit,https://www.reddit.com/r/CryptoCurrency/comments/1mwv2rd/altcoin_season_2025_why_september_marks_the/,"[altcoin season 2025] why september marks the crypto market shift **altcoin season 2025** is approaching, and september could be the turning point investors have been waiting for. the outlook for q3 2025 remains bright, though the emphasis has shifted slightly. just a few months ago, the market focused heavily on bitcoin-led strength, but now **""september could mark the real beginning of the altcoin market""** is gaining traction.

altcoin season, simply put, refers to when three out of four of the top 50 altcoins outperform bitcoin over a three-month period. while we haven't reached this threshold yet, recent trends are gradually tilting in that direction.

there has been much debate about whether the fed's september rate cut marked the market peak. however, the market still has significant **'hidden liquidity'**.

 

[money market fund cumulative total and flows chart from 2021 to 2025 showing record $7 trillion levels](https://preview.redd.it/yqgh1s2hchkf1.png?width=1600&format=png&auto=webp&s=762a954fde9a1c4d9d1355fe09bcb5d66bdf1d66)

 

notably, over $7 trillion is locked in money market funds alone. mmfs are ultra-short-term financial products where people safely park their money, and they're currently at record levels. if this massive capital starts moving in search of higher yields after rate cuts, it could flow into risk assets like cryptocurrencies. in april, $150 billion exited mmfs, coinciding with significant rallies in crypto and stock markets. since june, mmf balances have increased by over $200 billion again, yet cryptocurrency prices continued their upward trajectory. typically, when mmf cash increases, crypto takes a breather, but this opposite movement signals that more money could enter the market ahead.

ethereum is playing a pivotal role in this phase. since early july, total altcoin market cap has grown over 50% to reach $1.4 trillion.

 

[altcoin season index chart showing index at 40 level with altcoin market cap growth from may to august 2025](https://preview.redd.it/d5o6n4hnchkf1.png?width=1600&format=png&auto=webp&s=dd5befd0efddf45c9efc3250d59944f53201eda3)

 

yet, the 'altseason index' tracked by coinmarketcap remains low at around 40. this means while not officially in altseason territory, funds are already moving with eth at the center. behind this lies institutional demand. interest in digital asset treasuries, stablecoins, and real-world asset tokenization has repositioned eth from a simple cryptocurrency to core infrastructure for traditional finance.

bitmine emergent technologies has secured 1.15 million eth and plans to raise up to $20 billion more to increase holdings. sharplink gaming holds approximately 600,000 eth. the top few institutions alone hold about 2.95 million eth, exceeding 2% of total supply.

 

[ldo\/usdt price chart showing bullish pattern formation and 1.5x volatility compared to eth](https://preview.redd.it/gk8x22drchkf1.png?width=1600&format=png&auto=webp&s=570f8ea64743bd376e8a252983dace4ce3f933f5)

during this process, individual altcoin movements have diverged. while arb, ena, and op showed greater volatility than eth, ldo actually benefited most from eth's rise. lido is the leading platform where anyone can easily earn staking rewards by depositing ethereum. ldo's price gained significant momentum after the sec recently stated **""under certain conditions, highly liquid staking tokens won't be considered securities.""**

currently, ldo exhibits about 1.5x the volatility of eth. this means greater upside potential but also faster declines. however, investors should note that the sec's position is merely staff-level interpretation and could change in future litigation or commission-level decisions.

 

[bitcoin dominance forecast chart showing projected decline from current 59&#37; to 42&#37; target level](https://preview.redd.it/qf3kasb5jhkf1.png?width=1600&format=png&auto=webp&s=52580abaee8be338cff17eb2f802fcd91fb4feaa)

 

bitcoin dominance decreased from 65% in may to 59% in august. this signals some market funds are shifting toward altcoins. despite the sharp increase in altcoin market cap, the still-low index **might suggest we're in the preliminary stages of a full altseason.**

macroeconomic conditions point in the same direction. considering past cases where global m2 money supply led bitcoin prices by about 110 days, **liquidity could increase significantly in late q3 and early q4.** this wave of money will particularly impact the retail-driven altcoin market. while institutions still focus on major coins like bitcoin and ethereum, retail funds predominantly flow into altcoins.

internal market indicators also show positive changes. liquidity metrics combining stablecoin issuance, spot trading volume, perpetual futures volume, and order volume have stopped their six-month decline and recently showed recovery. increasingly clear regulations are also facilitating capital inflows.

 

[bitcoin h4 timeframe chart showing tp2 target reached at $115,873 with potential bounce setup](https://preview.redd.it/55e3zng7jhkf1.png?width=1600&format=png&auto=webp&s=bf4f832ba98ffc7190ba08dc89f68a4218f38a15)

 

[ethereum h2 timeframe showing completed bat harmonic pattern with bullish reversal targets](https://preview.redd.it/io5hyd98jhkf1.png?width=1600&format=png&auto=webp&s=d911ce0727036a9d57b656540f995807d63b1fa4)

# 

in summary, the market is in a transitional phase from bitcoin's solo performance to an expanded stage including altcoins. bitcoin dominance is declining, institutional demand centered on eth is growing, funds locked in mmfs are preparing to unlock, and stablecoin issuance is increasing. as these factors converge, september likely marks the beginning of a proper altcoin season. this trend deserves attention as a structural shift aligned with macroeconomic policies and institutional changes, rather than a brief rally.",btc,en,28.0,23.0,1mwv2rd,CryptoCurrency,,,,,,0.9975
2025-08-22 04:01:49.894,112933.12517331424,,reddit,https://www.reddit.com/r/Bitcoin/comments/1mww86j/bitcoin_design_project_suggestions/,"bitcoin design project suggestions hey guys, i'm a designer and bitcoiner, and this week i'm participating of a bootcamp focused on design and bitcoin. so, in the end of the course i’ll have to deliver a project for a problem / or something, one of the requirements is that it should'd be for profiting (like a visual identity for an exchange only bitcoin etc), it’s more something open source to help the community, help earlier bitcoiners etc. do you guys have any suggestions? im open for ideas",btc,en,6.0,3.0,1mww86j,Bitcoin,,,,,,0.7845
2025-08-22 05:00:44.257,112787.89866622083,,reddit,https://cryptoslate.com/coinbases-brian-armstrong-envisions-1-million-bitcoin-by-2030/,coinbase’s brian armstrong envisions $1 million bitcoin by 2030,btc,en,36.0,16.0,1mwxb77,CryptoCurrency,,,,,,0.0
2025-08-22 06:02:26.997,113216.1015470332,,reddit,https://news.bitcoin.com/bitcoin-bulls-flood-x-with-bold-forecasts-150k-bitcoin-this-year/,bitcoin bulls flood x with bold forecasts: $150k bitcoin ‘this year’,btc,en,19.0,10.0,1mwy5gk,CryptoCurrency,,,,,,0.3818
2025-08-22 07:02:36.216,112999.09282659138,,reddit,https://i.redd.it/41pxhinsoikf1.png,minister of education participated in the graduation ceremony of the bitcoin diploma in san salvador.,btc,en,0.0,0.0,1mwza9a,btc,,,,,,0.0
2025-08-22 08:02:24.914,113108.75506378774,,reddit,/r/BitcoinBeginners/comments/1mx0c9d/there_are_historical_charts_pweekmonthyear_but_if/,there are historical charts p/week/month/year. but if you want to do daily dca you want to know what time of day the average bitcoin price is historically the lowest.,btc,en,1.0,1.0,1mx0ci6,CryptoMarkets,,,,,,-0.3612
2025-08-22 09:02:41.935,112993.43834510577,,reddit,https://cryptoslate.com/allianz-endorses-bitcoin-as-a-credible-store-of-value-shifting-from-2019-anti-crypto-stance/,"allianz endorses bitcoin as a ‘credible store of value,’ shifting from 2019 anti-crypto stance",btc,en,30.0,9.0,1mx0x4x,CryptoCurrency,,,,,,0.34
2025-08-22 10:02:37.279,113074.45957010616,,reddit,https://i.redd.it/hjgo7cycmjkf1.jpeg,discribe bitcoin in one word,btc,en,227.0,669.0,1mx26n3,Bitcoin,,,,,,0.0
2025-08-22 11:02:22.275,112521.5479279412,,reddit,https://bitcoinops.org/en/newsletters/2025/08/22/,"bitcoin optech newsletter #368 bitcoin optech newsletter #368 is here:

\- summarizes a draft bip for block template sharing between full nodes  
\- announces a library that allows trusted delegation of script evaluation  
\- summarizes changes to services/client software  
\- optech newsletter #368 podcast  
[https://bitcoinops.org/en/newsletters/2025/08/22/](https://bitcoinops.org/en/newsletters/2025/08/22/)

anthony towns posted to the bitcoin-dev mailing list the draft of a bip for how nodes can communicate to their peers the transactions they would attempt to mine in their next block...  
[https://bitcoinops.org/en/newsletters/2025/08/22/#draft-bip-for-block-template-sharing](https://bitcoinops.org/en/newsletters/2025/08/22/#draft-bip-for-block-template-sharing)

josh doman posted to delving bitcoin about a library he’s written that uses a trusted execution environment (tee) that will only sign a taproot keypath spend if the transaction containing that spend satisfies a script...  
[https://bitcoinops.org/en/newsletters/2025/08/22/#trusted-delegation-of-script-evaluation](https://bitcoinops.org/en/newsletters/2025/08/22/#trusted-delegation-of-script-evaluation)

changes to services and client software:  
\- zeus v0.11.3 released  
\- rust utreexo resources  
\- peer-observer tooling and call to action  
\- bitcoin core kernel-based node announced  
\- simplicityhl released  
\- lsp plugin for btcpay server  
\- proto mining hardware and software announced  
\- oracle resolution demo using csfs  
\- relai adds taproot support  
[https://bitcoinops.org/en/newsletters/2025/08/22/#changes-to-services-and-client-software](https://bitcoinops.org/en/newsletters/2025/08/22/#changes-to-services-and-client-software)

bitcoin optech will host an audio recap discussion of this newsletter on riverside.fm tuesday at 16:30 utc. join us to discuss or ask questions!  
https://riverside.fm/studio/bitcoin-optech",btc,en,10.0,0.0,1mx2y31,Bitcoin,,,,,,0.92
2025-08-22 12:01:38.441,112288.33375620782,,reddit,https://www.reddit.com/r/Bitcoin/comments/1mx4htd/copy_bitcoin_block_folder_from_one_computer_to/,"copy bitcoin block folder from one computer to another i have downloaded 100gb of bitcoin blockchain on my desktop. i want to copy the folder on my laptop, where i have startos server with virtualbox. i did copy the folder but its not synced and its starts to download again. how to sync it properly?",btc,en,0.0,1.0,1mx4htd,Bitcoin,,,,,,-0.2023
2025-08-22 13:02:32.032,112360.04916226704,,reddit,https://www.reddit.com/r/CryptoMarkets/comments/1mx5v75/what_do_they_base_it_on_to_say_that_one_coin_is/,"what do they base it on to say that one coin is better than another, apart from btc and eth? when people compare different cryptocurrencies, what factors do they usually consider to say one is “better” than another (besides btc and eth)? is it the level of adoption, transaction speed, scalability, energy efficiency, decentralization, security, development team, or maybe the use cases behind the project? i’d like to know what the community values most when evaluating altcoins.",btc,en,5.0,7.0,1mx5v75,CryptoMarkets,,,,,,0.9279
2025-08-22 14:02:48.421,112497.075306729,,reddit,https://i.redd.it/s5mbmi1eokkf1.jpeg,"daily bitcoin meme until btc is at $200,000 #70",btc,en,896.0,15.0,1mx6h3e,Bitcoin,,,,,,0.0
2025-08-22 15:02:36.906,115949.64822768302,,reddit,https://i.redd.it/ffaynb895lkf1.jpeg,"just in: coinbase ceo brian armstrong predicts bitcoin will reach $1,000,000 by 2030.",btc,en,201.0,134.0,1mx8ug8,btc,,,,,,0.0258
2025-08-22 16:02:32.195,116733.62955688965,,reddit,https://www.reddit.com/r/Bitcoin/comments/1mxai75/most_people_wont_own_bitcoin/,"most people won't own bitcoin... ...in the same way most people (normies) don't own real estate or stocks or gold. normies generally aren't intelligent enough to realize they need to own assets. most people will at best have a house and some spending money in fiat or stablecoin and that's it.

most normies don't even have much savings. so saving in btc is a moot point for them. the rich and the intelligent will own real estate, stocks and bitcoin.",btc,en,62.0,90.0,1mxai75,Bitcoin,,,,,,0.6747
2025-08-22 17:01:59.526,116242.7757656284,,reddit,https://i.redd.it/3pq7fguppekf1.jpeg,proof that bitcoin doesn’t wait for permission.,btc,en,476.0,37.0,1mxbuud,CryptoCurrency,,,,,,0.0
2025-08-22 18:01:12.029,116925.15114552548,,reddit,https://www.reddit.com/r/CryptoMarkets/comments/1mxdhsu/how_do_you_stay_rational_during_volatile_crypto/,"how do you stay rational during volatile crypto markets? lately, the price swings in major coins like btc and sol have been intense. for some, it’s exciting, but for others, it can cause emotional decisions.

what are your strategies to avoid panic selling or fomo buying during volatile periods? do you set strict stop-losses, automate your dca, or just hold and ignore short-term moves?

would love to hear practical tips from experienced traders and investors on maintaining discipline in this space.",btc,en,0.0,16.0,1mxdhsu,CryptoMarkets,,,,,,0.1877
2025-08-22 19:02:53.164,116754.18597018224,,reddit,https://www.reddit.com/r/Bitcoin/comments/1mxetn2/understanding_pow/,"understanding pow hello everyone, i have been researching proof of work (pow) in bitcoin and i was having a hard time understanding it.
with the help of chat gpt i put together this explanation step by step, from the most basic to the technical, for anyone who wants to understand how it really works.

it was very helpful for me to finally understand it. 


---

step 1 — the problem that pow solves

in an open network, without a central boss, we have two problems:

1. sort blocks at a stable rate → we want blocks to come out every ~10 minutes, not all at once.


2. avoid cheating with fake identities (sybil attack) → anyone can create thousands of accounts, but with pow what matters is not the identities, but the real computing capacity.



👉 pow decides who proposes the next block and at what pace, using something expensive to fake but cheap to verify: computational work.


---

step 2 — what does a block contain?

a block has two parts:

header (80 bytes in bitcoin):

version: version of the block.

prev_block_hash: hash of the previous block (to chain them together).

merkle_root: summary of all transactions (merkle tree).

timestamp: time declared by the miner.

nbits: the target (difficulty).

nonce: 32-bit number that the miner changes over and over again.


👉 the proof of work is done on this header: double sha-256.

body (transactions):

list of valid transactions.

a special one called coinbase, which creates the miner's reward.

an extranonce can be included in the coinbase to vary the merkle_root and generate more possible headers.



---

step 3 — the puzzle: hash ≤ target

the rule is:

\text{sha256(sha256(block\_header))} \leq \text{target}

the hash is a 256-bit random number.

the target is a threshold: the lower it, the more difficult.

miners change nonce, timestamp or the merkle_root to generate new headers.


👉 it's like throwing 256-sided dice billions of times until a number less than the target comes up.


---

step 4 — when someone wins

if a miner finds a valid hash:

1. broadcast the entire block to the network.


2. nodes verify:

that the hash meets the difficulty.

that the header and transactions are valid.

that the reward does not exceed what is allowed.



3. if all is well, they add the block to their copy of the chain.



👉 the reward is only valid if the network accepts the block → it is not in the miner's best interest to cheat.


---

step 5 — the accumulated work

nodes always follow the chain with the most accumulated work, not simply the longest.

example:

chain a: 3 blocks, each with difficulty 100 → accumulated work = 300.

chain b: 4 blocks, difficulty 10 → cumulative = 40.
👉 although b has more blocks, a is correct because it has more work.


this makes:

rewriting history from behind involves redoing all that accumulated work.

with less than 50% power you would never reach the honest chain.



---

step 6 — energy and security

pow connects the digital with the physical:

each hashing attempt requires electricity and specialized hardware.

expending real energy makes attempts costly.

verifying a hash is almost free.


this protects the network because:

to attack it you need to spend more energy than the entire network combined.

attacking would be very expensive and would destroy the value of the currency → it is not profitable.


👉 bitcoin security is measured in watts.


---

step 7 — difficulty in real numbers

today (2025), bitcoin's hashrate is around 600 eh/s (600 × 10^18 attempts/second).

the current difficulty is around 85 billion (85t).

every 2016 blocks (~2 weeks) the network adjusts the difficulty to maintain 1 block every 10 minutes.


👉 it is an automatic “thermostat”: if there are more miners, the difficulty increases; if there are less, go down.",btc,en,9.0,3.0,1mxetn2,Bitcoin,,,,,,-0.9847
2025-08-22 20:04:21.905,116630.9577063002,,reddit,https://www.reddit.com/r/Bitcoin/comments/1mxglwn/unit_of_account/,unit of account any website where you can track prices in bitcoin vs your salary and everyday stuff priced in btc?,btc,en,2.0,7.0,1mxglwn,Bitcoin,,,,,,0.0
2025-08-22 21:00:39.854,116893.16140783996,,reddit,https://www.reddit.com/r/CryptoMarkets/comments/1mxi47e/nano_vs_bitcoin_comparison_of_security_models/,"nano vs bitcoin , comparison of security models guess what, it's not bitcoin vs monero 
 

https://x.com/i/grok/share/ispix4mvu7d8qqkwavp3kqiq8

https://x.com/i/grok/share/w8qzi9tszgteqbv7ijqocikqd",btc,en,0.0,2.0,1mxi47e,CryptoMarkets,,,,,,0.34
2025-08-22 22:02:25.029,117016.4148378404,,reddit,https://x.com/altcoindaily/status/1958964227022176589?s=46,tom lee says the market cap of eth will be higher than btc in the future,btc,en,144.0,92.0,1mxjgj3,CryptoCurrency,,,,,,0.0
2025-08-22 23:03:02.033,116690.82991354102,,reddit,https://www.reddit.com/r/Bitcoin/comments/1mxkidq/feds_gave_my_trezor_back_would_you_trustuse_it/,"feds gave my trezor back, would you trust/use it? last year i got my trezor one back from the feds, dhs in particular. i already have a new one so it's just sitting around. more and more of my friends and family are finally coming around to the bitcoin side, and i always recommend they self-custody. i've been wanting to gift my old trezor to one of them, but i'm wary. it doesn't appear that it's been tampered with - the ultrasonically welded seam is still in tact (and the home screen still says ""fuck the feds""...). obviously i'd do a firmware update, but i'm kind of worried they might have some super secret persistent mal-firmware they put on there.   
  
obviously that's kind of a big stretch, i've never heard of any researchers even theorizing about such a thing... and given the locked bootloader, firmware signing, etc. it should be quite difficult to pull of. but it definitely puts a hole in my entire security model, knowing it was in the hands of potentially malicious actors. would you give it to a friend knowing they might end up hodling with it? or should it just go in the trash?",btc,en,0.0,35.0,1mxkidq,Bitcoin,,,,,,0.8762
2025-08-23 00:01:49.434,116897.54178212964,,reddit,https://www.reddit.com/r/btc/comments/1mxmkzg/the_biggest_hodlers/,"the biggest hodlers what if people targeted the biggest hodlers of btc for assassination to drive the price up to astronomical levels? 

think about it, if the top 50 btc holders are wiped at, the price will sky rocket to unimaginable levels.",btc,en,0.0,18.0,1mxmkzg,btc,,,,,,-0.4767
2025-08-23 01:00:34.385,116840.2881931396,,reddit,https://www.reddit.com/r/CryptoCurrency/comments/1mxnuu0/help_getting_my_crypto_stuck_on_mercatox/,"help getting my crypto stuck on mercatox i had some bitcoin on my mercatox account. mercatox since shut down and gave a deadline of may 1st i beleive to send them an email and have funds given back.   
  
i sent them an email in april, provided all requested identification, and the address to send it to. they ghosted me. i then sent another email threatening to report them, they responded fast asking for my btc address again, i gave it to them, then they ghosted me. i then sent them another email threatening legal action if they didn't send me my funds.   
  
i am confused on how to proceed. what can i do to get their attention and get my money back?",btc,en,4.0,6.0,1mxnuu0,CryptoCurrency,,,,,,-0.7845
2025-08-23 02:02:12.950,116431.22818366547,,reddit,https://www.reddit.com/r/CryptoCurrency/comments/1mxoms9/privacy_coins_are_the_most_interesting_asset_for/,"privacy coins are the most interesting asset for the next 6 months i've been thinking a lot about this

\#1 - crypto is not ***fungible*** \- governments are already primed to create a scoring system for crypto. monero heads have been yelling about this for ages & they are right.  [https://x.com/bowtiedmara/status/1956142553226477768](https://x.com/bowtiedmara/status/1956142553226477768)

\#2 - institutionalists market crypto as easier to track than money. [https://x.com/afterearnings/status/1959003072069607701](https://x.com/afterearnings/status/1959003072069607701)

the people with on chain wealth like the guy who market sold 8 billion in bitcoin recently don't like crypto being co-opted by existing systems of power.

they will look for solutions to protect their wealth. they had the conviction to buy into bitcoin when everyone said it would fail.

\#3 - as wealth moves on chain there are an ***unlimited*** number of memecoins and vc infrastructure dumpfests to dillute the wealth affect of those markets. you can't buy 10 years of fair coin distribution from a vc.

\#4 - zcash probably has the most bullish chart of all time when it comes to shielded coins. this means 3.7 million of existing holder coins live in pools that aren't going to exchanges. it is growing while not being supported by ledger.

this is a huge amount of community buy in - events like this show the underlying demand before price appreciation. [https://x.com/zbitusd/status/1958889737529565391](https://x.com/zbitusd/status/1958889737529565391)

\#5 - privacy coins are drastically under represented in the market. zcash pumped by 20%+ from a gainzy shill. monero and zcash together are less then uniswap, polkadot or avax.

\#6 - zcash has major tech coming online with tachyon - the most serious scaling project since solana. and is connecting to the rest of crypto on chain to bring privacy to cross chain swaps. it has invented the privacy tech the rest of the crypto ecosystem uses and sean bowe is probably the greatest cryptographer of our time.

\#7 - monero suffers from sub par tech - but still has seen appreciation in the middle of an altcoin bear market and being delisted from most major exchanges. they have proven that the value prop of private money can't be destroyed with centralized censorship.",btc,en,49.0,49.0,1mxoms9,CryptoCurrency,,,,,,0.9824
2025-08-23 03:02:13.028,115820.56605227097,,reddit,https://www.reddit.com/r/Bitcoin/comments/1mxq12i/itchy_hands_during_dip_live_your_life_man/,"itchy hands during dip, live your life man. what's the problem tho? i've seen people worrying too much whether they should sell and buy the dip again later... like

if you have enough money to cover or to put on bitcoin, has enough to live, have roof etc, like just hodl? seems like it's so hard? wtf

like dude live your life? and then just keep buying gradually? go to gym, lift weight, make art, talk to people?

all i see in this sub is always fiat price 😂

at the end it's just one of the path of your way to defend your hardwork?",btc,en,17.0,8.0,1mxq12i,Bitcoin,,,,,,-0.6035
2025-08-23 04:02:18.492,115506.4523420838,,reddit,https://www.reddit.com/r/Bitcoin/comments/1mxr93d/im_a_muslim_and_im_grateful_for_bitcoin/,"i'm a muslim and i'm grateful for bitcoin i'm a muslim and i've owned bitcoin for a few years now. as a muslim, i've always been frustrated about how the world economy works, and how much interest, (or what we call riba') is involved. we're not supposed to take any interest for any loans, but that's the very backbone of what fiat is, and how banks make profit. there's even a saying from our prophet about these times:

""a time is certainly coming to mankind when only the receiver of usury will remain, and if he does not receive it some of its vapour (or alternatively, its dust) will reach him.""

even with islamic financing, nothing is really solved in the system besides the contract. the net money flow is still the same. the rich get richer and the poor get poorer. it's just a workaround and i wasn't satisfied.

when i discovered about bitcoin, i was mind-blown. i had so much conviction that this can be an escapee for muslims around the world. i even bought a hardware wallet with bitcoin. it still saddens me that muslim-majority countries, including mine, are still skeptical and not ready for change. the answer is right in front of them, but they don't ignore it! they would rather take loans for 30+ years that they have to pay double because of interest. they would rather lock up their money in epfs that can't even keep up with inflation and devaluation of fiat that by the time they retire, everything's already double or triple in price. not enough people are taking bitcoin seriously, and i believe that muslims should be the forefront of promoting bitcoin. it's really true what has been said in this sub: we're still early.",btc,en,6.0,48.0,1mxr93d,Bitcoin,,,,,,0.8931
2025-08-23 05:02:39.819,115836.07441882673,,reddit,https://www.reddit.com/r/Bitcoin/comments/1mxrnww/never_bought_before_but_have_been_interested_for/,never bought before but have been interested for a bit. is now a good time to dca? i’ve been interested in btc for a bit but have never bought however all this buzz around jackson hole and  a new all time high have me reconsidering. would now be a good time to get into dca even if it’s only like 50$ a week?,btc,en,6.0,26.0,1mxrnww,Bitcoin,,,,,,0.9607
2025-08-23 06:02:01.222,115916.12989192463,,reddit,https://inbitcoinwetrust.substack.com/p/the-9-trillion-storm-deconstructing,"the $9 trillion storm: deconstructing arthur hayes' blueprint for a $250,000 bitcoin. to understand the coming paradigm shift, you must first grasp the six economic realities he unveiled.",btc,en,1.0,1.0,1mxszwn,CryptoMarkets,,,,,,0.0
2025-08-23 07:02:44.649,115686.06492737043,,reddit,https://i.redd.it/i8k73zqowpkf1.png,dubai renters can now pay for apartments in bitcoin,btc,en,255.0,15.0,1mxukyz,Bitcoin,,,,,,-0.1027
2025-08-23 08:02:16.421,115756.2715219422,,reddit,https://www.reddit.com/r/Bitcoin/comments/1mxuvho/are_btc_stackers_modern_day_hippies/,"are btc stackers modern day hippies? it really makes more sense the more i think about it. anti 'the system' and pro freedom, fairness, and sovereignty.",btc,en,0.0,20.0,1mxuvho,Bitcoin,,,,,,0.4404
2025-08-23 09:03:05.928,115734.99631164433,,reddit,https://coinfomania.com/powell-sparks-bitcoin-futures-surge-with-300-million-inflow/,powell sparks bitcoin futures surge with $300 million inflow,btc,en,33.0,2.0,1mxw29k,CryptoCurrency,,,,,,0.0
2025-08-23 10:02:47.918,115693.1818934524,,reddit,https://youtu.be/rPVoaYFiIDg?si=Wws3Kq7qn3zDtMNV,"why bitcoin is on the rise in kenyan slums | bbc news if you get lost in the charts, remember that this is what it is all about.",btc,en,39.0,4.0,1mxxgfi,Bitcoin,,,,,,-0.3182
2025-08-23 11:02:07.091,115518.50378351715,,reddit,https://www.reddit.com/r/btc/comments/1mxygpv/best_way_to_buy_btc_with_chf/,"best way to buy btc with chf i’m in switzerland and i’ve been trying out different platforms to buy btc. the issue i keep running into is that if i deposit chf, i first need to convert to usd/eur, and then to btc. by the time both conversions are done, i’m losing around 5% to 10% just in fees, which feels like a total rip-off.

is there a better way to go from chf → btc without bleeding so much on conversion fees? maybe i’m missing something obvious, or just using the wrong platforms. any idea on the right way and platform to use?",btc,en,0.0,11.0,1mxygpv,btc,,,,,,0.4696
2025-08-23 12:00:00.562,115274.0388844848,,reddit,https://www.reddit.com/r/Bitcoin/comments/1mxzhj2/all_in/,"all in i've been studying bitcoin in-depth for several weeks and am completely hooked on the blockchain system. 
in the future, the world will be completely transformed by stablecoin-based transactions, and all assets will be tokenized and traded. there's no alternative. therefore, not investing in bitcoin is a risky choice. if it falls further and halves, i plan to take out a loan to buy it.",btc,en,4.0,14.0,1mxzhj2,Bitcoin,,,,,,-0.3182
2025-08-23 13:02:23.249,115135.13762173562,,reddit,https://www.reddit.com/r/Bitcoin/comments/1my0ej5/bitcoin_surges_market_conditions_favor_steady/,"bitcoin surges, market conditions favor steady buying bitcoin recently pushed past $117k after signals from the fed hinted at a potential interest rate cut. the move triggered massive short liquidations, over $56 million on btc alone. these sharp swings are a reminder of how macro events and liquidity levels can move crypto quickly.

for many users, this kind of market volatility makes timing the market tricky. one approach to consider is dollar-cost averaging or dca. by spreading purchases out over time, for example $1,000 per month, investors can reduce the pressure of trying to catch a bottom or a top. historical trends show that regular dca purchases in bitcoin over the past year could have delivered solid returns, even during choppy markets.

automatic or recurring purchase strategies can help users steadily build exposure while managing risk. by setting up consistent contributions over time, investors can accumulate gradually and participate in broader market trends without relying on perfect timing.

recent market activity highlights two things. volatility is here to stay, and structured, consistent strategies can help navigate it. for those watching the market, it raises the question: are steady accumulation strategies like dca becoming more relevant than ever in these conditions?",btc,en,0.0,3.0,1my0ej5,Bitcoin,,,,,,0.6126
2025-08-23 14:01:35.437,114821.41680903742,,reddit,https://www.reddit.com/r/CryptoMarkets/comments/1my245j/how_do_you_diversify_your_crypto_portfolio/,"how do you diversify your crypto portfolio without overcomplicating it? with so many assets available, it’s tempting to spread investments too thin. how do you balance between major coins (btc, eth) and smaller-cap projects while managing risk effectively?",btc,en,5.0,19.0,1my245j,CryptoMarkets,,,,,,0.4833
2025-08-23 15:02:46.088,114686.33732965987,,reddit,https://www.reddit.com/r/Bitcoin/comments/1my384j/bitcoin/,#bitcoin what would we do without bitcoin? it literally changed my life and it will change yours too. trust.,btc,en,0.0,1.0,1my384j,Bitcoin,,,,,,0.5106
2025-08-23 16:02:24.239,114783.2566749885,,reddit,https://www.reddit.com/r/Bitcoin/comments/1my5792/what_happens_if_governments_turn_hostile_to/,"what happens if governments turn hostile to bitcoin owners and kyc data leaks? here’s a concern i’ve been thinking about that i don’t see discussed enough:

when you buy bitcoin from a kyc exchange (like okx, coinbase, binance, etc.), your purchase is permanently tied to your identity. they have your passport, your address, your withdrawal history, and which wallets you sent to. that data doesn’t just disappear, it’s stored in centralized databases, often in multiple jurisdictions, sometimes indefinitely.

now, imagine a future where governments or regimes take a hostile stance toward bitcoin ownership itself, not just trading or mining.

	•	scenario 1: a country makes it illegal to own bitcoin, not just use it for transactions. suddenly, the mere fact that your name appears in leaked kyc data could be enough for prosecution.

	•	scenario 2: you travel or move to a restrictive country (china, nepal, algeria, etc.). even if ownership isn’t illegal today, regimes change. a leaked kyc database could tie your name to large bitcoin holdings, and you could be treated as a criminal just for having them.

	•	scenario 3: governments use kyc exchange data retroactively. maybe bitcoin stays legal, but authorities decide to crack down on “unreported wealth” or impose special taxes. if your kyc records show large holdings, you could be targeted years later, even if your coins have long since moved into cold storage.

so my question is:
has anyone else thought seriously about this? are we underestimating the risk that kyc exchange records could become a liability in the future, not just for privacy, but for personal safety and legal status?",btc,en,7.0,39.0,1my5792,Bitcoin,,,,,,-0.904
2025-08-23 17:02:12.024,114971.81358538911,,reddit,https://i.redd.it/v04vnfitvskf1.jpeg,"daily bitcoin meme until btc is at $200,000 #71",btc,en,553.0,12.0,1my6swq,Bitcoin,,,,,,0.0
2025-08-23 18:02:37.432,115025.4752987663,,reddit,https://www.reddit.com/r/Bitcoin/comments/1my84zy/i_used_to_use_cash_app_for_btc/,i used to use cash app for btc hey guys i used to use cash app for btc but recently my cash app account got closed and i was wondering if there any other app that is as easy and safe to use as cash app that also allows you to buy and trade btc?,btc,en,3.0,26.0,1my84zy,Bitcoin,,,,,,0.8271
2025-08-23 19:02:04.743,115092.92711799828,,reddit,https://beincrypto.com/bitcoin-whale-ethereum-bet-100-million-profit/,how a bitcoin whale’s ethereum bet paid off with $100 million,btc,en,75.0,19.0,1my9xry,CryptoCurrency,,,,,,0.0
2025-08-23 20:03:01.408,115099.37297567134,,reddit,https://i.redd.it/2p660ed7qtkf1.png,if bitcoin was cellphones worldwide adoption rate,btc,en,146.0,40.0,1myb7fx,Bitcoin,,,,,,0.0
2025-08-23 21:02:31.788,115226.72980830548,,reddit,https://www.reddit.com/r/btc/comments/1myck1q/binance_froze_my_funds_for_30_days_then_sent_my/,"binance froze my funds for 30 days, then sent my withdrawal to the wrong address and blamed it on malware 🤡 i need to share what just happened because it’s absolutely insane and people should know how binance treats its users.

binance opened a bogus $197 “dispute” against me and froze all my funds for 30 days straight. every single day i was threatened — my account would be suspended, closed, or funds withheld unless i paid.

after the 30 days expired, they closed the case themselves without my compliance. fine, i thought, finally done.

i go to withdraw \~$2,300 btc to my whitelisted trezor address — the one i had saved long ago. i didn’t type anything, didn’t paste anything, just clicked the dropdown.

guess what? binance sends my money to a completely different bitcoin address that is not mine. when i confronted them, they had the audacity to blame it on “malware” on my device. 🤦‍♂️

here’s the kicker: their own system behavior proves that’s impossible. if the address had been tampered with locally, binance’s backend would’ve flagged it as a new address and forced network selection + 2fa. that never happened. they admitted themselves that the transaction was processed as whitelisted. which means the mistake was inside binance, not on my machine.

so after 30 days of threats and frozen funds, my very next withdrawal gets “misrouted” to a random address, and they blame me. this isn’t an accident anymore — it looks like retaliation for not bowing to their $197 shakedown.

i have the blockchain records, i have the screenshots of their ui logic, i have the chat transcripts where they basically admit it went through as whitelisted.

this company is a predatory custodian that overrides its own security guarantees when it suits them. if it can happen to me, it can happen to anyone. and the fact that they’re hiding behind “malware” excuses while bypassing their billion-dollar whitelist infrastructure is beyond laughable.

people really need to think twice before leaving any serious money on binance.  
location: europe",btc,en,46.0,27.0,1myck1q,btc,,,,,,-0.9698
2025-08-23 22:02:36.015,115167.53577999982,,reddit,https://i.redd.it/phqvlz68bukf1.jpeg,pov: you’re a bitcoin diamond hand,btc,en,150.0,9.0,1mye33q,Bitcoin,,,,,,0.6808
2025-08-23 23:01:40.362,115280.2064737652,,reddit,https://www.reddit.com/r/Bitcoin/comments/1myfr13/if_people_are_expecting_a_bitcoin_bear_market_in/,"if people are expecting a bitcoin bear market in 2026, why buy and hold now? hi all. i have a question, pretty much listed in the title. if people are expecting a bitcoin bear market in 2026, and i saw many post saying that they expect a bottom around 50k, 60k, 70k, 80k, etc. then why buy and hold right now? wouldn’t it be better to hold cash and buy when the price are lower if people are so convinced that will happen?

i mean it makes sense if your plan is to buy now and hold until it reaches the top (the top in your opinion), and sell to get more cash so you can buy more in the bear market. but 1. that would be trying to time the market, and people usually suggest don’t do that for good reason. 2. people are not saying they would sell at the presumed top, but just buy and hold. 

so i am just confused- it seems that it would be contradictory to both believe a bear market/a substantial price drop and also believe buy and hold right now. can someone please explain the logic behind such a combination of thoughts? or that people don’t believe these two things in the same time, just different people believe different things.

right now i have like 80% of my money in bitcoin and bitcoin etfs, and 20% cash. i am fully onboard on the fiat money printing - your usd is going to forever lose value thing, and that’s why i am in bitcoin. but if i believe next year the bitcoin would crash to 70-80k, i would not feel comfortable holding right now. call it trying to time the market if you want but still. like i don’t want to hold stocks if i know it will enter a bear market at a fixed time and the price will be way below current price. i hold stocks because i don’t know when the bear market will be and time in the market beats timing the market.

hopefully i expressed myself clearly. appreciate your thoughts on this in advance.",btc,en,80.0,218.0,1myfr13,Bitcoin,,,,,,0.9593
2025-08-24 00:03:09.115,115359.98346714744,,reddit,https://www.reddit.com/r/Bitcoin/comments/1myg4r0/where_can_i_sell_my_engagement_ring_for_bitcoin/,"where can i sell my engagement ring for bitcoin? i want to sell my engagement ring but i want to have the payment in bitcoin. i’d much rather have bitcoin than a diamond/rock. yes my husband is totally ok with it. he doesn’t care. i would sell my wedding ring too if i find any takers, but it won’t bring in much money. 

and yes, i know that i can sell it in dollars then buy bitcoin, but i’d just rather receive payment in btc. 

has anyone done something similar? where would be the best place to post/sell? 

and no i’m not fomoing. i’ve been buying any chance i have ever since i learned what btc really is.",btc,en,0.0,13.0,1myg4r0,Bitcoin,,,,,,0.9783
2025-08-24 01:00:06.611,115363.99729235176,,reddit,https://www.reddit.com/r/Bitcoin/comments/1myg4r0/where_can_i_sell_my_engagement_ring_for_bitcoin/,"where can i sell my engagement ring for bitcoin? i want to sell my engagement ring but i want to have the payment in bitcoin. i’d much rather have bitcoin than a diamond/rock. yes my husband is totally ok with it. he doesn’t care. i would sell my wedding ring too if i find any takers, but it won’t bring in much money. 

and yes, i know that i can sell it in dollars then buy bitcoin, but i’d just rather receive payment in btc. 

has anyone done something similar? where would be the best place to post/sell? 

and no i’m not fomoing. i’ve been buying any chance i have ever since i learned what btc really is.",btc,en,0.0,13.0,1myg4r0,Bitcoin,,,,,,0.9783
2025-08-24 02:02:12.191,115431.1805844341,,reddit,https://www.reddit.com/r/CryptoMarkets/comments/1myj29c/need_some_guidance_please_help/,"need some guidance, please help! hi everyone !

i need some help. this is my first time posting on reddit and building a project, and i am looking for your insights and opinions, so please go easy on me. i apologize for the long read.

i have been interested in crypto (especially bitcoin and dogecoin since the election). i have been looking for crypto news but i have always found them either biased, too much data , quantitative metrics and at times confusing and sometimes, some ai regurgitated news. none of them personalize the news to your interests or portfolio and none of them fetch and feed the news which is actually valuable or needed. i feel most of the time people skim through twitter/reddit to find news which is good enough to spend money on.

so i thought what if i made a tool which could use ai to go through all crypto platforms, news platforms too, reddit , twitter, you name it.. and give you unbiased news based on your personalized interests which you can customize. basically filters news, alerts, noise and narratives based on your preferences (coins, sectors, nfts, defi, etc.)

so i started building a small project to solve this for myself, and i’d love your thoughts:

(1) pulls news from twitter, reddit, crypto sites, etc.

(2) filters it based on your interests (coins, nfts, defi, sectors).

(3) flags critical alerts early (narratives, tokens, regulations).

(4) uses ai to explain "" why it matters "" and give risk/reward confidence scores.

(5) sends a short daily newsletter with your personal highlights in plain english, not jargon.

i want to show what news was (1) detected , (2) why it matters and what (3) action you should take clearly! early alerts on narratives, tokens, or sectors you care about. i am trying to make it easily digestible for casual investors like me and actionable with confidence scores + plain-language explanations. i want to give risk/reward with confidence levels for each alert.

the most important part is that the news is simply not some bullshit summary, but analyzes, predicts, flags critical alerts, sends a daily email newsletter with your highlights, so you don’t have to scroll endless feeds.

my goal is to build not just another crypto newsletter, but something personalized, actionable (confidence levels, risks/rewards) and digestible for casual investors like me.

but i don’t know if i’m solving a real problem or just building a “meh” project.

since this is my first attempt, i’d really value your thoughts:

would something like this be useful to you?

what part feels valuable vs. “just noise”?

what would make you actually use or subscribe to a tool like this?

i’m not looking for customers right now, just validation and honest feedback (even if you think it’s dumb, please tell me).

i also made a mock landing page + dashboard preview so people can see what it might look like (not live yet, just a prototype). i know this is a bit premature, but i thought why not!

i would like to thank everyone for taking the time to read this fully and i thank any comments for my project.

thanks",btc,en,4.0,3.0,1myj29c,CryptoMarkets,,,,,,0.9985
2025-08-24 03:00:36.078,115069.43066346605,,reddit,https://i.redd.it/11lxwx45tvkf1.jpeg,i found this piece of paper with a bitcoin recovery phrase (i’m smart enough not to post the phrase). where can i check this wallet to see if i left anything in it? its from probably 10 years ago and i dont remember anything else about it.,btc,en,0.0,24.0,1mykgy9,Bitcoin,,,,,,0.4019
2025-08-24 04:01:45.888,114993.24273069264,,reddit,https://www.reddit.com/r/Bitcoin/comments/1mylgjp/another_power_law_question/,"another power law question. the power law seems to be the most accurate btc model given it’s been pretty accurate with over 10+ years of data.

with that being said the past does nor current do not predict the future.

also with that being said, what is the point of dca when we can use the power law to buy near bottoms always, given the accuracy of the power law?  if we know for certain that it’ll eventually trend near or close to under $100k eventually why not wait? the current floor using the power law is $40k meaning the next bear market will be somewhere near that so why not just wait?

this is assuming the power law remains formidable.

what are the chances of eventually breaks? math never lies… imo supply shock could be the only thing to break the model/argument against now waiting.",btc,en,28.0,31.0,1mylgjp,Bitcoin,,,,,,0.6662
2025-08-24 05:02:23.931,115086.60114191736,,reddit,https://i.redd.it/a05qeyfkdwkf1.jpeg,in 2018 frank from shameless said he would invest the welfare checks into btc.,btc,en,302.0,30.0,1mymk20,Bitcoin,,,,,,-0.34
2025-08-24 06:00:53.884,114953.03010212432,,reddit,https://cointelegraph.com/press-releases/bitcoin-asia-2025-takes-over-hong-kong-next-week-as-the-largest-of-its-kind-in-asia,bitcoin asia 2025: hong kong hosts the biggest btc event in asia next week,btc,en,0.0,2.0,1mynm7o,btc,,,,,,0.0
2025-08-24 07:02:42.692,114844.61849424148,,reddit,https://www.reddit.com/r/Bitcoin/comments/1myomzw/2009_satoshistranger_told_me_about_bitcoin_i/,"2009. satoshi/stranger told me about bitcoin. i mined 54, and deleted them 🤐🥶 
2009.
i was 15. playing age of empires ii in a random online chat lobby. cba map.

out of nowhere, a stranger typed:
👉 “ever tried mining bitcoin?”

i had never heard the word before.
but i followed his instructions. my noisy white cpu whirred louder, and decimals appeared on my wallet screen. worthless at the time, but night after night they grew.

weeks later: 54 bitcoins.
sitting quietly on my drive.

then came the fear.
forum posts about illegality. stories of bank accounts frozen. my father’s stressed silence at the dinner table. i was just a kid. i didn’t want to ruin my family’s life over something i barely understood.

so one night…
👉 shift + delete.
no backup. no keys. no usb.

💀 54 btc. gone. forever.

that ghost has followed me through every bull run, every price chart, every time someone says “bitcoin changed my life.”

i wrote my story in a book called bitcoins i shift deleted, as a way to process deep deep regret, resilience, and the strange luck of being there so early… and still losing it all.

and to this day, one question keeps haunting me:
who was that stranger in 2009?
the one who first whispered bitcoin into my life… and disappeared.

was he just another gamer? or was he… satoshi nakamoto?

sometimes i wonder if he still remembers me.",btc,en,0.0,76.0,1myomzw,Bitcoin,,,,,,-0.99
2025-08-24 08:02:30.401,114879.69078631984,,reddit,https://www.reddit.com/r/Bitcoin/comments/1myp5vx/sell_it_now_to_buy_a_house_i_dont_want_or_keep_it/,"sell it now to buy a house i don't want or keep it and buy an even worse house? okay so i'm 28 and really need/want to move out of house. i've got around 0.35 btc and and around 100k euro's in the bank, that would help me buy a house. the thing is, i don't have enough money saved to buy a house i actually want. all the houses here in my country that i want cost around 400k. if i'd sell the btc i'd be able to buy a house priced around 320k with a reasonable loan. but if i don't sell the. i only have enough for a house around 295k. which sucks because neither price range gives me a house that i really want. but i really need to move out of my parents house, i mean... i'm 28 and want to start my own life... so the question is now... do i keep the btc, hodl and keep dca'ing and buy a house i'll probably wont feel good in because it's totally not what i want. or do i sell the btc, get a slightly better house and dca again when i'm able to? 
i know this is probably a first world problem and i should be lucky to be able to buy a house alone at my age with the funds i have. but this is something that keeps me up at night and i'm sick of it.",btc,en,30.0,129.0,1myp5vx,Bitcoin,,,,,,-0.8831
2025-08-24 09:02:08.786,114753.3400146967,,reddit,https://cryptopotato.com/2-8m-bitcoin-gone-after-uk-police-officer-impersonation-scam/,$2.8m bitcoin gone after uk police officer impersonation scam,btc,en,1.0,6.0,1myqmzc,CryptoCurrency,,,,,,-0.5719
2025-08-24 10:01:43.563,114823.03309844932,,reddit,https://crypto-economy.com/bitcoin-cash/,bitcoin cash (bch): the key to fast and secure payments - crypto econom,btc,en,9.0,0.0,1myrhl5,btc,,,,,,0.34
2025-08-24 11:02:32.598,114736.45359290068,,reddit,https://www.reddit.com/r/Bitcoin/comments/1mysn6v/what_is_your_story/,"what is your story? i was about 16 when i first heard about these new “internet currencies.” a friend and i were talking about it, and after some time i decided to take the plunge and buy around $500 worth of bitcoin. at the time, that was a lot of money for me.

i didn’t really check on it much until it started making headlines everywhere. i still remember sitting on the bus on my way to school, looking at the digital screens by the bus stops that were showing the news: “bitcoin hits a new all-time high of $18k per coin…”

back then, i knew i had put some money in, but i wasn’t too bothered about it. as the price kept climbing, i decided to sell half of my bitcoin holdings when it reached around $30k per coin. i used the gains to buy into other cryptocurrencies, which some of i still hold today. one of them performed really well and even paid for a two-month vacation, so i can’t complain—though i do sometimes regret selling that bitcoin early.

overall, it was my first real introduction to the world of crypto. now i’m 25, and i’ve built the habit of buying bitcoin weekly.

what is your story?",btc,en,9.0,6.0,1mysn6v,Bitcoin,,,,,,0.4117
2025-08-24 13:02:47.741,114614.30553312866,,reddit,https://www.reddit.com/r/Bitcoin/comments/1myuzsu/bitbox_questions/,"bitbox questions i’m thinking about getting a bitbox02 hardware wallet and have a few questions i’d love some help with. my main goal is to set up a taproot wallet because i’ve heard it can save on fees down the line, and that’s the only reason i’m interested in it, no fancy features, just the cost savings. here’s what i’m trying to figure out:

1. i plan to buy a bitbox02 and create a taproot wallet. is this straightforward with the bitboxapp that comes with it?

2. i’d really like to receive bitcoin without having to plug my bitbox into my phone each time. is this possible using the bitboxapp, or do i need to set up a watch-only wallet to make that work? if it’s the latter, how do i go about doing that?

3. if the bitboxapp doesn’t let me do this easily, are there any mobile wallets out there that support a single-signature taproot wallet in watch-only mode? i’m not sure if bluewallet supports it yet.

i dont really have a working laptop as of now hence only android phone now.",btc,en,0.0,9.0,1myuzsu,Bitcoin,,,,,,0.97
2025-08-24 14:01:09.178,114578.64745830484,,reddit,https://www.reddit.com/r/Bitcoin/comments/1myvugo/is_btc_dca_late_nowadays_or_it_still_can_be/,"is btc dca late nowadays or it still can be profitable? i got into crypto a couple months ago but i realisan 95% of altcoins is a joke.. i want something stable but still profitable.
weekly 25 eu invest is worth nowadays in btc or find something else? (i know about stocks too but most of them are not so profitable, and i’m 23, kinda starting to feel that i dont have too much time to build a future slowly)",btc,en,2.0,20.0,1myvugo,Bitcoin,,,,,,0.9394
2025-08-24 15:02:00.257,114472.18350232056,,reddit,https://www.reddit.com/r/Bitcoin/comments/1myxj4p/would_our_kids_look_down_on_us_if_we_have_less/,"would our kids look down on us if we have less than 0.1 btc consider in the future, btc reach 10 million, even 0.1 btc is a life changing amount of asset. but what if one did not even stack 0.1 btc in the past, would hos kid looks down on him？",btc,en,0.0,16.0,1myxj4p,Bitcoin,,,,,,0.2023
2025-08-24 16:01:54.199,114369.60753646832,,reddit,https://www.reddit.com/r/Bitcoin/comments/1myxj4p/would_our_kids_look_down_on_us_if_we_have_less/,"would our kids look down on us if we have less than 0.1 btc consider in the future, btc reach 10 million, even 0.1 btc is a life changing amount of asset. but what if one did not even stack 0.1 btc in the past, would hos kid looks down on him？",btc,en,0.0,16.0,1myxj4p,Bitcoin,,,,,,0.2023
2025-08-24 17:02:02.369,114250.27307611564,,reddit,https://i.redd.it/s5zyat0r00lf1.jpeg,"when bitcoin was mostly retail 
this was 2021",btc,en,0.0,0.0,1mz11iv,Bitcoin,,,,,,0.0
