timestamp,title,source,url,text,coin,lang,score,num_comments,id,subreddit,author,like_count,retweet_count,reply_count,quote_count
2025-08-19 15:47:00+00:00,Ethereum Outshining Bitcoin Again as Crucial Metric Flips Bullish,news,,ethereum outshining bitcoin again as crucial metric flips bullish,btc,en,,,,,,,,,
2025-08-18 20:50:11+00:00,"BitMine accumulates $6.6B in ETH, rivaling BTC treasury companies",news,,"bitmine accumulates $6.6b in eth, rivaling btc treasury companies",btc,en,,,,,,,,,
2025-08-18 09:52:04+00:00,BlackRock and Ethereum Drive Crypto Inflows to $3.75 Billion,news,,blackrock and ethereum drive crypto inflows to $3.75 billion,btc,en,,,,,,,,,
2025-08-18 08:50:53+00:00,Ether ETFs smash records as crypto products see $3.75B inflows,news,,ether etfs smash records as crypto products see $3.75b inflows,btc,en,,,,,,,,,
2025-08-17 13:00:11+00:00,Ethereum vs. Bitcoin: Here’s why ETH can be a better 2025 risk-on pick,news,,ethereum vs. bitcoin: here’s why eth can be a better 2025 risk-on pick,btc,en,,,,,,,,,
2025-08-17 09:18:38+00:00,"ETH Poised for Bigger Gains Than BTC, According to This Indicator",news,,"eth poised for bigger gains than btc, according to this indicator",btc,en,,,,,,,,,
2025-08-24 17:27:16+00:00,,reddit,https://www.reddit.com/r/Bitcoin/comments/1mz1qn9/a_centralised_bank_manager_who_was_bullish_on/,"a centralised bank manager who was bullish on bitcoin 🔥 so today i needed some financial services for some private surgery, becuase the nhs is slow here in the uk.

my bitcoin bags have been packed for some time and i’m not selling my bitcoin for this surgery.

i went into my santander branch here in the going through questions for the service i needed.

the bank manager asks me do you have any offshore accounts….i nervously explain yes. kinda (becuase i was unsure if bitcoin would umbrella under this question)

as i knew deep down he could clearly see the funds leaving my account, that would go on to go into bitcoin.

his face lit up and smiled and asked do you hold bitcoin ? 

i nervously said yes. and he said don’t panic this won’t affect you getting the help you need.

he then said “i hold bitcoin too !”

i was flabbergasted.

we went on for half an hour extra in the consolation talking about how bullish we both were about bitcoin.

he even went on to show me how to deposit funds on to my exchange faster and cheaper, and filled the details in for me.

he then went on to pulling out his pen, clicking his pen writing down numbers and details of my centralised bank account numbers to send the fiat for bitcoin purchases.

i couldn’t believe it.

i won’t mention what santander bank branch this was incase the bank manager will go on to lose his job.

but waw what a boss 🔥

you have no idea how excited i was.

what an experience. there’s some hope guys.",btc,en,3.0,0.0,1mz1qn9,Bitcoin,,,,,
2025-08-24 17:01:23+00:00,,reddit,https://i.redd.it/s5zyat0r00lf1.jpeg,"when bitcoin was mostly retail 
this was 2021",btc,en,0.0,0.0,1mz11iv,Bitcoin,,,,,
2025-08-24 16:56:12+00:00,,reddit,https://youtu.be/-k6czLUdJPI?si=WncQYG3cxOvF7fCx,"gary is god's gift to bitcoin this is bitcoin-adjacent, but i swear to god as the centre collapses, boomers pass to the other side and leave a greater percentage of the voter base comfortable with the idea of either radical political on the one hand, or technical and technological solutions to wicked problems, champagne socialist voices like gary's get amplified and drive many more bitcoin sceptics into our arms. i know wealthy gen-xers desperately trying to get their money out of uk property and right now, and into the cayman islands. but the truth is that bitcoin is so much easier, and options for bitcoin exposure are increasing, even in europe (yes-yes, nyk-nyc, i know, but etfs and bitcoin treasury companies solve a ux and tax efficiency problem that self-custody doesn't, i'm not justifying it, just explaining).

gary has invested his ego in bitcoin being a ponzi, and if he had his way bitcoiners would be the first against the wall, but if you ignore that fact for a minute he's a gift that just keeps on giving.",btc,en,2.0,0.0,1mz0wkt,Bitcoin,,,,,
2025-08-24 16:25:28+00:00,,reddit,https://www.reddit.com/r/Bitcoin/comments/1mz03ea/unemployment_literally_kills_tens_of_thousands/,"unemployment literally kills tens of thousands… and bitcoin reacts too https://preview.redd.it/zv95t4ttszkf1.png?width=1536&format=png&auto=webp&s=61750ae8cf93c9183f0b7c20103888b85b4bef93

most people don’t realize how deadly unemployment actually is.

📉 research going back decades shows that in the u.s., every **1 percentage point increase in unemployment** is linked to around **37,000–47,500 extra deaths per year**.

* causes range from heart disease and stress-related illness to suicides, overdoses, and even higher homicide rates.
* one long-term study found that working-age men’s mortality risk rises **6% for each 1% uptick** in local unemployment.
* an older breakdown even estimated the “extra deaths” as \~20k heart attacks, \~900 suicides, \~650 homicides.

📊 right now (july 2025), the u.s. unemployment rate is **4.2%** — steady compared to last year. for context: south dakota is at just **1.9%**, while d.c. sits at **6.0%**.

📈 and here’s where bitcoin ties in:

* strong job reports = investors feel safer → bitcoin tends to pump.
* rising unemployment = more uncertainty → investors flee risk → bitcoin can dip.
* btc isn’t isolated; it lives and breathes with the same macro currents that drive equities, bonds, and risk assets.

so the dark truth is: unemployment doesn’t just hit wallets — it kills people. and at the same time, it shapes bitcoin’s price action.",btc,en,5.0,3.0,1mz03ea,Bitcoin,,,,,
2025-08-24 16:16:55+00:00,,reddit,https://www.reddit.com/r/Bitcoin/comments/1myzv5i/bitcoin/,bitcoin is it still a good time to buy bitcoin?,btc,en,0.0,13.0,1myzv5i,Bitcoin,,,,,
2025-08-24 16:12:26+00:00,,reddit,https://www.reddit.com/r/Bitcoin/comments/1myzquf/android_game_idle_bitcoin_mining/,"android game idle bitcoin mining hi everyone,

i’ve been working on a small side project — an **incremental/idle game themed around bitcoin mining**.  
it’s not a real mining app, just a game that simulates the idea of starting with a tiny rig and scaling up over time.

core loop:

* start with a basic mining rig
* upgrade hardware to boost hashrate
* prestige for long-term multipliers
* (coming soon) leaderboards

the game is currently in **closed beta on android**, free to play. if anyone here enjoys idle/clicker games, i’d really appreciate feedback on the pacing, balance, or ideas for bitcoin-related features that could make it more fun.

how to join:  
step 1: join the google testers group (required for play store closed betas)  
[https://groups.google.com/g/testers-community](https://groups.google.com/g/testers-community)  
step 2: download the beta here  
[https://play.google.com/store/apps/details?id=com.carnagestudio.idlebitcoinmining](https://play.google.com/store/apps/details?id=com.carnagestudio.idlebitcoinmining)

more info: [website link](https://idlebtcmining.vercel.app)

thanks in advance to anyone who gives it a try

https://preview.redd.it/n4baxp7yrzkf1.jpg?width=283&format=pjpg&auto=webp&s=649d091da9a5a028cdf4781dca049731ffac8a11",btc,en,1.0,0.0,1myzquf,Bitcoin,,,,,
2025-08-24 14:48:10+00:00,,reddit,https://www.reddit.com/r/Bitcoin/comments/1myxj4p/would_our_kids_look_down_on_us_if_we_have_less/,"would our kids look down on us if we have less than 0.1 btc consider in the future, btc reach 10 million, even 0.1 btc is a life changing amount of asset. but what if one did not even stack 0.1 btc in the past, would hos kid looks down on him？",btc,en,0.0,16.0,1myxj4p,Bitcoin,,,,,
2025-08-24 14:40:41+00:00,,reddit,https://www.reddit.com/r/Bitcoin/comments/1myxc4c/lost_my_second_password_on_blockchain_wallet_8/,"lost my second password on blockchain wallet 8 years ago — any hope to recover my btc? hi everyone,  
i know it might sound like a common story, but in my case it’s true: around 8 years ago i lost the **second password** to my [blockchain.com](http://blockchain.com) wallet. back then, there was the main password to log in, and a second one (like a security pin) required to **send funds**.

the issue is that without that second password, i can log in and see my balance, but i can’t move anything. at the time, i had about **0.34 btc**, which didn’t hurt too much back then… but today it’s quite a significant amount, so i’m wondering if there’s *any* chance of recovery.

i already contacted blockchain support, but they basically said they **can’t do anything** and referred me to some **external team** that supposedly handles this kind of recovery… but honestly, it doesn’t sound very trustworthy.

does anyone know if there’s a **legitimate way** to recover the funds, or should i just accept them as lost forever?  
any advice or shared experiences would be greatly appreciated.

cheers!

https://preview.redd.it/hufufhw8czkf1.jpg?width=300&format=pjpg&auto=webp&s=0218d497f40fe79233b84eaa465691cd4013b026",btc,en,1.0,6.0,1myxc4c,Bitcoin,,,,,
2025-08-24 14:35:57+00:00,,reddit,https://inbitcoinwetrust.substack.com/p/bitcoins-unlikely-marketing-team,bitcoin's unlikely marketing team: the governments fighting it.,btc,en,11.0,1.0,1myx7x6,Bitcoin,,,,,
2025-08-24 13:39:06+00:00,,reddit,https://www.reddit.com/r/Bitcoin/comments/1myvugo/is_btc_dca_late_nowadays_or_it_still_can_be/,"is btc dca late nowadays or it still can be profitable? i got into crypto a couple months ago but i realisan 95% of altcoins is a joke.. i want something stable but still profitable.
weekly 25 eu invest is worth nowadays in btc or find something else? (i know about stocks too but most of them are not so profitable, and i’m 23, kinda starting to feel that i dont have too much time to build a future slowly)",btc,en,2.0,20.0,1myvugo,Bitcoin,,,,,
2025-08-24 13:30:52+00:00,,reddit,https://i.redd.it/7jyz2r27zykf1.jpeg,you want to talk about decisions you could take back? seeing these screenshot of people buying .25 btc at $50k and then selling make me roll my eyes a bit.,btc,en,377.0,76.0,1myvnjm,Bitcoin,,,,,
2025-08-24 13:02:11+00:00,,reddit,https://www.reddit.com/r/Bitcoin/comments/1myuzsu/bitbox_questions/,"bitbox questions i’m thinking about getting a bitbox02 hardware wallet and have a few questions i’d love some help with. my main goal is to set up a taproot wallet because i’ve heard it can save on fees down the line, and that’s the only reason i’m interested in it, no fancy features, just the cost savings. here’s what i’m trying to figure out:

1. i plan to buy a bitbox02 and create a taproot wallet. is this straightforward with the bitboxapp that comes with it?

2. i’d really like to receive bitcoin without having to plug my bitbox into my phone each time. is this possible using the bitboxapp, or do i need to set up a watch-only wallet to make that work? if it’s the latter, how do i go about doing that?

3. if the bitboxapp doesn’t let me do this easily, are there any mobile wallets out there that support a single-signature taproot wallet in watch-only mode? i’m not sure if bluewallet supports it yet.

i dont really have a working laptop as of now hence only android phone now.",btc,en,0.0,9.0,1myuzsu,Bitcoin,,,,,
2025-08-24 11:31:49+00:00,,reddit,https://www.reddit.com/r/Bitcoin/comments/1myt6ro/sell_index_fund_for_bitcoin/,"sell index fund for bitcoin? 29m.should i sell £30,000 in my index fund to go all in on bitcoin? what are your thoughts?",btc,en,17.0,14.0,1myt6ro,Bitcoin,,,,,
2025-08-24 11:01:03+00:00,,reddit,https://www.reddit.com/r/Bitcoin/comments/1mysn6v/what_is_your_story/,"what is your story? i was about 16 when i first heard about these new “internet currencies.” a friend and i were talking about it, and after some time i decided to take the plunge and buy around $500 worth of bitcoin. at the time, that was a lot of money for me.

i didn’t really check on it much until it started making headlines everywhere. i still remember sitting on the bus on my way to school, looking at the digital screens by the bus stops that were showing the news: “bitcoin hits a new all-time high of $18k per coin…”

back then, i knew i had put some money in, but i wasn’t too bothered about it. as the price kept climbing, i decided to sell half of my bitcoin holdings when it reached around $30k per coin. i used the gains to buy into other cryptocurrencies, which some of i still hold today. one of them performed really well and even paid for a two-month vacation, so i can’t complain—though i do sometimes regret selling that bitcoin early.

overall, it was my first real introduction to the world of crypto. now i’m 25, and i’ve built the habit of buying bitcoin weekly.

what is your story?",btc,en,9.0,6.0,1mysn6v,Bitcoin,,,,,
2025-08-24 09:32:14+00:00,,reddit,https://www.reddit.com/r/Bitcoin/comments/1myr676/18_going_all_in/,"18; going all in hey everyone, i’m 18 years old from germany, currently in a dual study program in finance. i earn about €1,000/1200€ per month and, for the next three years, i’ll have almost no expenses.

my plan is to go *all in* on bitcoin during this time. i already have a ledger wallet, but i’m also considering a trezor model t (bitcoin-only) for redundancy and peace of mind. a bit of background: i first entered the space in 2021 - not directly through bitcoin, but through the broader crypto hype (mainly metaverse projects). since then, i’ve been on and off, but now i really want to focus seriously on bitcoin and build conviction.

here’s how i’m thinking about it: even if bitcoin doesn’t perform as expected in the short term, i’ll still be starting my finance career in three years at the same point as my peers. the difference is that if it *does* work out, i’ll have an early and concentrated position. given my career trajectory, i’ll also have strong earning potential later, so i view this as a calculated risk.

my questions:

* what resources (books, articles, podcasts, courses) would you recommend to truly understand bitcoin’s economics, technology, and history?
* for someone who studies finance, which aspects of bitcoin are most important to dig into (monetary policy, security model, macro impact, etc.)?
* from your experience, is “going all in” at this stage a reasonable strategy, or would you recommend a different approach to accumulation and risk management?

i’d really value perspectives from those who’ve built long-term conviction in bitcoin, especially people with a finance background who can relate to this way of thinking.

thanks in advance!",btc,en,34.0,12.0,1myr676,Bitcoin,,,,,
2025-08-24 08:12:41+00:00,,reddit,https://www.reddit.com/r/Bitcoin/comments/1mypxg5/btc_sellers_with_no_regrets_where_are_you/,"btc sellers with no regrets, where are you? would be good to hear some of your stories. every time i open reddit i see posts of someone regretting selling btc back in the day. i don't blame them, but surely that mentality alone isn't good for btc.",btc,en,23.0,43.0,1mypxg5,Bitcoin,,,,,
2025-08-24 07:23:30+00:00,,reddit,https://www.reddit.com/r/Bitcoin/comments/1myp5vx/sell_it_now_to_buy_a_house_i_dont_want_or_keep_it/,"sell it now to buy a house i don't want or keep it and buy an even worse house? okay so i'm 28 and really need/want to move out of house. i've got around 0.35 btc and and around 100k euro's in the bank, that would help me buy a house. the thing is, i don't have enough money saved to buy a house i actually want. all the houses here in my country that i want cost around 400k. if i'd sell the btc i'd be able to buy a house priced around 320k with a reasonable loan. but if i don't sell the. i only have enough for a house around 295k. which sucks because neither price range gives me a house that i really want. but i really need to move out of my parents house, i mean... i'm 28 and want to start my own life... so the question is now... do i keep the btc, hodl and keep dca'ing and buy a house i'll probably wont feel good in because it's totally not what i want. or do i sell the btc, get a slightly better house and dca again when i'm able to? 
i know this is probably a first world problem and i should be lucky to be able to buy a house alone at my age with the funds i have. but this is something that keeps me up at night and i'm sick of it.",btc,en,30.0,129.0,1myp5vx,Bitcoin,,,,,
2025-08-24 06:50:58+00:00,,reddit,https://www.reddit.com/r/Bitcoin/comments/1myomzw/2009_satoshistranger_told_me_about_bitcoin_i/,"2009. satoshi/stranger told me about bitcoin. i mined 54, and deleted them 🤐🥶 
2009.
i was 15. playing age of empires ii in a random online chat lobby. cba map.

out of nowhere, a stranger typed:
👉 “ever tried mining bitcoin?”

i had never heard the word before.
but i followed his instructions. my noisy white cpu whirred louder, and decimals appeared on my wallet screen. worthless at the time, but night after night they grew.

weeks later: 54 bitcoins.
sitting quietly on my drive.

then came the fear.
forum posts about illegality. stories of bank accounts frozen. my father’s stressed silence at the dinner table. i was just a kid. i didn’t want to ruin my family’s life over something i barely understood.

so one night…
👉 shift + delete.
no backup. no keys. no usb.

💀 54 btc. gone. forever.

that ghost has followed me through every bull run, every price chart, every time someone says “bitcoin changed my life.”

i wrote my story in a book called bitcoins i shift deleted, as a way to process deep deep regret, resilience, and the strange luck of being there so early… and still losing it all.

and to this day, one question keeps haunting me:
who was that stranger in 2009?
the one who first whispered bitcoin into my life… and disappeared.

was he just another gamer? or was he… satoshi nakamoto?

sometimes i wonder if he still remembers me.",btc,en,0.0,76.0,1myomzw,Bitcoin,,,,,
2025-08-24 06:48:43+00:00,,reddit,https://www.reddit.com/r/Bitcoin/comments/1myolmq/is_blue_wallet_safe/,"is blue wallet safe? i am planning to take my bitcoin off the exchange and i am deciding which wallet i will put it on. i am planning to split my bitcoin holdings in half, one half i will store in blue wallet and the other half i will store on a hardware wallet. now, i want to ask if blue wallet is a legit/safe wallet to hold long term?",btc,en,6.0,13.0,1myolmq,Bitcoin,,,,,
2025-08-24 06:02:36+00:00,,reddit,https://www.reddit.com/r/Bitcoin/comments/1mynula/daily_discussion_august_24_2025/,"daily discussion, august 24, 2025 please utilize this sticky thread for all general **bitcoin** discussions! if you see posts on the front page or /r/bitcoin/new which are better suited for this daily discussion thread, please help out by directing the op to this thread instead. thank you!

if you don't get an answer to your question, you can try phrasing it differently or commenting again tomorrow.

please check the [previous discussion thread](https://www.reddit.com/r/bitcoin/comments/1mxtqcl/daily_discussion_august_23_2025/) for unanswered questions.",btc,en,24.0,23.0,1mynula,Bitcoin,,,,,
2025-08-24 05:39:43+00:00,,reddit,https://i.redd.it/evwez5qqmwkf1.jpeg,"don’t worry fam, we’ve got bitcoin",btc,en,119.0,0.0,1myngqo,Bitcoin,,,,,
2025-08-24 04:46:50+00:00,,reddit,https://i.redd.it/a05qeyfkdwkf1.jpeg,in 2018 frank from shameless said he would invest the welfare checks into btc.,btc,en,302.0,30.0,1mymk20,Bitcoin,,,,,
2025-08-24 04:12:30+00:00,,reddit,https://www.reddit.com/r/Bitcoin/comments/1myly5b/a_question_for_bitcoin_maxis/,"a question for bitcoin maxis for those of you that aren't zoomers in baseball caps and hoodies living in their parents home :)

how do you access cash when you need it?",btc,en,2.0,38.0,1myly5b,Bitcoin,,,,,
2025-08-24 04:04:25+00:00,,reddit,https://www.reddit.com/r/Bitcoin/comments/1mylsy2/when_bitcoin_drops/,"when bitcoin drops i see posts and mostly comments all the time:

bitcoin is going to drop.

bitcoin is not going to drop. 

it’s different this time. 

forget all this absolute nonsense. i am here to provide you all some real, absolute guarantees. 

i guarantee you:
-bitcoin is volatile. 
-bitcoin will drop again, but it will never drop beneath $49k.
-bitcoin will hit $200k
-bitcoin will hit 500k
-bitcoin will hit $1m 

now that these are 100% guaranteed to you all by the universe. what will you do with the information?",btc,en,6.0,11.0,1mylsy2,Bitcoin,,,,,
2025-08-24 03:45:21+00:00,,reddit,https://www.reddit.com/r/Bitcoin/comments/1mylgjp/another_power_law_question/,"another power law question. the power law seems to be the most accurate btc model given it’s been pretty accurate with over 10+ years of data.

with that being said the past does nor current do not predict the future.

also with that being said, what is the point of dca when we can use the power law to buy near bottoms always, given the accuracy of the power law?  if we know for certain that it’ll eventually trend near or close to under $100k eventually why not wait? the current floor using the power law is $40k meaning the next bear market will be somewhere near that so why not just wait?

this is assuming the power law remains formidable.

what are the chances of eventually breaks? math never lies… imo supply shock could be the only thing to break the model/argument against now waiting.",btc,en,28.0,31.0,1mylgjp,Bitcoin,,,,,
2025-08-24 03:08:27+00:00,,reddit,https://www.reddit.com/r/Bitcoin/comments/1myksde/still_hodling_like_its_2013/,"still hodling like it’s 2013 🫡 i once saw a child called btc.

born in an era when no one understood it, it grew up in obscurity, alone.

without state protection or bank backing,

there were only a few ""children"" who believed in it, typing away line after line of code at their keyboards, building nodes, and sowing faith.



some laughed at it, calling it a bubble;

some called it a scam.

but it simply continued silently, like a mute child, letting time alone answer all questions.



i longed to pull a ""future financial prediction machine"" from my pocket and tell the person who bought it for a few cents:

""don't be afraid. in the future, countless people will stay up late, research, and work hard for it.

it will be called 'digital gold' and may even change the world's concept of currency.""



but i know that growth cannot be cheated.

btc's story is like nobita's—stumbling, facing disfavor, yet never giving up.



now, it has grown up.

standing on the world stage, it is still questioned, still regulated, and still at the center of the storm.

but do you know?

it was never meant to be understood by everyone. it's simply to allow a small number of people to see another possibility.



if you're still holding on,

you may feel lonely, or think your ideal is too far-fetched.

but remember,

some changes aren't meant to be accomplished in a single generation.



i don't have a ""get-rich-quick pill"" or a ""wealth time machine.""

but i'll be with you, watching it continue to grow and the world slowly awaken.



—from a blue fat man, writing to the future of btc 🧁



\#btc's growth diary #doraemon's pocket isn't rich, but it has companionship #faith is the answer written by time",btc,en,4.0,1.0,1myksde,Bitcoin,,,,,
2025-08-24 03:02:53+00:00,,reddit,https://www.reddit.com/r/Bitcoin/comments/1mykomm/i_created_a_btc_calculator_that_can_help_you_with/,"i created a btc calculator that can help you with your roi **hi everyone,**

about a year ago, i was helping a friend search for a bitcoin mining site, and i quickly realized how inefficient spreadsheets were for modeling profitability. they were slow and not very flexible when we wanted to test different scenarios.

that experience pushed me to start building this **bitcoin mining calculator**.

here’s what it currently does:

* works with **any asic miner model** you choose
* calculates **monthly profit, roi, and payback period**
* uses **live data** for btc price, network hashrate, and difficulty
* gives you a clear picture of how much you can potentially earn

it’s designed to be much faster and easier than spreadsheets.

the link to the calculator [https://calc.hashinsight.net/](https://calc.hashinsight.net/)

i’d love to hear feedback from this community — would this kind of tool be useful for you?  
i’m also working on adding more advanced features to better support miners’ needs.

[miner monthly profit](https://preview.redd.it/6xhrkj0dpvkf1.png?width=1172&format=png&auto=webp&s=ee7419eda3d04d86cc76c076ec0997b60f28ffbd)

[roi progression](https://preview.redd.it/focg9s7fpvkf1.png?width=604&format=png&auto=webp&s=233d969c691ceab7c4fb2f43baeecdb110a627a4)

[miner profitability heatmap](https://preview.redd.it/9ztkfvhipvkf1.png?width=587&format=png&auto=webp&s=09ed87dcd7aa70de734047ec02d3f2d850468412)",btc,en,10.0,5.0,1mykomm,Bitcoin,,,,,
2025-08-24 02:51:36+00:00,,reddit,https://i.redd.it/11lxwx45tvkf1.jpeg,i found this piece of paper with a bitcoin recovery phrase (i’m smart enough not to post the phrase). where can i check this wallet to see if i left anything in it? its from probably 10 years ago and i dont remember anything else about it.,btc,en,0.0,24.0,1mykgy9,Bitcoin,,,,,
2025-08-23 23:17:04+00:00,,reddit,https://www.reddit.com/r/Bitcoin/comments/1myg4r0/where_can_i_sell_my_engagement_ring_for_bitcoin/,"where can i sell my engagement ring for bitcoin? i want to sell my engagement ring but i want to have the payment in bitcoin. i’d much rather have bitcoin than a diamond/rock. yes my husband is totally ok with it. he doesn’t care. i would sell my wedding ring too if i find any takers, but it won’t bring in much money. 

and yes, i know that i can sell it in dollars then buy bitcoin, but i’d just rather receive payment in btc. 

has anyone done something similar? where would be the best place to post/sell? 

and no i’m not fomoing. i’ve been buying any chance i have ever since i learned what btc really is.",btc,en,0.0,13.0,1myg4r0,Bitcoin,,,,,
2025-08-23 23:00:26+00:00,,reddit,https://www.reddit.com/r/Bitcoin/comments/1myfr13/if_people_are_expecting_a_bitcoin_bear_market_in/,"if people are expecting a bitcoin bear market in 2026, why buy and hold now? hi all. i have a question, pretty much listed in the title. if people are expecting a bitcoin bear market in 2026, and i saw many post saying that they expect a bottom around 50k, 60k, 70k, 80k, etc. then why buy and hold right now? wouldn’t it be better to hold cash and buy when the price are lower if people are so convinced that will happen?

i mean it makes sense if your plan is to buy now and hold until it reaches the top (the top in your opinion), and sell to get more cash so you can buy more in the bear market. but 1. that would be trying to time the market, and people usually suggest don’t do that for good reason. 2. people are not saying they would sell at the presumed top, but just buy and hold. 

so i am just confused- it seems that it would be contradictory to both believe a bear market/a substantial price drop and also believe buy and hold right now. can someone please explain the logic behind such a combination of thoughts? or that people don’t believe these two things in the same time, just different people believe different things.

right now i have like 80% of my money in bitcoin and bitcoin etfs, and 20% cash. i am fully onboard on the fiat money printing - your usd is going to forever lose value thing, and that’s why i am in bitcoin. but if i believe next year the bitcoin would crash to 70-80k, i would not feel comfortable holding right now. call it trying to time the market if you want but still. like i don’t want to hold stocks if i know it will enter a bear market at a fixed time and the price will be way below current price. i hold stocks because i don’t know when the bear market will be and time in the market beats timing the market.

hopefully i expressed myself clearly. appreciate your thoughts on this in advance.",btc,en,80.0,218.0,1myfr13,Bitcoin,,,,,
2025-08-23 22:13:02+00:00,,reddit,https://www.reddit.com/r/Bitcoin/comments/1myenj1/will_bitcoin_miners_eventually_replace_all_heaters/,"will bitcoin miners eventually replace all heaters? what do you think? is this just a fun thought experiment, or could heaters genuinely become obsolete once bitcoin mining is normalized as a dual purpose appliance?",btc,en,0.0,12.0,1myenj1,Bitcoin,,,,,
2025-08-23 21:49:26+00:00,,reddit,https://i.redd.it/phqvlz68bukf1.jpeg,pov: you’re a bitcoin diamond hand,btc,en,150.0,9.0,1mye33q,Bitcoin,,,,,
2025-08-23 20:37:25+00:00,,reddit,https://www.reddit.com/r/Bitcoin/comments/1myccca/sold_5_btc_at_72000_mortgage_free/,"sold 5 btc at $72,000. mortgage free. i told myself i could never be upset not having a mortgage. however 😭

edit. this was 2024. interest rates were over 6%. i couldn’t justify the loan. sold btc to pay cash for the house. 

second edit. 35 years old.",btc,en,1814.0,641.0,1myccca,Bitcoin,,,,,
2025-08-23 19:51:49+00:00,,reddit,https://i.redd.it/2p660ed7qtkf1.png,if bitcoin was cellphones worldwide adoption rate,btc,en,146.0,40.0,1myb7fx,Bitcoin,,,,,
2025-08-23 19:05:14+00:00,,reddit,https://www.reddit.com/r/Bitcoin/comments/1mya1cb/unable_to_buy_a_hardware_wallet_in_my_country/,"unable to buy a hardware wallet in my country. as the title says, there is actually no way to buy a hardware wallet in my country (tunisia), and we can't purchase from any international sites either.

recently, i started dcaing $100 bi-weekly into btc on an exchange and don't plan to keep it there.

can you guys recommend the best hot wallet to install for holding my btc? also, what is the best amount to transfer to the wallet each time i accumulate it, like 0.001, for example?",btc,en,3.0,15.0,1mya1cb,Bitcoin,,,,,
2025-08-23 18:15:29+00:00,,reddit,https://i.redd.it/8wj563a29tkf1.jpeg,"is the united states bringing back the gold standard but not with digital gold “bitcoin”? i just had this thought as the dollar basically goes to 0.000. the currency will be debasement. if the united states wants to keep the power of the world currency this gives no other choice to use sats and that will be backed by the new digital gold. 

just a thought i had in my head.",btc,en,0.0,6.0,1my8rcm,Bitcoin,,,,,
2025-08-23 17:52:03+00:00,,reddit,https://www.reddit.com/r/Bitcoin/comments/1my84zy/i_used_to_use_cash_app_for_btc/,i used to use cash app for btc hey guys i used to use cash app for btc but recently my cash app account got closed and i was wondering if there any other app that is as easy and safe to use as cash app that also allows you to buy and trade btc?,btc,en,3.0,26.0,1my84zy,Bitcoin,,,,,
2025-08-23 17:01:30+00:00,,reddit,https://i.redd.it/v04vnfitvskf1.jpeg,"daily bitcoin meme until btc is at $200,000 #71",btc,en,553.0,12.0,1my6swq,Bitcoin,,,,,
2025-08-23 16:16:47+00:00,,reddit,https://www.reddit.com/r/Bitcoin/comments/1my5nt3/never_heard_of_a_bitcoin_suptember_but_ive_always/,"never heard of a bitcoin suptember, but ive always known uptober, lets go boys not to burst your bubbles, but uptober it is",btc,en,3.0,2.0,1my5nt3,Bitcoin,,,,,
2025-08-23 16:14:45+00:00,,reddit,https://www.reddit.com/r/Bitcoin/comments/1my5lwv/dca_hardware_wallet/,"dca -> hardware wallet after years of holding btc on coinbase and reading “nyknyc” i finally got off my butt and got a hardware wallet. set up a recurring purchase on cashapp. now my entire “job” of stacking is a few click send to my trezor once a week. 

feels good to do it right. happy stacking!",btc,en,14.0,2.0,1my5lwv,Bitcoin,,,,,
2025-08-23 16:14:34+00:00,,reddit,https://www.reddit.com/r/Bitcoin/comments/1my5lqn/there_is_a_world_leader_whose_remarks_affects/,"there is a world leader whose remarks affects bitcoin, i just hope he stops talking about it there is a “u” in the name of the country",btc,en,0.0,7.0,1my5lqn,Bitcoin,,,,,
2025-08-23 15:59:16+00:00,,reddit,https://www.reddit.com/r/Bitcoin/comments/1my5792/what_happens_if_governments_turn_hostile_to/,"what happens if governments turn hostile to bitcoin owners and kyc data leaks? here’s a concern i’ve been thinking about that i don’t see discussed enough:

when you buy bitcoin from a kyc exchange (like okx, coinbase, binance, etc.), your purchase is permanently tied to your identity. they have your passport, your address, your withdrawal history, and which wallets you sent to. that data doesn’t just disappear, it’s stored in centralized databases, often in multiple jurisdictions, sometimes indefinitely.

now, imagine a future where governments or regimes take a hostile stance toward bitcoin ownership itself, not just trading or mining.

	•	scenario 1: a country makes it illegal to own bitcoin, not just use it for transactions. suddenly, the mere fact that your name appears in leaked kyc data could be enough for prosecution.

	•	scenario 2: you travel or move to a restrictive country (china, nepal, algeria, etc.). even if ownership isn’t illegal today, regimes change. a leaked kyc database could tie your name to large bitcoin holdings, and you could be treated as a criminal just for having them.

	•	scenario 3: governments use kyc exchange data retroactively. maybe bitcoin stays legal, but authorities decide to crack down on “unreported wealth” or impose special taxes. if your kyc records show large holdings, you could be targeted years later, even if your coins have long since moved into cold storage.

so my question is:
has anyone else thought seriously about this? are we underestimating the risk that kyc exchange records could become a liability in the future, not just for privacy, but for personal safety and legal status?",btc,en,7.0,39.0,1my5792,Bitcoin,,,,,
2025-08-23 15:34:07+00:00,,reddit,https://www.reddit.com/r/Bitcoin/comments/1my4k2x/bitcoin_etf_flows_and_jackson_hole_why_market/,"bitcoin etf flows and jackson hole: why market manipulation seems obvious the recent market behavior around the jackson hole meeting raises serious questions about whether we are truly witnessing natural supply and demand — or a coordinated play to liquidate retail traders.

# 1. the etf flow reversal before jackson hole

thanks for reading! subscribe for free to receive new posts and support my work.

until a day before the jackson hole meeting, bitcoin-related etfs showed a steady **net outflow** of funds.  
this naturally signaled to retail investors that inflation fears could push the market lower, leading many to take **high-leverage short positions**.

but on thursday — **one day before jackson hole** — etf flows suddenly turned positive.  
if the dovish tone (rate cut hints) was only confirmed *after* powell’s speech, etfs should have remained flat at best.  
instead, inflows began early, suggesting that **informed players moved ahead of the news**.

# 2. media narrative vs. real money

press enter or click to view image in full size

interestingly, while etf inflows had already started, the media kept flooding the headlines with **“inflation concerns”** stories.

* actual money was flowing in,
* but news coverage made it seem reckless to go long, pushing retail traders further into shorts.

this disconnect between flows and headlines looks less like coincidence and more like **orchestrated sentiment manipulation**.

# 3. the long/short liquidation cycle

press enter or click to view image in full size

the week leading up to jackson hole played out like a textbook liquidation cycle:

* **mon–wed: etf outflows → short inducement**
* binance lifted prices slightly before u.s. market open → luring retail longs
* sharp drops after the open → **long liquidation**
* **thursday: etf inflows begin**
* but headlines still screamed “inflation risk”
* retail traders doubled down on shorts
* **friday (jackson hole): sharp price spike**
* high-leverage shorts wiped out
* short covering cascade pushed prices even higher
* result: **whales profit from both long and short liquidations**

# 4. the bigger picture

when we connect the dots —

* etf flows shifting ahead of official news,
* media pushing the opposite narrative,
* exchange-driven intraday whipsaws —

it looks far less like random market behavior and far more like a **coordinated play between u.s. financial institutions and major exchanges like binance to extract liquidity from retail traders**.

# conclusion

this episode is a reminder that in bitcoin markets, the signals to watch are not headlines but **real money flows**.  
whenever etf flows, media narratives, and leverage positioning diverge, it often sets the stage for engineered volatility — where retail traders inevitably pay the price.

[](https://medium.com/@10000percentprofit?source=post_page---post_author_info--d5c86fe9627f---------------------------------------)",btc,en,2.0,7.0,1my4k2x,Bitcoin,,,,,
2025-08-23 14:41:02+00:00,,reddit,https://www.reddit.com/r/Bitcoin/comments/1my384j/bitcoin/,#bitcoin what would we do without bitcoin? it literally changed my life and it will change yours too. trust.,btc,en,0.0,1.0,1my384j,Bitcoin,,,,,
2025-08-23 14:31:36+00:00,,reddit,https://i.redd.it/d0sed9n25skf1.jpeg,"how miners accumulated thousands of btc when it was below $1 back in bitcoin’s early days, mining was nothing like it is today. there were no massive farms, no asic rigs, and definitely no huge electricity bills. most early miners were just enthusiasts running bitcoin core on their laptops or desktops for fun, solving blocks with cpus and later gpus. the block reward at the time was 50 btc per block, and because the network was so small, it was possible for an individual to mine several blocks in a single day without any competition.

what’s crazy to think about now is that back then, bitcoin wasn’t worth anything to most people. it was trading for pennies, or even zero in some cases. there were no centralized exchanges like binance, bitget, or okx to make buying easy. if you wanted bitcoin, you either mined it yourself or traded it peer to peer with someone on forums like bitcointalk. many early miners were doing it out of curiosity, not for profit, because there wasn’t even a clear use case beyond digital money at that time.

some miners ended up accumulating thousands of btc without realizing what they had. imagine running your pc overnight and waking up to hundreds of coins mined effortlessly. the famous 10,000 btc for two pizzas story happened during this era because people still did not value btc as real money. a lot of early adopters even deleted wallets or lost private keys because they did not think those coins would ever be worth anything significant.

looking back, it is a powerful reminder of two things: how far bitcoin has come, and how early conviction and curiosity can change everything. if you had been there, would you have held on to those coins or sold at the first $1?",btc,en,383.0,36.0,1my2zto,Bitcoin,,,,,
2025-08-23 13:41:52+00:00,,reddit,https://www.reddit.com/r/Bitcoin/comments/1my1sdr/need_bitcoin_expertise/,"need bitcoin expertise i put 20 dollars into bitcoin however many years ago with little understanding of how it worked. forgot about it until recently and i'm now looking at 84.33
i don't really know how this works, should i collect that money or do i leave it in?",btc,en,17.0,19.0,1my1sdr,Bitcoin,,,,,
2025-08-23 13:16:44+00:00,,reddit,https://www.reddit.com/r/Bitcoin/comments/1my17k9/i_did_it/,"i did it finally took some of the advice i got on here and have secured a sizeable amount of bitcoin for the next 5 years 

to the moon and beyond !!!",btc,en,95.0,40.0,1my17k9,Bitcoin,,,,,
2025-08-23 12:40:43+00:00,,reddit,https://www.reddit.com/r/Bitcoin/comments/1my0ej5/bitcoin_surges_market_conditions_favor_steady/,"bitcoin surges, market conditions favor steady buying bitcoin recently pushed past $117k after signals from the fed hinted at a potential interest rate cut. the move triggered massive short liquidations, over $56 million on btc alone. these sharp swings are a reminder of how macro events and liquidity levels can move crypto quickly.

for many users, this kind of market volatility makes timing the market tricky. one approach to consider is dollar-cost averaging or dca. by spreading purchases out over time, for example $1,000 per month, investors can reduce the pressure of trying to catch a bottom or a top. historical trends show that regular dca purchases in bitcoin over the past year could have delivered solid returns, even during choppy markets.

automatic or recurring purchase strategies can help users steadily build exposure while managing risk. by setting up consistent contributions over time, investors can accumulate gradually and participate in broader market trends without relying on perfect timing.

recent market activity highlights two things. volatility is here to stay, and structured, consistent strategies can help navigate it. for those watching the market, it raises the question: are steady accumulation strategies like dca becoming more relevant than ever in these conditions?",btc,en,0.0,3.0,1my0ej5,Bitcoin,,,,,
2025-08-23 12:36:59+00:00,,reddit,https://i.redd.it/4cjire3okrkf1.jpeg,four year cycle of bitcoin dominance,btc,en,0.0,29.0,1my0bmu,Bitcoin,,,,,
2025-08-23 11:56:16+00:00,,reddit,https://www.reddit.com/r/Bitcoin/comments/1mxzhj2/all_in/,"all in i've been studying bitcoin in-depth for several weeks and am completely hooked on the blockchain system. 
in the future, the world will be completely transformed by stablecoin-based transactions, and all assets will be tokenized and traded. there's no alternative. therefore, not investing in bitcoin is a risky choice. if it falls further and halves, i plan to take out a loan to buy it.",btc,en,4.0,14.0,1mxzhj2,Bitcoin,,,,,
2025-08-23 11:33:08+00:00,,reddit,https://www.reddit.com/r/Bitcoin/comments/1mxz20w/bitcoin_mining_and_node_setup/,"bitcoin mining and node setup hey all
  new to mining and crypto.  looking on advise for setting up small node and mine pool.  i am looking to start with a small home setup and have been in telecom for 26yrs so the hardware and basic i understand well, software can learn.  

goal. setup small mine pool collect data and invest in additional mine rigs.
setup node on dedicated desktop.
connect mine pool using laptop or separate pc and then connect to onsite node.

anyone who has done this or doing this input is appreciated",btc,en,0.0,5.0,1mxz20w,Bitcoin,,,,,
2025-08-23 10:01:59+00:00,,reddit,https://youtu.be/rPVoaYFiIDg?si=Wws3Kq7qn3zDtMNV,"why bitcoin is on the rise in kenyan slums | bbc news if you get lost in the charts, remember that this is what it is all about.",btc,en,39.0,4.0,1mxxgfi,Bitcoin,,,,,
2025-08-23 09:59:17+00:00,,reddit,https://www.marketwatch.com/story/heres-the-secret-powell-trump-and-bessent-arent-telling-us-about-gold-and-bitcoin-762e33f6,"the us might use ""spare"" $863b to buy bitcoin tldr by ai:

the article discusses a potential hidden strategy involving gold and bitcoin, suggesting that key figures like federal reserve chair jerome powell, former president donald trump, and treasury secretary scott bessent are aware of a significant financial maneuver that could impact the u.s. economy.

### key points

- gold revaluation: a recent federal reserve paper outlines how countries have historically revalued gold to mask financial instability. the article implies that the u.s. could be considering a similar approach, given that gold is currently valued on the books at $42.22 per ounce, a price set in 1973, while the market price is around $3,400. this discrepancy creates a **potential $863 billion** gap.

- bitcoin ambitions: trump is reportedly interested in establishing a u.s. sovereign wealth fund funded by bitcoin, aiming to make the u.s. a ""crypto superpower."" the article connects this ambition to a congressional bill proposing **the use of gold revaluation to finance bitcoin purchases**.

- economic implications: the author warns that if the u.s. admits to the devaluation of the dollar and the true value of gold, it could lead to significant market chaos, including rising interest rates and a decrease in purchasing power for the average american.

- political dynamics: the article suggests that political leaders are reluctant to admit the truth about the u.s. monetary system, fearing the political fallout. it hints that a crisis might force a reckoning, potentially leading to a revaluation of gold and a shift in monetary policy.

overall, the piece paints a picture of a financial system on the brink of a significant transformation, driven by hidden truths about gold and the dollar's value, with potential ramifications for bitcoin and the broader economy.",btc,en,350.0,75.0,1mxxeoi,Bitcoin,,,,,
2025-08-23 09:38:19+00:00,,reddit,https://www.reddit.com/r/Bitcoin/comments/1mxx2ou/bitcoin_analysis_bulls_face_key_test_at_117k/,"bitcoin analysis: bulls face key test at 117k? bitcoin rebounded sharply from the 112,000 support, printing a strong bullish candle and reclaiming higher ground. price is now consolidating just below the 117,050 resistance, where sellers are trying to cap the upside.
the recovery remains constructive, but btc must hold above 114,800 to keep momentum. a failure here could re-expose deeper supports.

outlook
• upside: a breakout above 117,050 could unlock 118,650. sustained momentum beyond this strengthens the bullish trend.
• downside: support sits at 114,800, then 112,000. a break below 112,000 risks 110,600, where stronger buyers may reappear.

trend
short-term trend is recovering bullish, but btc sits at a critical resistance (117,050). above 114,800 = bulls in control. rejection at resistance = possible pullback.

strategy
• buying dips near 114,800–112,000 with stops under 110,600 = favorable r:r.
• breakout above 117,050 → target 118,650.
• rejection → pullback trades toward 114,800–112,000.

key levels

r2: 118,650

r1: 117,050

s1: 114,800

s2: 112,000

s3: 110,600


💭 do you think btc smashes through 117k this time, or are we set for another pullback?",btc,en,0.0,14.0,1mxx2ou,Bitcoin,,,,,
2025-08-23 09:19:40+00:00,,reddit,https://i.redd.it/omr7hxzflqkf1.png,bitcoin restaurant spotted in guatemala,btc,en,83.0,2.0,1mxws4i,Bitcoin,,,,,
2025-08-23 08:18:57+00:00,,reddit,https://www.reddit.com/r/Bitcoin/comments/1mxvtsn/being_completely_realistic_what_percent_of/,"being completely realistic what percent of bitcoiners actually held since 2009 a lot of people now a days are saying they would have held since 2009 if they had the chance but being realistic, i doubt anyone would have",btc,en,4.0,16.0,1mxvtsn,Bitcoin,,,,,
2025-08-23 07:18:24+00:00,,reddit,https://www.reddit.com/r/Bitcoin/comments/1mxuvho/are_btc_stackers_modern_day_hippies/,"are btc stackers modern day hippies? it really makes more sense the more i think about it. anti 'the system' and pro freedom, fairness, and sovereignty.",btc,en,0.0,20.0,1mxuvho,Bitcoin,,,,,
2025-08-23 07:05:13+00:00,,reddit,https://www.reddit.com/r/Bitcoin/comments/1mxunme/study_bitcoin_as_if_your_life_depends_on_it/,"study bitcoin as if your life depends on it, because one day it will. study bitcoin as if your life depends on it, because one day it will.",btc,en,25.0,23.0,1mxunme,Bitcoin,,,,,
2025-08-23 07:00:58+00:00,,reddit,https://i.redd.it/i8k73zqowpkf1.png,dubai renters can now pay for apartments in bitcoin,btc,en,255.0,15.0,1mxukyz,Bitcoin,,,,,
2025-08-23 06:09:10+00:00,,reddit,https://www.reddit.com/r/Bitcoin/comments/1mxtqcl/daily_discussion_august_23_2025/,"daily discussion, august 23, 2025 please utilize this sticky thread for all general **bitcoin** discussions! if you see posts on the front page or /r/bitcoin/new which are better suited for this daily discussion thread, please help out by directing the op to this thread instead. thank you!

if you don't get an answer to your question, you can try phrasing it differently or commenting again tomorrow.

please check the [previous discussion thread](https://www.reddit.com/r/bitcoin/comments/1mwypxx/daily_discussion_august_22_2025/) for unanswered questions.",btc,en,36.0,61.0,1mxtqcl,Bitcoin,,,,,
2025-08-23 06:08:51+00:00,,reddit,https://www.reddit.com/r/Bitcoin/comments/1mxtq5b/what_has_your_bitcoin_journey_taught_you/,"what has your bitcoin journey taught you? aside from giving me hope, btc is arguably what i've been searching for for a long time. a decentralised protocol that is borderless, and inherently anti establishment. 

i more or less quit alcohol several years ago and think that boozey world is part of the corrupt fiat controlled ant farm, where values get inverted. don't get me wrong, i love a beer or 2 every now and again in the right context, but i mean the social norms related to alcohol, keeping us in a perpetual downtroddeness. 

i've also cleaned up my diet, eating less, and more nutrient dense food. i quit all social media, even linkedin, which i had over 500 connections on. essentially, i cut a lot of the crap from my life and prioritised sovereignty as well as a mindset of abundance (not entitlement). i've also become more 'spiritually attuned'. not sure if this led me to btc but btc certainly pushed me further down the rabbit hole.",btc,en,16.0,26.0,1mxtq5b,Bitcoin,,,,,
2025-08-23 04:11:24+00:00,,reddit,https://www.reddit.com/r/Bitcoin/comments/1mxrnww/never_bought_before_but_have_been_interested_for/,never bought before but have been interested for a bit. is now a good time to dca? i’ve been interested in btc for a bit but have never bought however all this buzz around jackson hole and  a new all time high have me reconsidering. would now be a good time to get into dca even if it’s only like 50$ a week?,btc,en,6.0,26.0,1mxrnww,Bitcoin,,,,,
2025-08-23 03:49:35+00:00,,reddit,https://www.reddit.com/r/Bitcoin/comments/1mxr93d/im_a_muslim_and_im_grateful_for_bitcoin/,"i'm a muslim and i'm grateful for bitcoin i'm a muslim and i've owned bitcoin for a few years now. as a muslim, i've always been frustrated about how the world economy works, and how much interest, (or what we call riba') is involved. we're not supposed to take any interest for any loans, but that's the very backbone of what fiat is, and how banks make profit. there's even a saying from our prophet about these times:

""a time is certainly coming to mankind when only the receiver of usury will remain, and if he does not receive it some of its vapour (or alternatively, its dust) will reach him.""

even with islamic financing, nothing is really solved in the system besides the contract. the net money flow is still the same. the rich get richer and the poor get poorer. it's just a workaround and i wasn't satisfied.

when i discovered about bitcoin, i was mind-blown. i had so much conviction that this can be an escapee for muslims around the world. i even bought a hardware wallet with bitcoin. it still saddens me that muslim-majority countries, including mine, are still skeptical and not ready for change. the answer is right in front of them, but they don't ignore it! they would rather take loans for 30+ years that they have to pay double because of interest. they would rather lock up their money in epfs that can't even keep up with inflation and devaluation of fiat that by the time they retire, everything's already double or triple in price. not enough people are taking bitcoin seriously, and i believe that muslims should be the forefront of promoting bitcoin. it's really true what has been said in this sub: we're still early.",btc,en,6.0,48.0,1mxr93d,Bitcoin,,,,,
2025-08-23 03:31:13+00:00,,reddit,https://i.redd.it/8bldofravokf1.jpeg,"started investing in bitcoin - maybe it is still not too late after seeing all time high and a pretty big fallback in the past days, i’ve decided to get in it.
made 4 purcases mosly at ~112k and one at a bit above 113k. it’s not much, in hungary, this is the beet i can do right now. today i made enough money to finance my gasoline consumption for one whole month, i consider this as an achievement, since i’ve never tried crypto before.
no, i don’t plan to sell btc to finance my car’s fuel consumption!😅
i want to hold it for at least a few months or end of the year.
dou you have any tips to a beginner in btc investment?
dou you usually have any other type of cripcurrency besides btc and whet?",btc,en,104.0,54.0,1mxqwje,Bitcoin,,,,,
2025-08-23 02:45:16+00:00,,reddit,https://www.reddit.com/r/Bitcoin/comments/1mxq12i/itchy_hands_during_dip_live_your_life_man/,"itchy hands during dip, live your life man. what's the problem tho? i've seen people worrying too much whether they should sell and buy the dip again later... like

if you have enough money to cover or to put on bitcoin, has enough to live, have roof etc, like just hodl? seems like it's so hard? wtf

like dude live your life? and then just keep buying gradually? go to gym, lift weight, make art, talk to people?

all i see in this sub is always fiat price 😂

at the end it's just one of the path of your way to defend your hardwork?",btc,en,17.0,8.0,1mxq12i,Bitcoin,,,,,
2025-08-23 02:10:31+00:00,,reddit,https://i.redd.it/f2lvf1awgokf1.png,bitcoin..holding all the cards,btc,en,48.0,2.0,1mxpc7w,Bitcoin,,,,,
2025-08-22 23:41:52+00:00,,reddit,https://www.reddit.com/r/Bitcoin/comments/1mxm7f9/rfire_is_not_down_with_btc/,"r/fire is not down with btc :( and i thought i was one of them :(

[what to do with 550k insurance settlement? : r/fire](https://www.reddit.com/r/fire/comments/1mxk00g/comment/na5g80v/)",btc,en,33.0,38.0,1mxm7f9,Bitcoin,,,,,
2025-08-23 00:19:29+00:00,,reddit,https://www.reddit.com/r/Bitcoin/comments/1mxn196/where_to_buy_btc_and_immediately_transfer_to_hard/,"where to buy btc and immediately transfer to hard wallet in usa kraken banned me because i never traded on their platform. just bought  btc and transferred it asap. my funds are from my job, i submitted everything. 

i really don’t want this problem to arise again as they held my funds ransom for 7 days. what exchanges don’t mind if u don’t trade or not, just deposit and withdraw asap to hard wallet? i have pay stubs, my id, everything. this is genuine money and kraken still banned. i wasn’t expecting that from just a big exchange",btc,en,6.0,30.0,1mxn196,Bitcoin,,,,,
2025-08-22 23:31:49+00:00,,reddit,https://www.reddit.com/r/Bitcoin/comments/1mxlzfe/why_is_bitcoin_still_so_cheap_in_2025/,"why is bitcoin still so cheap in 2025? [why is bitcoin still so cheap in 2025?](https://preview.redd.it/bijed2g2nnkf1.jpg?width=960&format=pjpg&auto=webp&s=e399bc055be959f2eae6667e2ff30024222ae838)

back in 2021, the total crypto market cap hit **$3 trillion**. fast forward to 2025, and we’ve already reached a new all-time high: **$4.17 trillion**.

sounds massive… until you realize the **u.s. alone prints roughly that much in a single year**.

think about that: the entire crypto market, at its absolute peak, is roughly equal to **one year of usd creation.**

[the eternal growth illusion](https://preview.redd.it/z1tfbup9nnkf1.jpg?width=640&format=pjpg&auto=webp&s=d026dd1c1bf3fd9ffce3dbf42cc30cabb64678b9)

since the first industrial revolution, global gdp exploded from a few hundred billion to **$105 trillion in 2024**. the assumption? at least 3% annual growth.

problem is… the earth is finite. resources, energy, ecological limits, growth isn’t infinite.

if gdp really grew 3% per year, global output would **double every 24 years**. by 2048, we could hit **$218 trillion**. and yet, people still value infinitely printable money over something like bitcoin, which is **provably scarce**.

[bitcoin checks every box](https://preview.redd.it/had16s8bnnkf1.jpg?width=2048&format=pjpg&auto=webp&s=cc6a9ba79115ac9415b6396b581a0bbaeab7639d)

* **scarcity:** only 21 million btc will ever exist. fiat? central banks can (and do) print trillions out of thin air.
* **divisibility:** down to 1 satoshi (0.00000001 btc) — perfect for micro-transactions.
* **portability:** send millions across the globe in minutes. try doing that with cash or gold.
* **recognizability:** public ledger, cryptographic proofs, global awareness — easier to verify than most coins or bills.
* **durability:** won’t corrode, burn, or degrade. as long as you protect your wallet or seed phrase, it’s eternal.

[the big question](https://preview.redd.it/qehvry9gnnkf1.png?width=2048&format=png&auto=webp&s=789600fd2af48d1af51f0d6067efc70ddfb7a9ac)

put it all together, and bitcoin might be **the most advanced form of money ever created**. yet the market still treats it like a speculative asset instead of a **long-term, decentralized store of value**.

fiat keeps inflating. gdp models assume eternal growth — but the planet has limits. bitcoin offers the opposite: scarcity, durability, global portability.

and still… in 2025, we have to ask:

**why is bitcoin still so cheap?**

https://preview.redd.it/sq3cw2g3onkf1.png?width=1200&format=png&auto=webp&s=14df478f413ff6ffa3b9c6645bd12cd2cf52dd85",btc,en,95.0,65.0,1mxlzfe,Bitcoin,,,,,
2025-08-22 23:17:05+00:00,,reddit,https://www.reddit.com/r/Bitcoin/comments/1mxln3c/has_anyone_here_actually_taken_out_a_loan_against/,"has anyone here actually taken out a loan against their bitcoin? if so, can i ask who you got the loan through and what kind of terms did you get?",btc,en,37.0,80.0,1mxln3c,Bitcoin,,,,,
2025-08-22 23:05:28+00:00,,reddit,https://www.reddit.com/r/Bitcoin/comments/1mxld7y/straightforward_way_to_buy_bitcoin_in_the_uk/,"straightforward way to buy bitcoin in the uk? hi everyone,

with the recent regulations and tightening internet restrictions in the uk, it's becoming harder to buy bitcoin quickly. some services still work, but they often involve multiple steps, long verification processes, or annoying ""cooling periods"".

i’d love to hear from people living in the uk (especially those who’ve bought btc recently) about what works best *today*.

**here's what i'm looking for:**

1. a service that lets you buy and withdraw directly to your own wallet.
2. no 24-hour ""cooling periods"" like transak and others are adding.
3. beginner-friendly. i'm especially curious about how these services treat *new* users, not just long-time verified ones.

kyc is fine... as long as it doesn't take days or demand absurd levels of proof. basically, what's the fastest, most straightforward way for someone new to bitcoin to buy btc in the uk right now?

thanks in advance for sharing your experiences!",btc,en,1.0,8.0,1mxld7y,Bitcoin,,,,,
2025-08-22 22:29:52+00:00,,reddit,https://www.reddit.com/r/Bitcoin/comments/1mxkidq/feds_gave_my_trezor_back_would_you_trustuse_it/,"feds gave my trezor back, would you trust/use it? last year i got my trezor one back from the feds, dhs in particular. i already have a new one so it's just sitting around. more and more of my friends and family are finally coming around to the bitcoin side, and i always recommend they self-custody. i've been wanting to gift my old trezor to one of them, but i'm wary. it doesn't appear that it's been tampered with - the ultrasonically welded seam is still in tact (and the home screen still says ""fuck the feds""...). obviously i'd do a firmware update, but i'm kind of worried they might have some super secret persistent mal-firmware they put on there.   
  
obviously that's kind of a big stretch, i've never heard of any researchers even theorizing about such a thing... and given the locked bootloader, firmware signing, etc. it should be quite difficult to pull of. but it definitely puts a hole in my entire security model, knowing it was in the hands of potentially malicious actors. would you give it to a friend knowing they might end up hodling with it? or should it just go in the trash?",btc,en,0.0,35.0,1mxkidq,Bitcoin,,,,,
2025-08-22 22:18:48+00:00,,reddit,https://v.redd.it/zef3fl0cbnkf1,bbc news report: bitcoin is on the rise in kenya 🇰🇪 bbc report showing afribit kibera (https://afribit.africa) using bitcoin for daily transactions in africa's biggest slum,btc,en,448.0,39.0,1mxk8y1,Bitcoin,,,,,
2025-08-22 21:34:39+00:00,,reddit,https://www.reddit.com/r/Bitcoin/comments/1mxj60g/is_it_too_late_to_start_investing_in_bitcoin_now/,"is it too late to start investing in bitcoin now? deposit a small amount of money on a monthly basis (200$-500$) which is the amount that i can afford “loosing” or i’m willing to take the risk. looking 10 years from now - what are your thoughts about this strategy, and should i put more money in months that i can do it, or instead invest in other crypto currencies and if yes which one you recommend. 
thank you 🤑",btc,en,9.0,65.0,1mxj60g,Bitcoin,,,,,
2025-08-22 20:36:19+00:00,,reddit,https://www.youtube.com/watch?v=_eMh35YQEkM,the genius engineering behind bitcoin’s design,btc,en,17.0,2.0,1mxhpbq,Bitcoin,,,,,
2025-08-22 20:22:01+00:00,,reddit,https://i.redd.it/ye6pgkupqmkf1.jpeg,"remember this, bitcoin all-time low was $0.04864, never again!!!",btc,en,234.0,40.0,1mxhc38,Bitcoin,,,,,
2025-08-22 20:06:38+00:00,,reddit,https://www.reddit.com/r/Bitcoin/comments/1mxgxy7/best_cold_wallet_of_2025/,"best cold wallet of 2025? hi everyone, i'm about to start my crytpo journey and have been researching various cold wallet brands and i am wondering what everyone in the group currently owns? so far i'm leaning towards buying the trezor safe 5 as my first crypto wallet. although there is nothing that says you can't own more than one type of wallet, my plan is to buy some crypto now and hodl for the next 5- 20 years and keep buying bitcoin everyday. 

what wallets would you recommend? thanks.",btc,en,2.0,12.0,1mxgxy7,Bitcoin,,,,,
2025-08-22 19:53:48+00:00,,reddit,https://www.reddit.com/r/Bitcoin/comments/1mxglwn/unit_of_account/,unit of account any website where you can track prices in bitcoin vs your salary and everyday stuff priced in btc?,btc,en,2.0,7.0,1mxglwn,Bitcoin,,,,,
2025-08-22 19:29:58+00:00,,reddit,https://www.reddit.com/r/Bitcoin/comments/1mxfzyu/which_exchanges_combine_all_bitcoinstocksgold/,"which exchanges combine all: bitcoin/stocks/gold? if possible without kyc, but reliable at the same time because of cold storage, deposit-guarantee and a user friendly interface?",btc,en,0.0,1.0,1mxfzyu,Bitcoin,,,,,
2025-08-22 19:22:20+00:00,,reddit,https://www.reddit.com/r/Bitcoin/comments/1mxfsof/buying_bitcoin_to_be_spiteful/,buying bitcoin to be spiteful? anyone else tries to inform others about bitcoin and then gets roasted that they joined a ponzi scheme? afterwards just to be spiteful buy .00244 sats just so that’s one less person who can’t get their “share”?,btc,en,5.0,19.0,1mxfsof,Bitcoin,,,,,
2025-08-22 19:15:09+00:00,,reddit,https://www.reddit.com/r/Bitcoin/comments/1mxflvq/do_you_have_to_pay_the_whole_117000_to_purchase_a/,"do you have to pay the whole $117,000 to purchase a bitcoin? are there cheaper cryptocurrencies on the market?",btc,en,0.0,19.0,1mxflvq,Bitcoin,,,,,
2025-08-22 18:45:01+00:00,,reddit,https://www.reddit.com/r/Bitcoin/comments/1mxetn2/understanding_pow/,"understanding pow hello everyone, i have been researching proof of work (pow) in bitcoin and i was having a hard time understanding it.
with the help of chat gpt i put together this explanation step by step, from the most basic to the technical, for anyone who wants to understand how it really works.

it was very helpful for me to finally understand it. 


---

step 1 — the problem that pow solves

in an open network, without a central boss, we have two problems:

1. sort blocks at a stable rate → we want blocks to come out every ~10 minutes, not all at once.


2. avoid cheating with fake identities (sybil attack) → anyone can create thousands of accounts, but with pow what matters is not the identities, but the real computing capacity.



👉 pow decides who proposes the next block and at what pace, using something expensive to fake but cheap to verify: computational work.


---

step 2 — what does a block contain?

a block has two parts:

header (80 bytes in bitcoin):

version: version of the block.

prev_block_hash: hash of the previous block (to chain them together).

merkle_root: summary of all transactions (merkle tree).

timestamp: time declared by the miner.

nbits: the target (difficulty).

nonce: 32-bit number that the miner changes over and over again.


👉 the proof of work is done on this header: double sha-256.

body (transactions):

list of valid transactions.

a special one called coinbase, which creates the miner's reward.

an extranonce can be included in the coinbase to vary the merkle_root and generate more possible headers.



---

step 3 — the puzzle: hash ≤ target

the rule is:

\text{sha256(sha256(block\_header))} \leq \text{target}

the hash is a 256-bit random number.

the target is a threshold: the lower it, the more difficult.

miners change nonce, timestamp or the merkle_root to generate new headers.


👉 it's like throwing 256-sided dice billions of times until a number less than the target comes up.


---

step 4 — when someone wins

if a miner finds a valid hash:

1. broadcast the entire block to the network.


2. nodes verify:

that the hash meets the difficulty.

that the header and transactions are valid.

that the reward does not exceed what is allowed.



3. if all is well, they add the block to their copy of the chain.



👉 the reward is only valid if the network accepts the block → it is not in the miner's best interest to cheat.


---

step 5 — the accumulated work

nodes always follow the chain with the most accumulated work, not simply the longest.

example:

chain a: 3 blocks, each with difficulty 100 → accumulated work = 300.

chain b: 4 blocks, difficulty 10 → cumulative = 40.
👉 although b has more blocks, a is correct because it has more work.


this makes:

rewriting history from behind involves redoing all that accumulated work.

with less than 50% power you would never reach the honest chain.



---

step 6 — energy and security

pow connects the digital with the physical:

each hashing attempt requires electricity and specialized hardware.

expending real energy makes attempts costly.

verifying a hash is almost free.


this protects the network because:

to attack it you need to spend more energy than the entire network combined.

attacking would be very expensive and would destroy the value of the currency → it is not profitable.


👉 bitcoin security is measured in watts.


---

step 7 — difficulty in real numbers

today (2025), bitcoin's hashrate is around 600 eh/s (600 × 10^18 attempts/second).

the current difficulty is around 85 billion (85t).

every 2016 blocks (~2 weeks) the network adjusts the difficulty to maintain 1 block every 10 minutes.


👉 it is an automatic “thermostat”: if there are more miners, the difficulty increases; if there are less, go down.",btc,en,9.0,3.0,1mxetn2,Bitcoin,,,,,
2025-08-22 18:42:28+00:00,,reddit,https://www.reddit.com/r/Bitcoin/comments/1mxerde/where_did_my_bitcoin_go/,where did my bitcoin go? i know very little about bitcoin but i had an address stored from a few months ago that i saved and accidentally sent bitcoin to that address. i have no idea where it went though and i’m wondering if there’s any way to find out. i do know it was confirmed i just can’t remember what that address was for.,btc,en,0.0,12.0,1mxerde,Bitcoin,,,,,
2025-08-22 18:17:00+00:00,,reddit,https://www.reddit.com/r/Bitcoin/comments/1mxe32x/selfcustody_of_roth_ira_experience/,"self-custody of roth ira experience? i have moved all my retirement accounts to btc ets (mix of fbtc and ibit).  but if i have the courage of my convictions then i want to self-custody.  recently found out that unchained capital allows you to do something that sounds just like this.  then i saw it’s possible to go a step further and do a checkbook ira (llc with full custody).  does anyone have experience with this?  looking for positive, negative or neutral opinions and experience.",btc,en,0.0,3.0,1mxe32x,Bitcoin,,,,,
2025-08-22 18:07:08+00:00,,reddit,https://www.reddit.com/r/Bitcoin/comments/1mxdtdl/any_suggestions_are_welcome/,"any suggestions are welcome hello everyone. i have an honest question. like everyone here, i have been following and learning about bitcoin for years. i love learning about it. my question is: is it possible to pursue a career in a field related to bitcoin? i have a related educational background (business and marketing). i ask because very few people are interested in bitcoin (globally, due to its current adoption phase), and i don't know if it would be worthwhile to pursue certifications, specializations, or studies in the coming years that would allow me to pursue emerging job opportunities in the future. there are many potential sectors such as technology, finance, marketing, etc. what do you think about this? is it worth investing time and energy? what would you do? i should point out that i am not interested in streaming content as a public figure. i would appreciate your opinions. best regards.",btc,en,2.0,1.0,1mxdtdl,Bitcoin,,,,,
2025-08-22 17:07:03+00:00,,reddit,https://www.reddit.com/r/Bitcoin/comments/1mxc861/kenyan_slums_using_bitcoin/,"kenyan slums using bitcoin [https://www.youtube.com/watch?v=rpvoayfiidg](https://www.youtube.com/watch?v=rpvoayfiidg)

the big machine is pro bitcoin, and is the future.",btc,en,17.0,4.0,1mxc861,Bitcoin,,,,,
2025-08-22 16:52:31+00:00,,reddit,https://www.reddit.com/r/Bitcoin/comments/1mxbu6q/so_much_easier/,"so much easier starting a business and i’ve been dealing with so many banking issues between who accepts zelle or cashapp or apple cash or people only wanting cash. ( not to mention transactions sometimes taking 5 business days.) if someone used or accepted bitcoin it wouldn’t matter what method they used, it would be so much easier. cash may be king but bitcoin deserves the crown. i’m hoping that even giving the option for people to pay with bitcoin may open someone’s eyes to. “ wow i can pay for services with an appreciating currency?” . you don’t need to ever sell it! just get rid of the fiat and use real money! thanks for reading my rant.",btc,en,14.0,19.0,1mxbu6q,Bitcoin,,,,,
2025-08-22 16:36:44+00:00,,reddit,https://i.redd.it/glyc278jmlkf1.jpeg,bitcoin opens your eyes to the reality.,btc,en,108.0,7.0,1mxbf74,Bitcoin,,,,,
2025-08-22 16:16:36+00:00,,reddit,https://i.redd.it/e43gqfxxilkf1.jpeg,"the bitcoin searches and price correlation always gives me a chuckle. 112? fuck that. 117? take my money! ive learned to not get stopped by the thought of ""what if it goes lower and i can buy cheaper?"". i just buy at oversell and leave some remainder fiat just in case!",btc,en,18.0,4.0,1mxavsh,Bitcoin,,,,,
2025-08-22 16:02:26+00:00,,reddit,https://www.reddit.com/r/Bitcoin/comments/1mxai75/most_people_wont_own_bitcoin/,"most people won't own bitcoin... ...in the same way most people (normies) don't own real estate or stocks or gold. normies generally aren't intelligent enough to realize they need to own assets. most people will at best have a house and some spending money in fiat or stablecoin and that's it.

most normies don't even have much savings. so saving in btc is a moot point for them. the rich and the intelligent will own real estate, stocks and bitcoin.",btc,en,62.0,90.0,1mxai75,Bitcoin,,,,,
2025-08-22 15:51:34+00:00,,reddit,https://www.reddit.com/r/Bitcoin/comments/1mxa7ww/sometimes_i_dream_about_bitcoin/,"sometimes i dream about bitcoin... i dream about things like block size, scalability, settlement layers and just how big is a zetahash? is there something wrong with me?",btc,en,5.0,5.0,1mxa7ww,Bitcoin,,,,,
2025-08-22 15:22:19+00:00,,reddit,https://www.reddit.com/r/Bitcoin/comments/1mx9g0n/best_dca_question/,"best dca question so im planning on invest 5k into bitcoin for my children, whats the best way to dca for best price? say $20 a day? $100 a week? or 400 a month? etc. thanks",btc,en,1.0,17.0,1mx9g0n,Bitcoin,,,,,
2025-08-22 15:05:44+00:00,,reddit,https://i.redd.it/l9h1cqk16lkf1.png,harvard economist admits he was wrong about bitcoin [https://finance.yahoo.com/news/harvard-economist-admits-wrong-bitcoin-180020214.html](https://finance.yahoo.com/news/harvard-economist-admits-wrong-bitcoin-180020214.html),btc,en,1666.0,442.0,1mx903u,Bitcoin,,,,,
2025-08-22 14:59:30+00:00,,reddit,https://www.reddit.com/r/Bitcoin/comments/1mx8u1z/hilarious/,"hilarious😂🤣 just yesterday ppl were locking in 9% losses lmfao. 

bitcoin volatility teaches us discipline and patience! chart go up? happy. chart go down? excited for cheaper coins!!",btc,en,76.0,9.0,1mx8u1z,Bitcoin,,,,,
2025-08-22 14:48:09+00:00,,reddit,https://www.reddit.com/r/Bitcoin/comments/1mx8jl1/btc_minimum_transaction_new_node/,"btc minimum transaction, new node i recently set up a new bitcoin core node and created a wallet on it. to test it out, i sent 0.0001 btc from an exchange to my new wallet. the transaction went through and the funds showed up in my wallet.

however, i noticed that 0.0001 btc was the minimum amount the exchange allowed me to send. now i’m wondering: is this amount effectively stuck in my wallet? can i send it out again, or is it below some minimum threshold enforced by the bitcoin network or wallet software?

i’m trying to understand if there’s a minimum spendable amount in bitcoin core, or if it’s just a matter of transaction fees making it impractical to send such a small amount.

any insights would be appreciated.",btc,en,1.0,3.0,1mx8jl1,Bitcoin,,,,,
2025-08-22 14:46:25+00:00,,reddit,https://www.reddit.com/r/Bitcoin/comments/1mx8hzv/venting/,"venting me this morning: “btc is pretty cheap. i have some rent money and savings i could spend. worst case scenario, i have 0% promo apr on 2 ccs in case anything happens and i wouldn’t be homeless if i lost the money…. nah, lemme be responsible w my money”. half hour later, bitch goes up like 6+% 🥲",btc,en,8.0,7.0,1mx8hzv,Bitcoin,,,,,
2025-08-22 14:46:17+00:00,,reddit,https://www.reddit.com/gallery/1mx8hv8,your daily bitcoin breakdown newsletter is now live. check out today’s top stories and a sneak peek at the latest quick bits snippets. full issue link is in the comments.,btc,en,7.0,1.0,1mx8hv8,Bitcoin,,,,,
2025-08-22 14:42:04+00:00,,reddit,https://v.redd.it/krppzdi22lkf1,"good afternoon bitcoin buyers, how ready are you for uptober",btc,en,214.0,23.0,1mx8dz7,Bitcoin,,,,,
2025-08-22 14:35:49+00:00,,reddit,https://www.reddit.com/r/Bitcoin/comments/1mx885e/bull_never_dies/,"bull never dies this crypto market is too easy to see, i know the people who have been in bitcoin forever have seen it all but, they’ve never seen this much volume, investments and news towards bitcoin and crypto in general. bitcoin is never going below 100k again unless there’s major economic damage, “oh but last cycle it was up 70%” nah bitcoin was never worth 124k, no way whales drop, whales were buying at 116k 🤣🤣. we all finna be rich yall, buy buy buy and everyone gonna call me dumb but watch once bitcoin doesn’t go under 100k for rest of year and for life",btc,en,0.0,4.0,1mx885e,Bitcoin,,,,,
2025-08-22 14:30:15+00:00,,reddit,https://i.redd.it/ziy58wkyzkkf1.jpeg,bitcoin just jumped my more than $2000 following powell’s speech hinting fed rate cut could come as early as next month,btc,en,385.0,63.0,1mx82xf,Bitcoin,,,,,
2025-08-22 13:25:49+00:00,,reddit,https://i.redd.it/s5mbmi1eokkf1.jpeg,"daily bitcoin meme until btc is at $200,000 #70",btc,en,896.0,15.0,1mx6h3e,Bitcoin,,,,,
2025-08-22 12:55:54+00:00,,reddit,https://www.reddit.com/r/Bitcoin/comments/1mx5rg0/find_btc_address/,"find btc address hi

need help to find the receiving btc address of 4 btc purchased for usd 105,994 each between the 22.nd to the [25.th](http://25.th) of june 2025.

any help is greatly appriciated!",btc,en,0.0,12.0,1mx5rg0,Bitcoin,,,,,
2025-08-22 12:44:57+00:00,,reddit,https://www.reddit.com/r/Bitcoin/comments/1mx5ie4/hold_or_sell_high_buy_low/,"hold or sell high, buy low? do any of you sell when btc hits a high with the intention to buy it all back during the correction? or do most of ya'll just hold?",btc,en,0.0,12.0,1mx5ie4,Bitcoin,,,,,
2025-08-22 12:40:00+00:00,,reddit,https://i.redd.it/3pb1v5u8gkkf1.png,wanna buy some more btc so badly!,btc,en,583.0,40.0,1mx5efg,Bitcoin,,,,,
2025-08-22 12:29:53+00:00,,reddit,https://i.redd.it/q6a0hezcekkf1.jpeg,people who just entered btc this month realizing dips don’t stop at one,btc,en,179.0,28.0,1mx56d4,Bitcoin,,,,,
2025-08-22 11:58:22+00:00,,reddit,https://www.reddit.com/r/Bitcoin/comments/1mx4htd/copy_bitcoin_block_folder_from_one_computer_to/,"copy bitcoin block folder from one computer to another i have downloaded 100gb of bitcoin blockchain on my desktop. i want to copy the folder on my laptop, where i have startos server with virtualbox. i did copy the folder but its not synced and its starts to download again. how to sync it properly?",btc,en,0.0,1.0,1mx4htd,Bitcoin,,,,,
2025-08-22 11:36:12+00:00,,reddit,https://www.reddit.com/r/Bitcoin/comments/1mx41ug/reason_for_bitcoin_going_to_the_moon_when_it_has/,"reason for bitcoin going to the moon when it has severely dropped many times? i have a few bitcoin from a couple years ago but i am still skeptical on how it will fair in the future. especially with a lot of bitcoin being owned by major banks and companies now. what if they sell? it would tank so badly. i know it always comes back but why do so many of you think it will reach 500k in the next 5-10yrs? especially since the sec has finally started cracking down on crypto? also, it has no real product like raw materials such as gold and silver stocks do. what is everyone’s reasoning behind it going to increase so much? first time posting here because i’m thinking of selling mine in the next year or so (hopefully it doesn’t tank before then). if there are any articles/videos you could share too, please do. i’m not the best at understanding most major crypto projects.",btc,en,0.0,25.0,1mx41ug,Bitcoin,,,,,
2025-08-22 11:24:40+00:00,,reddit,https://i.redd.it/9chw0jsu2kkf1.jpeg,happy bitcoin infinity day🥳,btc,en,15.0,2.0,1mx3tv3,Bitcoin,,,,,
2025-08-22 10:36:26+00:00,,reddit,https://bitcoinops.org/en/newsletters/2025/08/22/,"bitcoin optech newsletter #368 bitcoin optech newsletter #368 is here:

\- summarizes a draft bip for block template sharing between full nodes  
\- announces a library that allows trusted delegation of script evaluation  
\- summarizes changes to services/client software  
\- optech newsletter #368 podcast  
[https://bitcoinops.org/en/newsletters/2025/08/22/](https://bitcoinops.org/en/newsletters/2025/08/22/)

anthony towns posted to the bitcoin-dev mailing list the draft of a bip for how nodes can communicate to their peers the transactions they would attempt to mine in their next block...  
[https://bitcoinops.org/en/newsletters/2025/08/22/#draft-bip-for-block-template-sharing](https://bitcoinops.org/en/newsletters/2025/08/22/#draft-bip-for-block-template-sharing)

josh doman posted to delving bitcoin about a library he’s written that uses a trusted execution environment (tee) that will only sign a taproot keypath spend if the transaction containing that spend satisfies a script...  
[https://bitcoinops.org/en/newsletters/2025/08/22/#trusted-delegation-of-script-evaluation](https://bitcoinops.org/en/newsletters/2025/08/22/#trusted-delegation-of-script-evaluation)

changes to services and client software:  
\- zeus v0.11.3 released  
\- rust utreexo resources  
\- peer-observer tooling and call to action  
\- bitcoin core kernel-based node announced  
\- simplicityhl released  
\- lsp plugin for btcpay server  
\- proto mining hardware and software announced  
\- oracle resolution demo using csfs  
\- relai adds taproot support  
[https://bitcoinops.org/en/newsletters/2025/08/22/#changes-to-services-and-client-software](https://bitcoinops.org/en/newsletters/2025/08/22/#changes-to-services-and-client-software)

bitcoin optech will host an audio recap discussion of this newsletter on riverside.fm tuesday at 16:30 utc. join us to discuss or ask questions!  
https://riverside.fm/studio/bitcoin-optech",btc,en,10.0,0.0,1mx2y31,Bitcoin,,,,,
2025-08-22 10:24:37+00:00,,reddit,https://i.redd.it/a5e8p935sjkf1.jpeg,happy bitcoin infinity day,btc,en,31.0,0.0,1mx2qls,Bitcoin,,,,,
2025-08-22 09:52:13+00:00,,reddit,https://i.redd.it/hjgo7cycmjkf1.jpeg,discribe bitcoin in one word,btc,en,227.0,669.0,1mx26n3,Bitcoin,,,,,
2025-08-22 09:47:20+00:00,,reddit,https://www.reddit.com/r/Bitcoin/comments/1mx23ra/if_they_hate_it_its_probably_innovation/,"if they hate it, it’s probably innovation innovation isn’t meant to be liked , it’s meant to change the game.

bitcoin is doing just that.

https://preview.redd.it/fhs6znh9ljkf1.jpg?width=680&format=pjpg&auto=webp&s=59afd0cce8a8ce489725c5e7a649b2cdf4673898",btc,en,16.0,2.0,1mx23ra,Bitcoin,,,,,
2025-08-22 09:23:31+00:00,,reddit,https://www.reddit.com/r/Bitcoin/comments/1mx1qis/seedsigner_workshop/,"seedsigner workshop seedsigner workshop at tokyo bitcoin base this weekend!
we want everyone to try actual bitcoin testnet transactions at the event, so we’re looking for tbtc.
if you’ve got some to share, that would be awesome—thanks!


tb1qc5uxrhttzdqyeq9csxecyql69c6ex5v8h6qwmq",btc,en,6.0,0.0,1mx1qis,Bitcoin,,,,,
2025-08-22 08:07:16+00:00,,reddit,https://www.reddit.com/r/Bitcoin/comments/1mx0k9o/investments/,investments would you say that investing in bitcoin is safer than investing in index funds such as spy or voo? long term of course,btc,en,1.0,7.0,1mx0k9o,Bitcoin,,,,,
2025-08-22 07:25:02+00:00,,reddit,https://www.reddit.com/r/Bitcoin/comments/1mwzx8k/1m_feasible/,$1m feasible? honest question that i know has been asking 1 million times but what do you all think the probability of $1m per btc by 2032 is? is it even possible?,btc,en,0.0,29.0,1mwzx8k,Bitcoin,,,,,
2025-08-22 07:22:52+00:00,,reddit,https://www.reddit.com/r/Bitcoin/comments/1mwzw0a/at_what_hours_european_time_is_the_bitcoin_price/,"at what hours (european time) is the bitcoin price on average the lowest? some exchanges allow you to determine the exact hour at which you wish to record dca daily. 
anyone know when the market is low, especially bitcoin?",btc,en,0.0,13.0,1mwzw0a,Bitcoin,,,,,
2025-08-22 07:08:19+00:00,,reddit,https://i.redd.it/fkacrkc4tikf1.jpeg,"it started with scammers i was contacted a few months ago about a great job opportunity that pays 8k / month in crypto 😅 needless to say, i knew what they were up to. i took advantage of a few small payouts then quit my job(s) 🙄. during the most recent attempt (july), i realized that if rather than withdrawing my crypto that i was ‘’paid’ in during april, if i had left it in my account - i would have made a lot more money. i am now depositing $50 on a semi-regular basis and hoping to grow to 1 btc (while also avoiding scammers). any advice for a beginner? specifically, at what point do i leave coinbase, i see people saying it is a terrible platform, but good for beginners. when do i switch platforms, and how? 

i’ve been good at buying whenever it dips. currently i am at a small loss but see this as a good long term investment.",btc,en,12.0,5.0,1mwznt2,Bitcoin,,,,,
2025-08-22 06:43:42+00:00,,reddit,https://www.reddit.com/r/Bitcoin/comments/1mwz9q3/is_bitcoin_really_a_hedge_against_inflation/,"is bitcoin really a hedge against inflation? my question to all the experts is that when the money supply inflates, does the price of bitcoin inflate with it?

if the bitcoin price didn’t move a.k.a. more people didn’t put money in it, but the us dollar was increasing in supply, does the price of bitcoin still go up? or does the price of one bitcoin become less valuable?

i’ve heard of people on youtube talk about this and my current opinion is that the only reason bitcoin is a hedge against inflation is because the price goes up and new people put money in it.

i don’t think the bitcoin price holds its value when there is money being printed, but with no new buyers. 

if anyone can answer this question and tell me why i would love to know .",btc,en,19.0,70.0,1mwz9q3,Bitcoin,,,,,
2025-08-22 06:09:59+00:00,,reddit,https://www.reddit.com/r/Bitcoin/comments/1mwypxx/daily_discussion_august_22_2025/,"daily discussion, august 22, 2025 please utilize this sticky thread for all general **bitcoin** discussions! if you see posts on the front page or /r/bitcoin/new which are better suited for this daily discussion thread, please help out by directing the op to this thread instead. thank you!

if you don't get an answer to your question, you can try phrasing it differently or commenting again tomorrow.

please check the [previous discussion thread](https://www.reddit.com/r/bitcoin/comments/1mw3xsv/lightning_thursday_august_21_2025_explore_the/) for unanswered questions.",btc,en,27.0,131.0,1mwypxx,Bitcoin,,,,,
2025-08-22 04:29:28+00:00,,reddit,https://www.reddit.com/r/Bitcoin/comments/1mwwytz/what_is_the_cumulative_bitcoin_held_by_all/,"what is the cumulative bitcoin held by all r/bitcoin members? there are over 7.9m subscribers to r/bitcoin. in the last few days two people posted 6 bitcoin and around 5 bitcoin held. then you have the newly minted wholecoiners that share the news that they are wholecoiners. just as a fun thought experiment, i wonder what the collective bitcoin amount is of all members of r/bitcoin. my guess is 200k-300k.  that would put every member holding around .025-.0379 bitcoin.",btc,en,1.0,7.0,1mwwytz,Bitcoin,,,,,
2025-08-22 04:21:51+00:00,,reddit,https://i.redd.it/fpei00hezhkf1.png,looks like bitcoin is doing what it always does this time of year...,btc,en,712.0,78.0,1mwwtuk,Bitcoin,,,,,
2025-08-22 04:08:31+00:00,,reddit,https://www.reddit.com/r/Bitcoin/comments/1mwwl38/wormholes/,"wormholes when you first get into these spaces, you’ll see a ton of comments telling people to “study bitcoin” or “do your research.” and if you’re like me, your first reaction is probably
“i just want to make money, i’m not trying to become an economist.”
but i’m here to tell you, in your path in life this is a wormhole you must naturally fall into and unwind.

i got out of the army not too long ago and i’m just a regular guy with no financial background, trying to figure out what my next move in life was. i didn’t go to college. i didn’t come from money. i just knew the system felt rigged, and i needed to find a way out. i’ve always heard about bitcoin since high school. thought it was just internet money at first.
then i started digging.
and next thing you know, i’m deep diving into fiat currency, inflation theory, the federal reserve, austrian economics, and the hard money thesis.
and for the first time, things made sense but it made me upset.

i realized that:
	1.	the dollar isn’t backed by anything but trust
	2.	inflation is a hidden tax on the poor and middle class
	3.	the system is built to inflate debt and dilute your savings
	4.	and bitcoin is the only tool that puts you outside that system

now i see why people say “study it,” because once you do, you can’t unsee it.
you stop thinking of bitcoin as just an asset, and start understanding it as a lifeboat.

i’m not rich. i’m not a whale.
but i’ve shifted my mindset from “get rich quick” to “opt out, build slow, and hold hard.”

if you’re new here and overwhelmed, don’t rush into the price charts or hype tweets.
sit down. study it.
it might just be the most important thing you ever learn.

also any advice on creating discords or group chats with like minded people and weaving out the scum & scammers i’d greatly appreciate it or if anyone knows of any existing great communities outside of reddit i’d appreciate the invite",btc,en,70.0,26.0,1mwwl38,Bitcoin,,,,,
2025-08-22 04:03:30+00:00,,reddit,https://www.reddit.com/r/Bitcoin/comments/1mwwhpa/the_problem_with_telling_people_bitcoin/,"the problem with telling people bitcoin just told my 2nd sister about it and she couldn't care less. i mean fairs, she's doing really well, has properties and very good income.

but the point is, just give it up, if they don't care enough to ask you or interested the least, just leave it. 

i feel like an idiot telling them, worse, they gon think im trying to get something from them 😑.

stay humble stack sats.",btc,en,78.0,66.0,1mwwhpa,Bitcoin,,,,,
2025-08-22 03:49:36+00:00,,reddit,https://www.reddit.com/r/Bitcoin/comments/1mww86j/bitcoin_design_project_suggestions/,"bitcoin design project suggestions hey guys, i'm a designer and bitcoiner, and this week i'm participating of a bootcamp focused on design and bitcoin. so, in the end of the course i’ll have to deliver a project for a problem / or something, one of the requirements is that it should'd be for profiting (like a visual identity for an exchange only bitcoin etc), it’s more something open source to help the community, help earlier bitcoiners etc. do you guys have any suggestions? im open for ideas",btc,en,6.0,3.0,1mww86j,Bitcoin,,,,,
2025-08-22 03:39:32+00:00,,reddit,https://i.redd.it/zmgayu5vrhkf1.jpeg,"i sold all my stocks/etf hello,

i finally did it after 3 years of owning bitcoin, i sold all my stocks/etf to buy btc. 
currently have around 0,5 btc.

the plan is to hold for the next 10 years minimum, don’t need the money to make a living. i will still dca $500/600+ monthly 

i encourage you to do the same, feel free.

now, i’ve move on to other things (satoshi)",btc,en,373.0,90.0,1mww1ef,Bitcoin,,,,,
2025-08-22 03:29:42+00:00,,reddit,https://www.reddit.com/r/Bitcoin/comments/1mwvug7/best_way_to_invest/,best way to invest very new to bitcoin. please help suggest the best/safe way to start investing. any help appreciated!,btc,en,9.0,5.0,1mwvug7,Bitcoin,,,,,
2025-08-22 03:16:17+00:00,,reddit,https://www.youtube.com/watch?v=NXPjnw0ZAgw,bitcoin is coming for the imf and world bank 👀🏦,btc,en,15.0,0.0,1mwvkp2,Bitcoin,,,,,
2025-08-22 02:34:49+00:00,,reddit,https://www.reddit.com/r/Bitcoin/comments/1mwuq6s/how_to_get_500k_in_10_years/,"how to get 500k in 10 years? i want to acummulate $500k in bitcoin, my approach will be dollar cost averaging every month. how much should i invest every month?",btc,en,26.0,71.0,1mwuq6s,Bitcoin,,,,,
2025-08-22 02:31:54+00:00,,reddit,https://i.redd.it/etm1m0ysfhkf1.jpeg,"bitcoin lasts… the rest is just paper. 
this evening my boyfriend threw some steaks on the grill and when he pulled out the ashtray, it was stuffed with half-burned dollar bills. he looked at me and asked, “babe, why is there money in the barbecue?” i told him i used it to start the charcoal. completely baffled, he said, “why on earth would you use cash?” i just shrugged and replied, “are we low on paper?”",btc,en,0.0,7.0,1mwuo1o,Bitcoin,,,,,
2025-08-22 01:38:30+00:00,,reddit,https://www.reddit.com/r/Bitcoin/comments/1mwtjom/bitcoin_dca_strategy/,"bitcoin dca strategy hi all, i am using strike to auto-buy 1£ worth of btc hourly. is it worth moving to daily buy instead of hourly ? not planning to sell anytime soon, so looking for opinions.",btc,en,0.0,20.0,1mwtjom,Bitcoin,,,,,
2025-08-22 01:02:22+00:00,,reddit,https://www.reddit.com/r/Bitcoin/comments/1mwsrvs/borrow_against_btc/,"borrow against btc hi,

  
how does one borrow against btc?  

is the amount to be borrowed based upon the lender, or is it a standard 20% of the total btc value on the day of lending, 50%, etc?  

how are private keys involved in the loan transaction?

is the amount of btc to be used as a collateral transferred to a different wallet?

is this something that should never be done, and just sell btc instead? 

finally, is this a process that can be completed in hours, days, weeks?

  
thanks, and any info not listed above is appreciated.",btc,en,0.0,32.0,1mwsrvs,Bitcoin,,,,,
2025-08-22 00:30:38+00:00,,reddit,https://www.reddit.com/r/Bitcoin/comments/1mws2x8/how_can_i_buy_crypto_using_a_pre_paid_visa_debit/,how can i buy crypto using a pre paid visa debit card i’m trying to buy crypto or bitcoin with a pre paid debit card looking for a site that doesn’t require a kyc,btc,en,0.0,1.0,1mws2x8,Bitcoin,,,,,
2025-08-22 00:20:39+00:00,,reddit,https://www.reddit.com/r/Bitcoin/comments/1mwrv1z/im_so_hyped_to_join_the_bitcoin_community/,i’m so hyped to join the bitcoin community i have been investing recently and i see how much bitcoin has moved in comparison to other investments. i went and installed a smart wallet because my friend told me so much about how to own your own bitcoin and hold it securely. what are some great things i can do in the future to grow my investment with bitcoin?,btc,en,18.0,6.0,1mwrv1z,Bitcoin,,,,,
2025-08-22 00:11:08+00:00,,reddit,https://www.reddit.com/r/Bitcoin/comments/1mwrni3/fix_the_money/,"fix the money every other cryptocurrency can be manipulated with fake money thats typed into a database. i believe this is mainly where most of the liquidity comes from, and most liquidity isn’t genuine “investors”.

bitcoin has this same issue, sure. but it is the only currency that can make these “gains”, and its core principles remain the same. the main difference has always been how it was launched. bitcoins price only matters for the sake of sound money adoption and getting more eyes on the key issue that plagues most of the world, which is broken money. when bitcoin reaches a million usd, 10million usd, 100million usd, will the dollar amount even matter? does it even matter now as we speak? the only thing that will matter is if you hold something that can’t be debased by anybody else no matter how hard they try. 1 btc = 1 btc, always! 

bitcoin launched fairly, without a pre mine, is borderless, capped at a number in 21million, is open to anybody in the world, anywhere at anytime, and is has network transparency that can be validated by anyone, amongst many other things. a currency with rules without rulers. it basically exists, like gravity, as a tool for us to utilize and build on.

this is where the real change will begin for everyone. no dog, frog, or celebrity meme coin will ever provide a better future for us. only bitcoin can do that. everything else is just noise.

i pray people will realize this eventually if they haven’t already.

love yall",btc,en,17.0,4.0,1mwrni3,Bitcoin,,,,,
2025-08-21 22:29:38+00:00,,reddit,https://www.reddit.com/gallery/1mwpc1s,"ads from the future - a hyperbitcoinized world i could swear a bigmac cost under 10 sats a few years ago 😄 feel free to post your own ads from the future.

clarification:
this is not intended to be a promotion of the companies that are mentioned. i am not affiliated with them in any way. fair use / entertainment. chill.",btc,en,274.0,47.0,1mwpc1s,Bitcoin,,,,,
2025-08-21 22:25:44+00:00,,reddit,https://www.reddit.com/r/Bitcoin/comments/1mwp8l9/my_lost_bitcoins/,"my lost bitcoins got some free btc from friends around 2012ish era using the original bitcoin-qt or however it was called client. around 2013 my hdd of 320gb started to fill up with that + dumb games/movies/music.


me back then: i need something to store those bitcoins but also i needed space on that god-damned hdd. a friend told me about electrum so i was super happy about it. no more gbs for the blockchain but only a seed, passphrase and i'm good to go to transaction if needed. great, i've created the wallet on electrum, moved the coins to the brand new address then i kept my words in a txt on desktop. before proceeding with the reinstallation i was exploring the electrum gui and saw something like ""mpk <something>"" or maybe <something> mpk"" now i don't remember if the word was show mpk or display mpk but i remember something like that. great, let me backup that on google drive and i should be good to go - no, here everything went wrong. since those were gifted by various friends i did not gave to much importance and the years went by until i got a flashback that i had those bitcoins somewhere. i've looked everywhere and finally found the most precious file of my life in a txt on google drive. 


great, let me download electrum, check the checksum to be sure that it's the right thing then i've imported the long string. electrum opened and meanwhile some pop-up alert went on (but when i saw the amount there i closed it without reading it at first), saw the transactions, with a few other txs (very very low amount) then i was ready to withdraw some to x exchange with the idea to gift me a car. issue? i was not able to do anything. broadcast the transaction? nope. after a few moments i noticed the ""watch only"" in the upper left next to electrum. 

~emotional damage~
first phase: angriness and frustration: i started to lookup everywhere for those words, i was thinking that i saved them somewhere or i could recover them or recover the seed from the master public key but nothing, it's... impossible. i've lost weeks, months and all what i did was work; try to recover the lost btc; sleep a few hours then do that again.

second phase: struggling: well this knocked me hard, really hard and i've stopped to lookup for ways to recover those btc. but i think this was the worst phase. literally every nice car that i saw on the streets in my mind i was like ""that could be mine""; the same for the pretty houses around here. i even started to dream a lot of holidays in places that i always wanted to visit, or (small note, i have 2 cats and i take care of lots of stray cats every single day) i even started to dream that i was able to build a huge place for all the stray cats, hire vets and give free apartments for the volunteers helping with the cats. 
but in the morning everything vanished and i had to start working again. 

last phase: acceptance: it's clear that there's no way to recover anything (at least for now, who knows in the future) so it's pointless to waste time on impossible ways to recover anything now.


so that's it, i always had this urge to say the whole thing to someone that i don't know directly and with this i think that i've embraced the peace and accepted the whole thing.",btc,en,19.0,38.0,1mwp8l9,Bitcoin,,,,,
2025-08-21 22:05:05+00:00,,reddit,https://www.reddit.com/r/Bitcoin/comments/1mwoqjh/physical_bitcoin_for_sale/,"physical bitcoin for sale https://preview.redd.it/ajkig7424gkf1.jpg?width=805&format=pjpg&auto=webp&s=c5709eff0987384b46a107a1ad65d7144ccf9e41

actual, physical bitcoin. fascinating.",btc,en,0.0,7.0,1mwoqjh,Bitcoin,,,,,
2025-08-21 21:29:20+00:00,,reddit,https://www.reddit.com/r/Bitcoin/comments/1mwnupg/how_much_do_you_need_to_stack/,"how much do you need to stack? what is the minimum in bitcoin you need to stack and be sure to be rich in future, say 15 years from now. what do you think?",btc,en,18.0,71.0,1mwnupg,Bitcoin,,,,,
2025-08-21 21:09:58+00:00,,reddit,https://www.reddit.com/r/Bitcoin/comments/1mwncsm/socially_excluded_or_lonely_people_in_btc/,socially excluded or lonely people in btc community? do you think there’s a lot of socially excluded people or incels/femcels in bitcoin community? i just went to this event and quite a few people seemed socially awkward and shut down. i wonder if this is a bigger phenomenon.,btc,en,0.0,14.0,1mwncsm,Bitcoin,,,,,
2025-08-21 20:56:50+00:00,,reddit,https://v.redd.it/t9nxadq0sfkf1,everything is going to zero against #bitcoin.,btc,en,216.0,19.0,1mwn0dj,Bitcoin,,,,,
2025-08-21 20:10:25+00:00,,reddit,https://www.reddit.com/gallery/1mwlsu4,"the bitcoin whitepaper and the bitcoin standard so who’s all read the bitcoin whitepaper and who’s read the bitcoin standard written by saiddean ammous? 
as a proud owner of bitcoin and crypto i’m pleased to say that i have read both.",btc,en,62.0,9.0,1mwlsu4,Bitcoin,,,,,
2025-08-21 20:08:16+00:00,,reddit,https://www.reddit.com/r/Bitcoin/comments/1mwlqta/cant_go_to_bitcoin_asia_2025_anyone_want_my_pass/,"can't go to bitcoin asia 2025, anyone want my pass for 50% off? i bought a pro pass, but won't be able to make it to hong kong in time. anyone want to buy it from me for half the price (150 usd)?",btc,en,3.0,3.0,1mwlqta,Bitcoin,,,,,
2025-08-21 19:29:18+00:00,,reddit,https://www.reddit.com/r/Bitcoin/comments/1mwkpx2/best_place_to_buy_btc_with_less_fees/,"best place to buy btc with less fees? seems like everywhere i go to buy there’s at least a $5 fee. 

any where that’s cheaper?",btc,en,1.0,1.0,1mwkpx2,Bitcoin,,,,,
2025-08-21 17:56:08+00:00,,reddit,https://www.reddit.com/r/Bitcoin/comments/1mwi7zm/we_all_are_crazy/,"we all are crazy 🤣 hey, just so you know, you're not the only one. i actually get excited when the bitcoin price drops. my family thinks i'm nuts, but then i found out i'm not alone, there's a whole reddit group that loves a good sale!",btc,en,130.0,25.0,1mwi7zm,Bitcoin,,,,,
2025-08-21 17:55:40+00:00,,reddit,https://www.reddit.com/r/Bitcoin/comments/1mwi7jc/is_the_four_year_cycle_going_to_repeat/,"is the four year cycle going to repeat? in 2014,2018 and 2022 bitcoin price declined significantly.

will this established historical pattern following the halving recur in the coming year?

thoughts?",btc,en,2.0,21.0,1mwi7jc,Bitcoin,,,,,
2025-08-21 17:39:00+00:00,,reddit,https://i.redd.it/g6byyz4qsekf1.jpeg,"just in: wealthy asian families and family offices are increasing their investments in bitcoin and cryptocurrencies, according to reuters.",btc,en,153.0,7.0,1mwhrq1,Bitcoin,,,,,
2025-08-21 17:22:20+00:00,,reddit,https://i.redd.it/3pq7fguppekf1.jpeg,proof that bitcoin doesn’t wait for permission.,btc,en,6129.0,174.0,1mwhb70,Bitcoin,,,,,
2025-08-21 16:46:22+00:00,,reddit,https://www.reddit.com/r/Bitcoin/comments/1mwgbjl/freeze_hodling_will_set_you_free/,"""freeze"" hodling, will set you free i wanted to share a concept with many of you that i've taken personally which i hope helps some of you on your hodling journey.  i have a time period (for me it's specifically another 11 years, so 2036), where i'm trying to accumulate as much value as possible through working/savings etc, and then i'll be 'soft' retiring as in working smaller odd jobs or whatever i find interesting and not my current corporate job which i don't hate, but is certainly not my passion.

in this time period, i will not sell any of my bitcoin stack (and i'll only be adding to it), no matter what.  so for 11 years, this bitcoin is completely frozen.  if bitcoin is $1 million/coin i won't sell, if bitcoin falls back to $3k, i won't sell.  no matter what, i'll have the bitcoin that i have (or more) in 11 years time.  it's a personal agreement with myself.  even if something happens in my life, even if a life-threatening event happens, i will take out debt or whatever i need to do to take care of myself and my family, but this bitcoin will not move for any reason.  knowing this in my mind, it gives me the relief to not worry about price or short-term thinking of any governments, corporations, etc.  even if mstr themselves go bankrupt and has to sell all of their bitcoin in a small amount of time and bitcoin literally goes back to $1,000/coin, i won't sell because that's my agreement with myself.

i hope you all can find this kind of clarity with hodling and understand that bitcoin is something that is going to be very volatile in the next few years because it's still a very new concept to people.  i've been in bitcoin for many years and i'm not sure that the majority of people understand it any better than in 2017.  you either get it, or you don't.  really.  it's a difficult concept to understand that inflation doesn't need to happen or that bonds aren't 'rock solid'.  it might be another 10 years for a few more individuals to understand what's really going on in the world.  but know that hodling will pay off and fiat currencies will die.  it's really only a matter of time...",btc,en,5.0,8.0,1mwgbjl,Bitcoin,,,,,
2025-08-21 16:41:59+00:00,,reddit,https://i.redd.it/kzo83aqfiekf1.png,i've been apathetic/doubful of bitcoin for a very long time. recently have come to see the light!,btc,en,118.0,22.0,1mwg75r,Bitcoin,,,,,
2025-08-21 16:37:22+00:00,,reddit,https://www.reddit.com/r/Bitcoin/comments/1mwg2ov/bitcoin_feels_like_its_just_getting_started/,"bitcoin feels like it’s just getting started i’ve been watching bitcoin closely these past few weeks, and honestly, i can’t shake the feeling that something big is brewing. yeah, the price has been moving sideways and dipping here and there, but every time it drops, buyers step in fast. it feels like the market just doesn’t want to let btc go too low.

for me, this is exactly what i look for. i don’t see weakness here, i see accumulation. it’s like the calm before the storm. after the halving, things usually take a while before momentum picks up, and that’s exactly where we are now.

i’ve been slowly stacking during this “boring” phase. no chasing pumps, no stress, just dollar-cost averaging and holding. i’d rather load up when everyone’s distracted than try to fomo in once bitcoin starts breaking new levels.

the way i see it, bitcoin isn’t just holding up well, it’s setting the stage. and when it finally moves, i don’t think it’s going to be small.

anyone else stacking quietly right now, or are you waiting for a deeper dip before jumping in?",btc,en,19.0,10.0,1mwg2ov,Bitcoin,,,,,
2025-08-21 16:15:45+00:00,,reddit,https://youtu.be/K3X2-wJrjtY,"i studied bitcoin for 1000+ hours; now i'm all in at 21 (new podcast) on my podcast *bitcoin for millennials*, i talked with joey — a 21-year-old bitcoiner who spent 1000 hours studying money, turned curiosity into conviction, and brought both himself and his wife onto the bitcoin standard. we discuss how studying money changes everything, escaping fiat’s illusion, when bitcoin clicked, why most ignore its potential, and what it means to live free so young.",btc,en,1.0,7.0,1mwfh91,Bitcoin,,,,,
2025-08-21 16:08:28+00:00,,reddit,https://www.reddit.com/r/Bitcoin/comments/1mwf9y1/using_bitcoin_for_international_transactions_to/,"using bitcoin for international transactions to person(s) in countries lacking a relationship with the united states hello, wondering if anyone on here has been exposed to using btc (or really any crypto) and sending it overseas to family members, most notably those lacking a relationship with the u.s.?

i have friends that are from central and south america, such as nicaragua, venezuela, cuba, etc. that frequently send money back home but always requires an intermediary such as western union or even an individual that has found a way to do so. i am trying to make this more widespread amongst them if it is reasonable and the fees are worth it to them as opposed to going through whatever they currently go through now (a bank).

process is below:  
open wallet - convert dollars to btc - send btc to recipient - convert back into desired currency and back into bank account of individual(s)

this obviously is all done through their phone, and they don't have to stand in line in public exposing themselves to any government agencies, while simultaneously eliminating the banking aspect of controlling the transaction flowing to that country.

this should be able to work for any country that the west isn't involved with.",btc,en,10.0,3.0,1mwf9y1,Bitcoin,,,,,
2025-08-21 15:56:41+00:00,,reddit,https://www.youtube.com/live/krp7xT_-Hpc?si=ouoiQ5SjvO4AdObY,the canadian bitcoin conference with dan carlin | the cbp,btc,en,4.0,0.0,1mwexx2,Bitcoin,,,,,
2025-08-21 15:32:52+00:00,,reddit,https://www.reddit.com/r/Bitcoin/comments/1mweagg/a_shortcut_to_understanding_what_1_btc_1_btc/,"a shortcut to understanding what 1 btc = 1 btc really means imagine living in central africa centuries ago. your village uses seashells (let's call them usd) for trade. they’re rare, brought in from distant shores, and have long been the primary store of value and means of exchange in your local economy. they break and get lost occasionally, but new shells brought in from far away more than make up for this by inflating the local total slowly overtime to keep a balanced perceived scarcity, allowing them to work as local a decent store of value and currency.

one day, foreigners arrive with a shiny yellow metal called gold (this represents bitcoin). at first, it’s a curiosity... your economy isn’t built around it. but some people begin trading seashells (usd) for gold (btc). others follow. the value of gold (btc) in terms of seashells (usd) rises. this causes more volatility and interest in the new thing.

since everything is still priced in seashells (usd), you naturally track how much gold (btc) is worth *in seashells (usd)*. that’s your frame of reference.

then, you discover something important (call it an insight): these foreigners can bring in *lots* of seashells (printing of usd will accelerate in the future)... much more than your local community ever could. suddenly, seashells (usd), in your mind, are no longer as scarce as you once believed. they're easier to get... even printable, in a sense... and that threatens their value. most don't see this, but it's becoming more clear to you as a risk to your store of value.

this realization shifts your thinking.

you begin to see that gold (bitcoin), not seashells (usd), is the better store of value. it’s scarce, durable, and secure... while seashells (usd) are becoming inflated and less reliable for preserving your wealth. most around you don't see this yet, and your local economy still uses seashells for everything, but you have an edge here.

at this point, you stop thinking in terms of “how much gold (btc) can i get for my seashells (usd)?” and instead start asking, “how many seashells (usd) is this amount of gold (btc) worth now?” this is a eureka moment. a profound realization. you’re no longer concerned with gold's (btc) price in seashells (usd)... you’re tracking the seashell’s (usd) value *in gold*. (btc)

you continue living your daily life... still using seashells because that’s what the local economy runs on. but you begin converting any seashells (usd) you don’t immediately need into gold (btc), quietly building your savings in this superior asset, while others are still thinking of it just as a speculative way to get more seashells (usd) on the other end.

eventually, others will come to the same realization. and as more people shift their thinking, the pricing standard itself will change. that’s when you understand: **1 btc = 1 btc.** 

the value represented in seashells (usd) that you followed all that time was really gold (btc) slowly consuming the old way of thinking and taking over the frame of reference. that inevitably, eventually thing of value will be valued in gold (btc) and the total supply of seashells (usd) will be a subset of that total value at some point in the future... because there are also other things of value out there, we only think of them as priced in usd because that's our frame of reference. when that flips... you will wish you traded any amount of seashells (usd) for any small amount of gold (btc)... seashells will be a relic, and not a representation of value in the market once that flip happens: 1 btc = 1 btc.",btc,en,15.0,14.0,1mweagg,Bitcoin,,,,,
2025-08-21 14:49:38+00:00,,reddit,https://www.reddit.com/r/Bitcoin/comments/1mwd2y1/new_to_bitcoin/,"new to bitcoin hello, i'm looking to start getting into bitcoin and i'm unsure of what to do as i have so much free time, i will be able to save it for at least 6 years. any advice is appreciated.",btc,en,0.0,2.0,1mwd2y1,Bitcoin,,,,,
2025-08-21 14:27:07+00:00,,reddit,https://i.redd.it/3od4lrkhudkf1.jpeg,bitcoin lets you walk tall,btc,en,64.0,2.0,1mwcgas,Bitcoin,,,,,
2025-08-21 14:07:27+00:00,,reddit,https://i.redd.it/zsuiy3jzqdkf1.jpeg,btc is dead,btc,en,510.0,39.0,1mwbxhf,Bitcoin,,,,,
2025-08-21 12:56:54+00:00,,reddit,https://www.reddit.com/gallery/1mwa70m,your daily bitcoin breakdown newsletter is now live. check out today’s top stories and a sneak peek at the latest opinion & analysis pieces. full issue link is in the comments.,btc,en,0.0,1.0,1mwa70m,Bitcoin,,,,,
2025-08-21 12:19:33+00:00,,reddit,https://www.reddit.com/r/Bitcoin/comments/1mw9crw/recovering_bitcoin_from_an_old_wallet/,"recovering bitcoin from an old wallet i was recently able to remember the password to an old schildbach android bitcoin wallet. i got the 12 word seed and loaded it into electrum and it shows my balance as 0.

i was also able to install an old version of the app on the android phone i used at the time. this app shows something interesting. it also shows the balance as 0, but under receiving addresses there is a section called ""old addresses"". there is one address that doesn't show up in electrum. blockchain explorer shows that this address has a small balance.

is there any way of recovering the btc from this old address?",btc,en,5.0,17.0,1mw9crw,Bitcoin,,,,,
2025-08-21 11:51:48+00:00,,reddit,https://v.redd.it/fvccm9yr2dkf1,throwback to 2015: buying #bitcoin in austria at just €272 a coin. the good old days. 🇦🇹,btc,en,415.0,29.0,1mw8r0g,Bitcoin,,,,,
2025-08-21 11:27:57+00:00,,reddit,https://www.youtube.com/watch?v=rPVoaYFiIDg,"why bitcoin is on the rise in kenyan slums | bbc news no government, no banks, no problem...",btc,en,51.0,4.0,1mw89nv,Bitcoin,,,,,
2025-08-21 11:16:16+00:00,,reddit,https://www.reddit.com/r/Bitcoin/comments/1mw81jz/happy_bitcoin_infinity_day_21/,"happy bitcoin infinity day - ♾/21 the date of august 21 holds a special place in the hearts of some hardcore bitcoiners. referred to as ""bitcoin infinity day"", a bitcoiner named knut svanhold came up with the concept back in 2021. the date august 21 can be represented as 8/21. the number ""8"" symbolizes the infinity symbol ""∞"", while ""21"" represents the maximum supply of bitcoins that will ever exist, capped at 21 million. at the heart of this celebration is the phrase ""everything there is divided by 21 million"". 

beyond its symbolic meaning, bitcoin infinity day is also associated with a unique creation known as the infinity day keys. a bitcoiner and artist that goes by the pseudonym fractalencrypt created the infinity day keys to help spread the meme created by knut svanholm, ""bitcoin: everything there is divided by 21 million"" and the original article that knut released on august 21, 2020, titled ""[deeper down the rabbit hole](https://www.citadel21.com/deeper-down-the-rabbit-hole)"". as a sidenote, knut says that he did not intentionally publish his original article on august 21, 2020 and that it was just a coincidence. 

knut svanhold was the first person to receive one of the infinity day keys. [this is a photo of knut svanhold holding his infinity day key.](https://i.redd.it/i14vsg45mckf1.png)

[click here to watch a short video displaying the infinity day key.](https://video.twimg.com/ext_tw_video/1429166669608407041/pu/vid/1280x720/ditw6iny3i3be_x5.mp4)

here is a short video displaying infinity day key 8 of 21 on a plaque: https://www.youtube.com/watch?v=wohevsscf68

bitcoin magazine published an article about all of this over three years ago but they've since deleted it. you can view an archived copy of the article [here](https://web.archive.org/web/20220309085228/https://bitcoinmagazine.com/culture/the-bitcoin-infinity-day-public-private-keys). it goes much further into detail about knut svanhold, the infinity day keys, fractalencrypt and his art.

happy bitcoin infinity day",btc,en,20.0,1.0,1mw81jz,Bitcoin,,,,,
2025-08-21 09:09:37+00:00,,reddit,https://i.redd.it/iqytwrku9ckf1.jpeg,"funny looking back… had 0.1 btc twice in 2018, now chasing it today found this old screenshot from november 2018. back then, i received 0.1 btc not once but twice without even thinking too much of it. fast forward to today, i’m chasing that same milestone again

it’s pretty crazy how perspective changes. eventually 0.1 btc will be out of reach for most, and even 0.01 btc will be considered huge. makes you realize how important it is to stack while you still can",btc,en,291.0,32.0,1mw5v9d,Bitcoin,,,,,
2025-08-21 08:42:59+00:00,,reddit,https://i.redd.it/vl6a7gi35ckf1.jpeg,i told'em to buy bitcoin,btc,en,947.0,44.0,1mw5gaz,Bitcoin,,,,,
2025-08-21 08:41:33+00:00,,reddit,https://www.reddit.com/r/Bitcoin/comments/1mw5fht/should_i_wait_bitcoin_drop/,"should i wait bitcoin drop? want invest the bitcoin, but the price seems too high. 
really don’t know when should buy….
feel like the price will drop immediately if buy now🤔",btc,en,0.0,50.0,1mw5fht,Bitcoin,,,,,
2025-08-21 08:26:18+00:00,,reddit,https://www.reddit.com/r/Bitcoin/comments/1mw570g/i_need_to_vent/,"i need to vent. i need to vent.

not investing in bitcoin is one of my biggest regrets in life.

i remember reading about it in a vice article discussing mt. gox (2011) and thinking it must be a scam. 

life was really testing my limits at the time. i was in law school, my then-girlfriends dad died of a heart attack, my parents were getting a divorce and i had emergency surgery and was in the hospital for 6 weeks. 

i kept reading about it the following years. my everything was so focused on law school, i did not allow myself to learn about bitcoin, afraid it would distract me from school. 

i put myself through an emotional hell for school. in my country you can only take the bar twice. i failed the exams. 

now i am not a lawyer, single and unfortunately have been sick for the past two years. 

i could really use a break. and i can't stop fantasizing, that had i invested, i could retire and finally have a break from life. it hurts, it's all i think about. 

i am happy for everyone that was able to invest early and better their life! congratulations! i mean it!

thanks for listening. 


edit:

omg, thank you for all the replies! you guys have been very helpful! i'll try to reply to most comments.",btc,en,284.0,263.0,1mw570g,Bitcoin,,,,,
2025-08-21 07:06:03+00:00,,reddit,https://www.reddit.com/r/Bitcoin/comments/1mw3xsv/lightning_thursday_august_21_2025_explore_the/,"⚡ lightning thursday! august 21, 2025: explore the lightning network!⚡ the lightning network is a second-layer solution on top of the bitcoin blockchain that enables quick, cheap and scalable bitcoin payments.

here is the place to discuss and learn more about lightning!

ask your questions about lightning

provide reviews, feedback, comparisons of ln apps, services, websites etc

learn about new ln features, development, apps

link to good quality resources (articles, wikis etc)

resources:

* here is an awesome list of resources compiled by jameson lopp: https://www.lopp.net/lightning-information.html

* want to test out your lightning fire power? tip the bitcoin devs! https://bitcoindevlist.com/

* previous threads: [search](https://www.reddit.com/r/bitcoin/search?q=lightning+thursday&restrict_sr=on&include_over_18=on&sort=new&t=all)

* lnbook getting closer towards being finished and can already be seen at: https://github.com/lnbook/lnbook

* lightning dedicated youtube channel: https://youtube.com/renepickhardt

* also there is the playlist by chaincode labs: https://youtube.com/playlist?list=plplh33trght17_u3as2p3vhfagl8psooy

* lightning stores: https://www.lightningnetworkstores.com/

* learn more and talk about lightning right here in r/bitcoin, r/bitcoinbeginners, r/thelightningnetwork, and [the r/bitcoin chat](https://discord.gg/qe3rwbrnqh)",btc,en,14.0,5.0,1mw3xsv,Bitcoin,,,,,
2025-08-21 07:03:25+00:00,,reddit,https://i.redd.it/5qiws22cnbkf1.jpeg,"bitcoin is rising faster than m2 every time m2 goes up just a tiny little bit, bitcoin shoots up dramatically. the only way to stop bitcoin is to stop printing money. are the banksters ready to do that? probably not.

keep stacking sats and staying humble. the final repricing is coming this uptober.",btc,en,11.0,13.0,1mw3wa5,Bitcoin,,,,,
2025-08-21 06:06:36+00:00,,reddit,https://i.redd.it/3j16ix07dbkf1.jpeg,"bitcoin up 🔥bitcoin’s next big move is loading…

if btc holds 112,615 → 🚀eyes on 114,740 → 116,880
if it breaks below 112,615 → ⚠️drop toward 111,960

right now: bulls fighting for control. 🥊
which side are you on — 🚀 or ⚠️?

#bitcoinrecovery #btcusd",btc,en,5.0,6.0,1mw2z1p,Bitcoin,,,,,
2025-08-21 06:01:06+00:00,,reddit,https://www.reddit.com/r/Bitcoin/comments/1mw2vp5/daily_discussion_august_21_2025/,"daily discussion, august 21, 2025 please utilize this sticky thread for all general **bitcoin** discussions! if you see posts on the front page or /r/bitcoin/new which are better suited for this daily discussion thread, please help out by directing the op to this thread instead. thank you!

if you don't get an answer to your question, you can try phrasing it differently or commenting again tomorrow.

please check the [previous discussion thread](https://www.reddit.com/r/bitcoin/comments/1mv6qdh/daily_discussion_august_20_2025/) for unanswered questions.",btc,en,41.0,72.0,1mw2vp5,Bitcoin,,,,,
2025-08-21 05:51:29+00:00,,reddit,https://www.reddit.com/r/Bitcoin/comments/1mw2pu2/can_mining_bitcoin_fix_this_i_think_so/,"can mining bitcoin fix this ? (i think so) so i came across this post [https://share.google/drqo5ibbah7f6bvbl](https://share.google/drqo5ibbah7f6bvbl) , i am pretty sure there are miners who are stabilizing grids across nations but im not exactly sure of how the model is and works if so any refference to this please share i want to build on it .",btc,en,3.0,8.0,1mw2pu2,Bitcoin,,,,,
2025-08-21 05:40:19+00:00,,reddit,https://www.youtube.com/watch?v=_LzIqJy1JDA,bloomberg tv: can bitcoin break the golden ratio? | presented by cme group,btc,en,5.0,1.0,1mw2iya,Bitcoin,,,,,
2025-08-21 01:28:32+00:00,,reddit,https://www.reddit.com/r/Bitcoin/comments/1mvxkc8/you_know_how_we_know_we_are_still_early_the_anger/,"you know how we know we are still early, the anger. good lord, twice in the last month i was having conversations with family and with work colleagues on investments. i mentioned bitcoin and everyone flipped out saying it was a scam. i pointed out that institutional investment is going through the roof, soon 401ks will allow investing, and the loomis bill is incoming. 

it’s the same argument people had about microsoft vs ibm. sure ibm was once the gold standard, but things change. stocks are great, but bitcoin is better. we are still early given the average person either doesn’t care or hates bitcoin. keep stacking!!",btc,en,236.0,96.0,1mvxkc8,Bitcoin,,,,,
2025-08-21 01:25:33+00:00,,reddit,https://i.redd.it/9509c0y1z9kf1.jpeg,taking a piss at the bitcoin bar in nyc.,btc,en,28.0,6.0,1mvxi3z,Bitcoin,,,,,
2025-08-21 00:47:51+00:00,,reddit,https://www.reddit.com/r/Bitcoin/comments/1mvwoh6/did_i_pay_this_5000_sats_fee_by_myself/,"did i pay this 5000+ sats fee by myself? might be a stupid question.

want to do p-2-p but don't want to do something stupid by accident and lose my security deposit on bisq. was forced to use an exchange.

i sent btc from the exchange to a wallet.

an app in watch-only mode for that wallet shows ""transaction confirmed 2/6""

the amount sent from the exchange is $0.68 higher than the amount displayed as in possession on the watch-only wallet. this loss is just the network fee which i was already warned about. that's fine.

the problem is, before it said ""2/6 confirmations"", it said there was another fee of over 5000 sats, and that, in usd, is over 10% of the amount i had sent. is that representative of the entire block being mined, so other senders online right now are sharing the burden of that 5000+ sats fee with me, and my share of the burden was only $0.68? or have i lost 5000 sats from somewhere (the exchange, the receiver's wallet once we reach stage 6/6, something else?)

on mempool, something that anyone can access, the same 5000+ fee is displayed. this suggests it's shared.

the receiver's address is segwit bc1, 42 characters.",btc,en,0.0,1.0,1mvwoh6,Bitcoin,,,,,
2025-08-20 23:44:11+00:00,,reddit,https://www.reddit.com/r/Bitcoin/comments/1mvv9vr/insuring_your_bitcoin/,insuring your bitcoin? what’s your opinion on insuring your bitcoin that’s in cold storage with companies like anchor watch? good or bad idea?,btc,en,0.0,10.0,1mvv9vr,Bitcoin,,,,,
2025-08-20 23:17:53+00:00,,reddit,https://www.reddit.com/r/Bitcoin/comments/1mvunyp/my_mom_is_afraid_of_bitcoin/,"my mom is afraid of bitcoin my mom doesn't understand bitcoin and she is scared of it, how should i convince her to at least consider it?",btc,en,4.0,13.0,1mvunyp,Bitcoin,,,,,
2025-08-20 23:01:35+00:00,,reddit,https://bitcoinops.org/en/podcast/2025/08/19/,bitcoin optech newsletter #367 recap podcast,btc,en,7.0,0.0,1mvu9tv,Bitcoin,,,,,
2025-08-20 22:29:32+00:00,,reddit,https://v.redd.it/41a0ozcj39kf1,drying 🥩 beef jerky with 🔥 waste heat from a bitcoin miner in 🇫🇮 helsinki 👀,btc,en,351.0,27.0,1mvthsq,Bitcoin,,,,,
2025-08-20 22:07:29+00:00,,reddit,https://www.reddit.com/r/Bitcoin/comments/1mvsy4p/bitcoin_podcast_recommendations/,"bitcoin podcast recommendations? female here 
simple straight forward and accurate",btc,en,8.0,9.0,1mvsy4p,Bitcoin,,,,,
2025-08-20 21:59:43+00:00,,reddit,https://www.reddit.com/r/Bitcoin/comments/1mvsqxz/future_set/,"future set i know it’s not much for some, but i finally own 5 bitcoin in cold storage. freedom.",btc,en,0.0,14.0,1mvsqxz,Bitcoin,,,,,
2025-08-20 21:46:16+00:00,,reddit,https://i.redd.it/ew0hewbdv8kf1.png,"my checking account pays more interest than bitcoin my checking account actually pays more interest than bitcoin, a whopping 0.01% vs 0%  
the only problem is...my bank account value bleeds 8%+ a year thanks to our friends at the printer, while my bitcoin bank account stays the same. 1 btc = 1 btc.

wild that the thing everyone calls “risky” is the only one not guaranteed to shrink.",btc,en,172.0,44.0,1mvseik,Bitcoin,,,,,
2025-08-20 21:32:34+00:00,,reddit,https://www.reddit.com/r/Bitcoin/comments/1mvs1s0/writing_dissertation_on_bitcoin_mining_renewable/,"writing dissertation on bitcoin mining & renewable energy – looking for site visit opportunities hi everyone,

i’m an undergraduate geography student in the uk and currently writing my dissertation on the link between bitcoin mining and renewable energy — specifically how mining can make use of curtailed wind power.

as part of my research, i’d really like to connect with someone in the bitcoin mining industry who might be open to either:
	•	hosting me for a site visit (home or abroad) so i can see operations firsthand and ask a few questions, or
	•	having a quick chat online to share insights on how mining facilities integrate with renewable energy.

my aim is to gain a better real-world understanding of how mining operations work, particularly where they overlap with renewable energy grids.

if anyone here has industry links, contacts, or advice on who i should reach out to, i’d massively appreciate the help.

thanks in advance for any guidance or connections 🙏",btc,en,9.0,2.0,1mvs1s0,Bitcoin,,,,,
2025-08-20 21:17:19+00:00,,reddit,https://www.reddit.com/r/Bitcoin/comments/1mvrne1/i_found_hdd_with_bitcoins_on_it_but_i_need_to/,"i found hdd with bitcoins on it, but i need to recover them so back in 2009 i mined bitcoins on some software, cant remember the name, it was just some picture of shitty bitcoin logo and tons of figures floating (if you remember please tell me). after about a month of farming the price was low, so i quit and reinstalled windows afterwards. i want to recover those coins. everything says i can, but i dont know how exactly, mind helping me with that?",btc,en,0.0,2.0,1mvrne1,Bitcoin,,,,,
2025-08-20 21:15:01+00:00,,reddit,https://www.reddit.com/gallery/1mvrl5v,your daily bitcoin breakdown newsletter is now live. check out today’s top stories and a sneak peek at the latest quick bits snippets. full issue link is in the comments.,btc,en,30.0,2.0,1mvrl5v,Bitcoin,,,,,
2025-08-20 21:09:06+00:00,,reddit,https://www.reddit.com/r/Bitcoin/comments/1mvrfix/gold_is_aesthetically_unattractive/,"gold is aesthetically unattractive there are a number of fallacious arguments made by goldbugs that never seem to get addressed in the global discourse. one assertion in particular has pecked my eyeballs and eardrums too many times recently without adequate retort – the idea that gold is aesthetically beautiful.

this argument arrives in various forms. 

sometimes it's overt – ""gold is valuable because it's beautiful.""

other times it's subtle – ""gold is valuable because it's used in jewelry."" the implication is that gold is worn because it possesses a unique visual allure which is self-evident and intrinsic. it's assumed the value of gold is partially derived from this intrinsic beauty, rather than the perceived beauty being a construct of the notional value.

even more subtle is the suggestion that gold is ""god's money."" the implication here is that god himself made all the scarce metals a boring shiny grey color – except one – which he made shiny yellow. he blessed just one metal with a quality that is uniquely captivating to the human eye so that we'd all instinctively understand it to be timelessly true money, as decreed by the omniscience, omnipotent,  omnipresent creator of the universe.

...

ok, except...

humans obviously do not find gold-colored things aesthetically pleasing.

we drive silver / shiny grey colored cars en masse. almost nobody drives a gold colored car. if anyone does drive a gold colored car, it's universally acknowledged to be tacky.

we erect shimmering silvery buildings and infrastructure all over the world. nobody builds gold colored buildings. damn it... even the golden gate bridge was painted orangey red.

look around people's apartments or your workplace or the local cafe. all sorts of things are artificially made a shiny grey / silvery color – door handles, cupboard handles, chest of drawer handles, suit jackets, shoes, the flush button on the toilet etc. it's very easy to make these things gold colored, but few people would want them.

ask a fashion expert. they'll tell you it's much easier to co-ordinate a visually appealing outfit with silver than it is with gold.

if you're still not convinced, let's take a closer look at jewelry. white gold (i.e. silver colored gold) is the most popular form of engagement / wedding band. people are making their gold jewelry silver colored en masse. absolutely nobody is making their silver or platinum jewelry gold colored.

gold is not aesthetically pleasing. the jewelers are making it silver coloured. the fashionistas refuse to work with it. the architects scoff at the suggestion of incorporating it into their buildings. the car manufacturers make cars that are every other colour under the sun.

if copper was rare and gold was plentiful, goldbugs would undoubtedly be espousing the undeniable beauty of shiny orange.

gold is not a gift from god. if god gave you anything, it was a brain with which to reason. gold is aesthetically unattractive – and people only thought otherwise because they were allowing its reputation as a signifier of wealth to influence their aesthetic judgement. that reputation is underpinned fundamentally by the fact that it is the hardest and soundest store of value humanity has ever discovered.

except... it isn't the hardest and soundest store of value humanity has ever discovered anymore. bitcoin is. what do you think happens next?",btc,en,0.0,15.0,1mvrfix,Bitcoin,,,,,
2025-08-20 20:57:28+00:00,,reddit,https://www.reddit.com/r/Bitcoin/comments/1mvr43n/yall_im_16_how_would_i_purchase_btc_without_my/,"y'all i'm 16 how would i purchase btc without my dad knowing i have a joint bank account w/ my dad and he knows when i buy stuff, and he thinks bitcoin is stupid but i wanna invest before it's too late how would i invest without him knowing
(i have my own job and earn my own money)",btc,en,0.0,63.0,1mvr43n,Bitcoin,,,,,
2025-08-20 19:53:56+00:00,,reddit,https://www.reddit.com/r/Bitcoin/comments/1mvpe6k/bitcoin_file_from_2011/,"bitcoin file from 2011 here's another one of these posts.

hi guys, i just found a small wallet file from 2011, bitcoin core can't open it, when running pytools it recognizes it, but tells me it can't decrypt it i guess. any suggestions on manual key extraction or alternative wallet recovery methods? 

i'm 99% sure there's nothing in it, but might as well try.

  
\# recovery results:

\# - found 1 possible wallet

\# - found 7 possible encrypted keys

\# - keys require manual decryption due to crypter stability issues

\# 

\# next steps:

\# 1. the wallet file appears to be encrypted

\# 2. key positions have been identified and saved in the json file

\# 3. manual key extraction may be possible with additional tools

\# 4. consider using alternative wallet recovery methods

  
quick edit, i do have what i think is the password for the wallet, but that didn’t help. it’s probably wrong.",btc,en,9.0,3.0,1mvpe6k,Bitcoin,,,,,
2025-08-20 19:42:19+00:00,,reddit,https://www.reddit.com/r/Bitcoin/comments/1mvp2le/been_locked_out_for_a_few_years/,"been locked out for a few years when the internet started its 2-step verification system, it effectively locked me out of my email and subsequently, facebook, bitcoin, etc...",btc,en,0.0,19.0,1mvp2le,Bitcoin,,,,,
2025-08-20 19:27:26+00:00,,reddit,https://www.reddit.com/r/Bitcoin/comments/1mvonxq/brain_sync_or_thought_typing_technology_and_its/,"brain sync or thought typing technology and its impact on seedphrase? i watched a video many years ago where a female senior exec at then fb (i think, if i remember correctly) was showcasing the technology of 'type-free typing - using just thoughts, or thought-typing'.  

  
i remember the audience who all seemed to be highly educated bunch started booing the idea and there was visceral gasp.

  
just then the executive says - your private thoughts are not captured - only public thoughts but everyone (in comments) argued that once you can read the thoughts through brain sync/scan without permission - there is nothing called a private thought.

  
i couldn't shake off the creepiness of that thought.

  
for some reason, i thought of it again but in the context of bitcoin and seed phrases.  for those who remember these by-heart in their minds - what happens if such a technology becomes mainstream?

  
ps: that video was shortly taken out or marked private never to be seen (i have not searched for it again either).",btc,en,0.0,1.0,1mvonxq,Bitcoin,,,,,
2025-08-20 19:01:13+00:00,,reddit,https://www.reddit.com/gallery/1mvny1t,"stacking sats for my kids’ future. lets go! buying bitcoin every day until i retire. goal: stack 1 whole for my kids someday.
started on 20/07 – thought i was late, but it’s never too late to start 🙏❤️
good luck to everyone stacking out there!",btc,en,79.0,6.0,1mvny1t,Bitcoin,,,,,
2025-08-20 18:30:18+00:00,,reddit,https://i.redd.it/yraagxuyw7kf1.jpeg,"btc journey - magic internet money or something else? here is the the real hidden roi of one's btc journey.
forget the profit & lambos for a moment - just think about how much you’ve actually learned since you started following bitcoin about:

- economics & monetary history
- finance & payments infrastructure
- philosophy & game theory
- politics & governance
- human psychology & crowd behavior
- energy & resource policy
- cryptography & computer science
- law, regulation & geopolitics
- etc

bitcoin pulls you down rabbit holes you never even knew existed.
and once you see the connections, you can’t unsee them",btc,en,92.0,7.0,1mvn34b,Bitcoin,,,,,
2025-08-20 17:28:42+00:00,,reddit,https://www.reddit.com/r/Bitcoin/comments/1mvlcjh/no_dip_under_110k/,"no dip under 110k there’s too many investments into crypto, the u.s., interest rates dropping and will drop more. it’s inevitable that bitcoin won’t continue to rise. no way it drops below 110k i’m fully committing",btc,en,0.0,39.0,1mvlcjh,Bitcoin,,,,,
2025-08-20 17:21:21+00:00,,reddit,https://www.reddit.com/r/Bitcoin/comments/1mvl55l/ibit/,"ibit? finally wanting to jump in the btc game but my current investment platform doesn’t have access to crypto. is ibit etf worth while?

i get in concept it should be the same, an etf based solely on btc holdings that i own with usd. but it seems like a foundational limitation in that i’m not actually owning my coins. 

any thoughts pros/cons on ibit in place of btc?",btc,en,10.0,12.0,1mvl55l,Bitcoin,,,,,
2025-08-20 17:18:06+00:00,,reddit,https://www.reddit.com/r/Bitcoin/comments/1mvl1q7/i_think_people_are_cashing_out_too_early/,"i think people are cashing out too early a lot of people are cashing out early, but that’s fine if you needed the money more than the bitcoin. i need the bitcoin more and i have been buying non stop (just bought more a few hours ago). personally i would keep enough fiat for personal reasons and never ever sell the bitcoin! it’s not worth it! this cycle will without a doubt see $140,000 or even $250,000! i know this would be the absolute max price and anything can happen, but i’m just pointing out why you don’t sell and just buy more!",btc,en,96.0,143.0,1mvl1q7,Bitcoin,,,,,
2025-08-20 16:55:11+00:00,,reddit,https://v.redd.it/bgq8gntvd7kf1,"a quick demo of our bitcoin paper wallet generator (yes, it works!)",btc,en,0.0,10.0,1mvkeic,Bitcoin,,,,,
2025-08-20 16:49:01+00:00,,reddit,https://youtu.be/Om4Rxz2tsZE,"mining lots of bitcoin in 2010, losing it and recovering it 14 years later - how bitcoin can transform your life.",btc,en,2.0,1.0,1mvk8ha,Bitcoin,,,,,
2025-08-20 16:24:45+00:00,,reddit,https://i.redd.it/ubmpqjfka7kf1.jpeg,the craziest bitcoin prediction ever made,btc,en,226.0,33.0,1mvjk72,Bitcoin,,,,,
2025-08-20 14:07:34+00:00,,reddit,https://i.redd.it/lihj5wa3m6kf1.jpeg,"🚨 from selling cans to owning 1 bitcoin 😱 🇧🇷 a man in brazil collects cans, sells them, and buys bitcoin with the money. after 2 years, he’s now close to owning 1 whole btc",btc,en,964.0,46.0,1mvft25,Bitcoin,,,,,
2025-08-20 13:47:44+00:00,,reddit,https://i.redd.it/rzddrv3ki6kf1.jpeg,"bought the dip crazy to think a few months ago that $113,700 would be a dip. lots of new money in bitcoin freaking out that prices have fallen 8%-9%. yawn. keep stacking.",btc,en,302.0,26.0,1mvfaii,Bitcoin,,,,,
2025-08-20 13:36:19+00:00,,reddit,https://i.redd.it/1dms615bg6kf1.png,thailand to accept bitcoin payments for tourists,btc,en,12.0,4.0,1mvf0bc,Bitcoin,,,,,
2025-08-20 13:16:07+00:00,,reddit,https://www.reddit.com/r/Bitcoin/comments/1mveikw/im_about_to_win_a_lawsuit_against_my_landlord_for/,"i'm about to win a lawsuit against my landlord for black mold related stuff. probably get around $25k-$50k. i'm about to win a lawsuit against my landlord for black mold related stuff. probably get around $25k-$50k. 

i want to throw it all into btc. good idea or no? also, dca or lump sum. 

let me hear your thoughts in the comments so i can hear multiple opinions before making my own informed decision.",btc,en,0.0,19.0,1mveikw,Bitcoin,,,,,
2025-08-20 13:14:03+00:00,,reddit,https://i.redd.it/pzq2ib3xb6kf1.jpeg,"i built a dca calculator for btc it is open source

the data is stored in local storage

easily monitor the value of your stack",btc,en,59.0,18.0,1mvegpn,Bitcoin,,,,,
2025-08-20 11:56:18+00:00,,reddit,https://www.reddit.com/r/Bitcoin/comments/1mvcpfs/bitcoin_is_gambling/,"""bitcoin is gambling"" i came actoss different sub, and outside reddit too, surprised that there are people that still think bitcoin is gambling.

mostly those finance guys. 

i personally don't care, also comes back to just gonna mind my own business, and same goes in my real life too i stop convincing or trying to talk to people about it. if people not gonna buying it or else who cares.",btc,en,10.0,56.0,1mvcpfs,Bitcoin,,,,,
2025-08-20 11:33:42+00:00,,reddit,https://i.redd.it/dgh0wpsmu5kf1.jpeg,australian median house pricе in bitcoin,btc,en,230.0,18.0,1mvc91s,Bitcoin,,,,,
2025-08-20 10:16:03+00:00,,reddit,https://i.redd.it/nx60uvcsg5kf1.png,an email satoshi sent to adam back today 17 years ago regarding bitcoin,btc,en,9.0,1.0,1mvatbm,Bitcoin,,,,,
2025-08-20 09:16:32+00:00,,reddit,https://www.reddit.com/r/Bitcoin/comments/1mv9twe/speaking_about_bitcoin_with_friends/,"speaking about bitcoin with friends do you speak with your friends or family members in detail about your bitcoin investments or crypto investments in general? do you tell strangers that you invest in crypto or are you very reserved about this information? do you think you gain more respect when you tell people that you have high gains from crypto investing? how do you think that they get jealous and don’t wish you well or maybe even come to the idea to tell the irs and cause you troubles even though you have declared all income to the irs. some friends are starting to buy property like flats and renting them to people in order to earn some passive income, i think or at least i have the feeling that they gain more respect from their friends and from other people because they do such things. i’m a bit different here about my investments. i usually don’t like to talk about it and i guess no one really knows how much i have invested and only one person actually knows my approximate portfolio volume.",btc,en,5.0,27.0,1mv9twe,Bitcoin,,,,,
2025-08-20 09:10:47+00:00,,reddit,https://i.redd.it/hg7bq8s255kf1.jpeg,"feeling bullish whenever i start having a small, nagging doubt about bitcoin, i look at my cached [https://bitcointicker.co/](https://bitcointicker.co/) link.

helps me see how early i was and how early we all still are.",btc,en,17.0,4.0,1mv9qip,Bitcoin,,,,,
2025-08-20 08:40:58+00:00,,reddit,https://i.redd.it/dja8jrctz4kf1.jpeg,"historically, you would need to plan for your september bitcoin dip buys, then uptober cometh 🎉 are you ready ?",btc,en,91.0,18.0,1mv99bg,Bitcoin,,,,,
2025-08-20 08:09:37+00:00,,reddit,https://i.redd.it/xufy9x07u4kf1.png,"daily bitcoin meme until btc is at $200,000 #69",btc,en,758.0,29.0,1mv8rsm,Bitcoin,,,,,
2025-08-20 07:59:55+00:00,,reddit,https://www.reddit.com/r/Bitcoin/comments/1mv8m8f/hello_everyone_i_buy_btc_on_trade_republic/,"hello everyone, i buy btc on trade republic. i recently bought btc on trade republic, the application is easy to use and quick and efficient. when i schedule weekly purchases, it costs me nothing to purchase so i optimize my cost price. 
but is it really btc? is the platform really secure? 

if you have any suggestions i'm interested.",btc,en,0.0,7.0,1mv8m8f,Bitcoin,,,,,
2025-08-20 07:48:54+00:00,,reddit,https://www.reddit.com/r/Bitcoin/comments/1mv8g7w/bitcoin_doesnt_need_a_bitcoin_season/,bitcoin doesn’t need a “bitcoin season” that’s why it’s superior,btc,en,22.0,2.0,1mv8g7w,Bitcoin,,,,,
2025-08-20 07:20:12+00:00,,reddit,https://i.redd.it/um1cnatel4kf1.jpeg,last week btc reached ath and people are already freaking out on minor correction. nothing bearish currently. nobody can predict. start dca and logout.,btc,en,317.0,39.0,1mv7zyv,Bitcoin,,,,,
2025-08-20 06:12:47+00:00,,reddit,https://www.reddit.com/gallery/1mv6w42,"when bitcoiners play the bitcoin board game together! as posted earlier, we've been working on the board game ""age of bitcoin!""

i'm not daring enough to claim it's the first magnetic board. however, i think it could be ""one of the first,"" as i haven't found one online.

it's the boards to attatch the green and red bars to update the in-game prices in real time.

its core concept is to survive against inflation and collect the most wealth points to be a winner.

we've hosted a big event in thailand to let people test the game with more than 200+ joining in. and the feedback is almost all positive.

it's on the less than 25 hours final kickstarter day to end the campaign, so you could check it out.

[https://www.kickstarter.com/projects/whiteelephants/age-of-bitcoin](https://www.kickstarter.com/projects/whiteelephants/age-of-bitcoin)",btc,en,95.0,26.0,1mv6w42,Bitcoin,,,,,
2025-08-20 06:03:18+00:00,,reddit,https://www.reddit.com/r/Bitcoin/comments/1mv6qdh/daily_discussion_august_20_2025/,"daily discussion, august 20, 2025 please utilize this sticky thread for all general **bitcoin** discussions! if you see posts on the front page or /r/bitcoin/new which are better suited for this daily discussion thread, please help out by directing the op to this thread instead. thank you!

if you don't get an answer to your question, you can try phrasing it differently or commenting again tomorrow.

please check the [previous discussion thread](https://www.reddit.com/r/bitcoin/comments/1muadt1/daily_discussion_august_19_2025/) for unanswered questions.",btc,en,34.0,54.0,1mv6qdh,Bitcoin,,,,,
2025-08-20 05:53:39+00:00,,reddit,https://bitcoinore.com/am-i-too-late#scarcity,"right now, about 450 bitcoin are mined every day. in the final 70 years leading up to 2140, only around 450 bitcoin in total will be mined, roughly equal to a single day's output today. what feels ""expensive"" now will one day look laughably cheap to future generations.",btc,en,155.0,8.0,1mv6kwl,Bitcoin,,,,,
2025-08-20 05:48:36+00:00,,reddit,https://www.reddit.com/r/Bitcoin/comments/1mv6i09/i_have_a_prepaid_mastercard_is_there_any_way_i/,"i have a prepaid mastercard, is there any way i can buy bitcoin with it? any help doing this would be great or if i could move it to cash app i’d be golden",btc,en,2.0,3.0,1mv6i09,Bitcoin,,,,,
2025-08-20 05:23:31+00:00,,reddit,https://www.reddit.com/r/Bitcoin/comments/1mv62j8/bitcoin/,bitcoin why is bitcoin dropping so much so fast?,btc,en,0.0,27.0,1mv62j8,Bitcoin,,,,,
2025-08-20 05:10:08+00:00,,reddit,https://www.reddit.com/r/Bitcoin/comments/1mv5txs/001_btc_new_goal/,0.01 btc new goal? have people shifted the goalpost of having 0.01 btc? seeing that 0.1 btc is out of people price range.,btc,en,11.0,56.0,1mv5txs,Bitcoin,,,,,
2025-08-20 04:48:48+00:00,,reddit,https://i.redd.it/18uks5leu3kf1.jpeg,i bought bitcoin for my first time any advice? like the title says i bought bitcoin and i want to start to keep all my savings in bitcoin i’m a newbie so any advice is appreciated,btc,en,242.0,335.0,1mv5g9a,Bitcoin,,,,,
2025-08-20 04:16:54+00:00,,reddit,https://www.reddit.com/r/Bitcoin/comments/1mv4uz5/bitcoin_investment_strategy_worth_investing_now/,"bitcoin investment strategy - worth investing now? hey everyone, i’m curious about how people approach bitcoin. i invested a small amount in btc around 5 years ago, but i haven’t added much since.

i’m wondering:
	1.	what’s your personal bitcoin strategy? (e.g., buy-and-hold, dca, trading, staking, etc.)
	2.	for someone who only has a bit invested from years ago, do you think it’s still worth putting money into btc now?
	3.	any tips for managing risk or timing for new investors?

would love to hear your thoughts and experiences!",btc,en,0.0,3.0,1mv4uz5,Bitcoin,,,,,
2025-08-20 04:02:32+00:00,,reddit,https://www.reddit.com/r/Bitcoin/comments/1mv4l9e/who_is_the_person_you_know_that_got_the_most_rich/,who is the person you know that got the most rich from bitcoin? i’ll go first. my brother in laws brother gained 20 million from bitcoin and is now retired somewhere in costa rica,btc,en,0.0,17.0,1mv4l9e,Bitcoin,,,,,
2025-08-20 03:23:23+00:00,,reddit,https://www.reddit.com/r/Bitcoin/comments/1mv3tn1/do_people_really_think_bitcoin_is_done/,"do people really think bitcoin is done? i know what we’ve seen in the market recently, and i get this break in trend is scary. even with this i really don’t believe it’s possible for bitcoin to drop much lower in price. to stop at $124,000 when the previous peak was only around $109,000 is just absurd to me. i think a real rally like we should see will obviously send the price to the $140,000-$200,000+ range. what does the bitcoin community think about this recent dip?",btc,en,0.0,24.0,1mv3tn1,Bitcoin,,,,,
2025-08-20 03:14:55+00:00,,reddit,https://i.redd.it/mknoz5ond3kf1.jpeg,"as i just told another commentor: stack cheap, never weep. short termers have sold 20,000+ btc, but whales have bought 20,000+ btc. the world is balanced out. yin yang. wether its exchanges or actual users who are purchasing, someone more intelligent and with more time can figure out for us.

what's in your cold wallet?",btc,en,98.0,7.0,1mv3nk5,Bitcoin,,,,,
2025-08-20 02:25:06+00:00,,reddit,https://www.reddit.com/r/Bitcoin/comments/1mv2lu9/questions_about_bitcoin/,"questions about bitcoin i don't own bitcoin yet, but i've recently become interested.



1. if all but one piece of hardware storing the bitcoin blockchain network were destroyed, would it be possible to recover all blockchain network data using just that one piece? how long would that take?



2. if a coin with a fixed issuance amount and a more efficient blockchain network than bitcoin were to emerge, wouldn't bitcoin's value fall from its current level?



3. as technologies like quantum computers advance, won't blockchain technology also face the risk of security hacking?



once these three questions are answered, i'm ready to invest in bitcoin.",btc,en,0.0,10.0,1mv2lu9,Bitcoin,,,,,
2025-08-20 01:58:05+00:00,,reddit,https://www.reddit.com/r/Bitcoin/comments/1mv21l5/buying_the_dip_will_btc_really_reach_1m/,"buying the dip: will btc really reach $1m? every time bitcoin drops, i keep adding more to my stack. my long-term belief is that btc will eventually reach $1,000,000, but i know the journey is full of volatility and uncertainty.

what’s your strategy during these market swings? do you buy the dip, hold, or wait for more confirmation?

i’d love to hear how the community approaches risk management while staying bullish on btc. 🚀",btc,en,116.0,107.0,1mv21l5,Bitcoin,,,,,
2025-08-20 01:48:17+00:00,,reddit,https://www.reddit.com/r/Bitcoin/comments/1mv1tz4/bitcoin_vs_aliens/,"bitcoin vs aliens so with the supposed aliens arriving in november, do you guys think it will effect the halving in 2028 if they do show up?",btc,en,0.0,10.0,1mv1tz4,Bitcoin,,,,,
2025-08-20 01:43:20+00:00,,reddit,https://www.reddit.com/r/Bitcoin/comments/1mv1q07/why_is_the_bitcoin_algo_for_tuesdays_always/,"why is the bitcoin algo for tuesdays always triggering sls? so the pattern of bitcoin over the past 104 tuesdays dips and triggers liquidations and stop losses, is it coincidence? certainly not! ever since the bitcoin etfs and futures we see this formation every single time. que the analysts…",btc,en,5.0,1.0,1mv1q07,Bitcoin,,,,,
2025-08-20 01:38:39+00:00,,reddit,https://www.reddit.com/r/Bitcoin/comments/1mv1m7h/a_friend_with_weed_is_a_friend_indeed_but_a/,a friend with weed is a friend indeed but a friend with gold is the best i'm told. what does this make a friend with bitcoin? you're soulmate?,btc,en,0.0,12.0,1mv1m7h,Bitcoin,,,,,
2025-08-20 00:04:06+00:00,,reddit,https://www.reddit.com/r/Bitcoin/comments/1muzige/justin_bons_bitcoin_will_collapse_in_710_years/,"justin bons: bitcoin will collapse in 7-10 years wild prediction.  do you think it has any truth? 

or maybe its just fud so he can buy lower?

https://www.thestreet.com/crypto/markets/bitcoin-will-collapse-in-a-decade",btc,en,0.0,15.0,1muzige,Bitcoin,,,,,
2025-08-20 00:01:36+00:00,,reddit,https://www.reddit.com/r/Bitcoin/comments/1muzgd0/ups_and_downs/,"ups and downs don’t pull out the pitchforks, but i am very new to this and only have a little bit of skin in the bitcoin game, but i know it was pretty consistent up and downs, and then the huge spike to 124k and now down to 112k, what causes this? i know it’s pretty normal and will just wait it out for the long haul, but is there any particular reason ? sorry if it’s a shitty question but won’t know unless i ask",btc,en,5.0,11.0,1muzgd0,Bitcoin,,,,,
2025-08-19 22:55:53+00:00,,reddit,https://i.redd.it/uxfb13vf32kf1.jpeg,thank you bitcoin,btc,en,442.0,69.0,1muxw7z,Bitcoin,,,,,
2025-08-19 22:35:45+00:00,,reddit,https://www.reddit.com/r/Bitcoin/comments/1muxeo4/btc_atms/,"btc atms do not, i repeat, do not go to a bitcoin depot btc atm. i spend $45 cash and got $29.51 worth of actual bitcoin. it’s supposed to be a convenience thing but the transaction is taking over 30 minutes. lmao how do they get away with it?",btc,en,0.0,8.0,1muxeo4,Bitcoin,,,,,
2025-08-19 22:11:11+00:00,,reddit,https://www.reddit.com/r/Bitcoin/comments/1muwscg/lets_think_about_correction/,"let’s think about correction okay guys, this is not a spam, i believe that bitcoin is huge and wanna get more for future, but all we know that it can’t grow infinite, should be a correction and bear market, what prices do you think we can see next bear market? hope to see 30-40 and fear with depression about crypto to get more bitcoin. 
please don’t hate me :)",btc,en,0.0,19.0,1muwscg,Bitcoin,,,,,
2025-08-19 22:09:41+00:00,,reddit,https://www.reddit.com/r/Bitcoin/comments/1muwqzo/bitcoin_is_the_only_exit_door_whoever_tries_to/,"bitcoin is the only exit door. whoever tries to make you ignore bitcoin is trying to kill you and your bloodline. the mainstream media and their news on bitcoin have been a man made disaster for more than a decade.

i am thankful for this subreddit and for the minds actively working to protect the truth.",btc,en,71.0,40.0,1muwqzo,Bitcoin,,,,,
2025-08-19 22:09:29+00:00,,reddit,https://v.redd.it/7w50h3t5v1kf1,trading bitcoin is a sign of lesser intellect,btc,en,102.0,15.0,1muwqtv,Bitcoin,,,,,
2025-08-19 21:54:55+00:00,,reddit,https://www.reddit.com/r/CryptoCurrency/comments/1b12azf/satoshi_nakamoto_was_john_nash_the_inventor_of/ksc328o/,"is this true? satoshi nakamoto is two persons. the satoshi nakamoto who submitted the bitcoin whitepaper was nick szabo. japanese name is written in reverse so it's nakamoto satoshi. he picked this name as to get the same initials ns on the whitepaper while not having to reveal his full name. it doesn't take a genius to compute that, as nick szabo had posted on his blog about bit-gold in prior that would work just like bitcoin.

then who's the satoshi nakamoto the coder? not nick szabo. he's len sassaman who committed suicide in 2011 right after satoshi bitcointalk profile stopped posting. len sassaman was not the visionary who came up with bitcoin whitepaper but he's the vessel to code the first bitcoin client. the bitcoin second man was martti malmi (alive). he got to test bitcoin client and mined thousands of bitcoin on his laptop. martti malmi was the one who register and ran the forum. martti malmi is technically the co-founder of bitcoin project. also he's the one who a couple days ago released his emails with satoshi nakamoto at https://mmalmi.github.io/satoshi/

who has satoshi nakamoto's wallet? no one. len sassaman got his door knocked by cia (wikileaks case) and he got paranoid enough to wipe the hard disks. he committed suicide shortly thereafter.",btc,en,0.0,7.0,1muwddb,Bitcoin,,,,,
2025-08-19 21:54:43+00:00,,reddit,https://www.reddit.com/r/Bitcoin/comments/1muwd5o/guy_who_sold_part_of_his_bitcoin_to_renovate_his/,"guy who sold part of his bitcoin to renovate his house i recently saw a story about a guy who sold part of his bitcoin to renovate his house — and he said he feels no regret at all.

it made me think: maybe it’s not always about leaving this world with the biggest wallet, but about actually using some of those gains to improve your life today.

life is short. use your gains wisely.

what do you guys think — would you ever cash out part of your stack for something like this, or would you hold no matter what?",btc,en,613.0,260.0,1muwd5o,Bitcoin,,,,,
2025-08-19 21:34:30+00:00,,reddit,https://www.reddit.com/r/Bitcoin/comments/1muvu9p/i_believe_satoshi_will_return/,"i believe satoshi will return. with the way bitcoin has been going, with institutional adoption & government too, we are most likely going to see more allocation of these centralised places, rather than btc being used by the people, for the people. 

with that oversimplification being said, i believe that at some point, not sure when, but maybe when btc centralised allocation is continuing at a worrying trend, where it’s mostly held by a few entities, satoshi may reappear as a last resort, trying to speak sense to the people. 

trying to explain again about the technology/ideology and to not lose this opportunity to the very people it was built against for.",btc,en,0.0,12.0,1muvu9p,Bitcoin,,,,,
2025-08-19 20:33:30+00:00,,reddit,https://www.reddit.com/r/Bitcoin/comments/1muu6wh/product_idea_multisig_wallet_like_safeglobal_but/,"product idea: multisig wallet like safe.global but for bitcoin... its possible? basically, the title.",btc,en,0.0,1.0,1muu6wh,Bitcoin,,,,,
2025-08-19 20:29:03+00:00,,reddit,https://www.reddit.com/r/Bitcoin/comments/1muu2jh/fidelity_as_custodian/,"fidelity as custodian? i am aware of “not your wallet not your coins” or whatever the term is. but does anyone use fidelity to store their bitcoin for convenience of not having to do the whole cold storage situation? they seem pretty reliable/safe. also i am aware of the “steep” 1% fee per transaction, im more or less wondering about using fidelity as your “wallet” now that they allow transfer ins and outs. thoughts?",btc,en,7.0,9.0,1muu2jh,Bitcoin,,,,,
2025-08-19 20:26:39+00:00,,reddit,https://www.reddit.com/r/Bitcoin/comments/1muu052/bitcoin_is_the_only_currency_you_can_take_into/,"bitcoin is the only currency you can take into the afterlife bitcoin is mathematically abstract. when i go up into the afterlife, i become a spiritual being and shit. my bitcoin still there, cos that shit is in the aether, and so am i, so i still have my bitcoin.",btc,en,10.0,37.0,1muu052,Bitcoin,,,,,
2025-08-19 20:19:13+00:00,,reddit,https://cointelegraph.com/news/two-prime-figment-institutional-bitcoin-yield,"two prime, figment team up to bring bitcoin yield to institutions",btc,en,4.0,0.0,1mutsry,Bitcoin,,,,,
2025-08-19 19:28:06+00:00,,reddit,https://www.reddit.com/gallery/1muse02,your daily bitcoin breakdown newsletter is now live. check out today’s top stories and a sneak peek at the latest opinion & analysis pieces. full issue link is in the comments.,btc,en,1.0,1.0,1muse02,Bitcoin,,,,,
2025-08-19 19:01:22+00:00,,reddit,https://www.reddit.com/r/Bitcoin/comments/1murng2/bitcoin_is_dead_someone_in_2023/,"""bitcoin is dead"" someone in 2023 i stumbled upon someone in 2023 who said that bitcoin is dead and ""its not smart to invest"" only because i said im a daytrader and he asked me what to invest. his loss, really🤣🤭",btc,en,37.0,19.0,1murng2,Bitcoin,,,,,
2025-08-19 17:40:48+00:00,,reddit,https://www.reddit.com/r/Bitcoin/comments/1mupdb5/have_you_learned_to_love_the_corrections_yet/,"have you learned to love the corrections yet? if bitcoin were to shoot upwards without correction during the bull markets, then the degens (leveraged speculative traders) would capture massive gains in bitcoin with their leveraged longs. 

but they would sell to capture these massive gains - pulling wealth out of our community to hold dirty fiat. 

these brutal corrections are a gift to the hodlers. they transfer wealth from the traders to the hodlers. if the speculators win, wealth is transferred from hodlers to the traders. a true hodler shouldn't mind the volatility. if the price goes up too much at once, it encourages selling. we want slow and steady gains with regular corrections. 

corrections are healthy.

love the volatility. 

hodl is the holy grail.",btc,en,74.0,28.0,1mupdb5,Bitcoin,,,,,
2025-08-19 17:32:24+00:00,,reddit,https://youtu.be/cufsh9xQm4U?si=QmgfMYVavCYN3LJA,(bitcoin) volatility is a friend not foe above 100k and twitter is freaking out lol,btc,en,1.0,0.0,1mup4sc,Bitcoin,,,,,
2025-08-19 17:25:28+00:00,,reddit,https://www.reddit.com/r/Bitcoin/comments/1muoxna/1971_broke_money/,"1971 broke money 1971 — nixon ends the gold standard  
1971 — us debt explodes  
1971 — wages stop keeping up with prices  
1971 — dollar = debt  
1971 — petrodollar born  
1971 — families forced into 2 incomes  
1971 — women pushed to work (“liberation”)

1971 didn’t change money. it broke it.  
  
until 1971, every us dollar was backed by gold. you held money, you held value.

in august 1971, president nixon ended the gold standard. from that day on, the dollar became worth less & less. the us could print unlimited money. your savings? instantly worth less.

once the gold standard was gone, the government could print unlimited money.

debt exploded. us debt was $400b in 1971. today it’s $34 trillion.

that’s not growth. that’s theft—paid by you through inflation + taxes. every printed dollar stole value from the one in your pocket.

wages used to rise with productivity. after 1971, they flatlined.

workers got stuck. the rich got richer. the middle class collapsed.

when the dollar became just paper, everything changed.

* governments could borrow forever
* they could print relentlessly
* banks could lend fake money

and you? you work harder each year… for money worth less each year.

home prices, healthcare, education—everything essential—started outpacing wages.

a middle-class family in 1965 lived on one income. after 1971, inflation devoured paychecks. families were forced into 2 incomes just to survive.

women were pushed into the workforce under the banner of “liberation.” but it also doubled the taxable base. now the state took a cut of both paychecks.

freedom? or financial slavery? you tell me…

families weakened. children raised by tv. raised by the corrupt education system.

and two incomes became necessary just to survive after 1971 inflation.

more workers = more taxes = more debt service. which means more stress. more hustle. for less. exploitation 101.

to understand why 1971 was possible, go back to 1913.

1913 — federal reserve created  
1913 — income tax legalized

americans do not run america. zionists have massive influence over u.s. policies & decisions.

1913 set the trap. 1971 unleashed it.

the fed’s scam: fractional reserve banking.

when you borrow $100k, the bank doesn’t lend you savings. it creates new money from nothing.

your money becomes worth less. debt = money. you = collateral.

central banks don’t serve you.

wars? funded by debt.  
crises? funded by debt.  
every solution = more printing, more control.

and fiat money (dollar, euro, etc.) keeps losing value.

war isn’t just blood + bombs. it’s debt.

1914, 1939, vietnam, iraq… all bank-financed.  
wars end lives. debt keeps the system alive.

the petrodollar deal sealed it.

us + saudi arabia agreed: oil only sold in dollars.

if you want oil, you need dollars. that forced the world to hold us paper.

that’s how the us exported inflation and cemented global dominance.

since 1971:  
🔹 us national debt → $400b → $34t+  
🔹 inflation steals \~97% of the dollar’s value  
🔹 wealth gap explodes  
🔹 the “american dream” dies for most families  
🔹 dating market is broken

the game was rigged from the start.

the rich know.

they don’t hold cash. they hold assets—real estate, stocks, art, gold, bitcoin.

you’re told to “save” while they hedge against the system they built.

the system needs inflation. without it, the debt can’t be repaid and the system collapses.

that’s why your money loses value every single year. by design.

the middle class stops having kids. now only the rich & poor reproduce. the middle is squeezed, exploited, and disappearing.

if you want to understand today’s chaos…  
inflation, debt slavery, endless wars,   
  
it all traces back to 1913 & 1971.",btc,en,68.0,17.0,1muoxna,Bitcoin,,,,,
2025-08-19 17:16:06+00:00,,reddit,https://v.redd.it/ya9fwv9k80kf1,vancouver proposal: use bitcoin miners to heat kitsilano pool. the plan could keep the pool open year-round and bring in up to $1m in profit for the city.,btc,en,317.0,33.0,1muoob7,Bitcoin,,,,,
2025-08-19 17:13:48+00:00,,reddit,https://www.reddit.com/gallery/1muolur,"hardware wallet vs exchange custody: what's the (right) path for true beginners? hi everyone, long-time lurker, first-time poster here like many others. i've been diving down the bitcoin rabbit hole and i'm trying to consolidate all the advice i see constantly repeated here.

the number one rule seems to be ""not your keys, not your coins."" it logically points every beginner straight to a hardware wallet like a ledger or trezor. it feels like the unequivocally ""right"" answer.

but then i also see the counter-arguments:

· for exchanges: the risk of a beginner losing their seed phrase or sending to a wrong address is real. an exchange has customer support (theoretically) and simpler ui.
· for hardware wallets: you become your own bank, which is the whole point, but that comes with the absolute responsibility of not making catastrophic errors.

so my question to the community is this: is it ever responsible to advise a complete beginner to keep a small, starter amount on a reputable exchange while they learn the ropes? or should we always push for a hardware wallet from day one, despite the learning curve?

i'm really interested in hearing perspectives from people who have been through this themselves or have helped others get started.

tl;dr: is the ""not your keys"" rule too absolute for a true beginner, or is it an absolute that must be learned the hard way?",btc,en,0.0,6.0,1muolur,Bitcoin,,,,,
2025-08-19 17:05:07+00:00,,reddit,https://i.redd.it/jqtnr3muc0kf1.jpeg,just in: 🇧🇷 vice president of brazil spotted holding a bitcoin book.,btc,en,300.0,14.0,1muocyh,Bitcoin,,,,,
2025-08-19 17:04:53+00:00,,reddit,https://www.reddit.com/r/Bitcoin/comments/1muocq2/im_about_to_get_200k_in_heritage/,"i'm about to get 200k in heritage also planning to buy 200k worth of btc after the next 70% dump.

good idea?",btc,en,0.0,29.0,1muocq2,Bitcoin,,,,,
2025-08-19 17:02:18+00:00,,reddit,https://i.redd.it/5des7djcc0kf1.jpeg,"new: solo bitcoin miner mines block 910,440, earning 3.137 btc ($371,000) 🙌",btc,en,1473.0,78.0,1muoa9v,Bitcoin,,,,,
2025-08-19 16:58:32+00:00,,reddit,https://www.reddit.com/r/Bitcoin/comments/1muo6kj/accepting_btc_for_business/,"accepting btc for business i own a medical practice and want to accept btc as a payment option. any other business owners have any experience on this?

also, buy the gd dip. thx.",btc,en,4.0,11.0,1muo6kj,Bitcoin,,,,,
2025-08-19 16:52:43+00:00,,reddit,https://www.reddit.com/r/Bitcoin/comments/1muo0wq/remember_even_if_bitcoin_forks_into_something/,"remember, even if bitcoin forks into something objectively better in the future, your btc today will convert into it. you're buying a ticket on to the tracks.",btc,en,13.0,15.0,1muo0wq,Bitcoin,,,,,
2025-08-19 16:14:58+00:00,,reddit,https://www.reddit.com/r/Bitcoin/comments/1mumzbo/bitcoin_reading_list/,"bitcoin reading list: after spending over 300 hours listening to audiobooks on bitcoin, here is my list of recommendations:

the bullish case for bitcoin - vijay boyapati
the genesis book - aaron van wirdum
broken money - lyn alden
the blocksize war - jonathan bier
mastering bitcoin - andreas antonopoulos
the book of satoshi - phil champagne
the bitcoin standard - saifedean ammous
hijacking bitcoin - roger ver

supporting content:
the origins of virtue - matt ridley 
debt, the first 5000 years - david graeber
principles for dealing with a changing world order - ray dalio 
the tragedy of great power politics - john j. mearsheimer 
the rational optimist - matt ridley
nexus - yuval harari  
the cold start problem - andrew chen
the tipping point - malcolm gladwell
thinking in systems - donella meadows
the rules of contagion - adam kucharshi

other recommendations welcome!",btc,en,2.0,5.0,1mumzbo,Bitcoin,,,,,
2025-08-19 15:57:05+00:00,,reddit,https://i.redd.it/wxkifg7n00kf1.jpeg,"daily bitcoin meme until btc is at $200,000 #68",btc,en,1967.0,46.0,1mumh65,Bitcoin,,,,,
2025-08-19 15:44:16+00:00,,reddit,https://www.reddit.com/r/Bitcoin/comments/1mum49u/would_you_1031_exchange_into_an_etf/,"would you 1031 exchange into an etf? it’s not possible in the us right now, but if it were, how many of you would swap your btc for an etf like ibit?

i by no means hold a lot, but i do find myself increasingly burdened by self custody. that said, i wouldn’t have the btc i have now without cold storage. definitely are trade-offs for each and i like both options. 

if i could convert without getting whacked with capital gains i would definitely move some (not all) to an etf.",btc,en,1.0,7.0,1mum49u,Bitcoin,,,,,
2025-08-19 15:32:27+00:00,,reddit,https://i.redd.it/at6hdzmbwzjf1.jpeg,"my laptop is not secure here’s the situation:

my laptop is not secure. for the past five years, i’ve been using it to download pirated movies and visit unofficial streaming sites

i haven’t done a format, and it’s difficult to do so right now, so using the laptop for buying and handling bitcoin isn’t a good option for me.

currently, i’ve started buying small amounts of bitcoin through my iphone every few days,
and then i transfer the bitcoin to my bluewallet on the iphone (which i downloaded from the app store, as shown in the screenshot, but i find it odd that it only has 6 reviews. although the official site directed me here… is this normal?)


anyway, after some time i want to invest in a cold wallet.
so what safe options would you recommend that are compatible with the iphone without me having to use a laptop, especially since i can’t really use my laptop? is the mk4 a good option for the iphone, or are there better alternatives?",btc,en,3.0,19.0,1mulsc2,Bitcoin,,,,,
2025-08-19 15:24:07+00:00,,reddit,https://i.redd.it/dhinfh4tuzjf1.png,am i an artist now lol am i considered a bitcoin artist for designing the red envelopes? check them out and tell me [https://hongbaob.tc/](https://hongbaob.tc/),btc,en,0.0,0.0,1muljxb,Bitcoin,,,,,
2025-08-19 15:03:50+00:00,,reddit,https://www.reddit.com/r/Bitcoin/comments/1mukzho/shakey_diamond_hands/,shakey diamond hands has anyone else become less comfortable with bitcoin as it’s become more concentrated in big companies hands?,btc,en,3.0,10.0,1mukzho,Bitcoin,,,,,
2025-08-19 14:46:04+00:00,,reddit,https://i.redd.it/dxe0ecq1ozjf1.png,"bitcoin is weird, man.",btc,en,2205.0,81.0,1mukhzk,Bitcoin,,,,,
2025-08-19 14:37:46+00:00,,reddit,https://www.reddit.com/r/Bitcoin/comments/1muk9rl/dare_you_swap_all_your_sp_500_for_btc/,"dare you swap all your s&p 500 for btc? i currently hold some s&p 500 index funds. if i were to sell all of them and convert to btc, i should be able to get about 3 bitcoins. however, i have this mental block, thinking that if btc goes to zero, i'll lose everything. so i only dare to convert 0.5 bitcoins and store them in a cold wallet. what kind of training can i do to be braver? or is my current state what most people experience?",btc,en,19.0,102.0,1muk9rl,Bitcoin,,,,,
2025-08-19 13:12:05+00:00,,reddit,https://www.reddit.com/r/Bitcoin/comments/1mui1h8/what_happened_to_btcmoney_supply_correlation/,"what happened to btc-money supply correlation charts there were a lot of posts related to bitcoin lagging money supply and predictions based on that, is that still hold true?",btc,en,0.0,4.0,1mui1h8,Bitcoin,,,,,
2025-08-19 10:55:31+00:00,,reddit,https://www.reddit.com/r/Bitcoin/comments/1muf3ls/where_can_i_buy_bitcoin_at_the_price_its_at/,"where can i buy bitcoin at the price it's at? i don't know how to phrase the question so that's what you're getting..

kraken says bitcoin is at 115000 then sells it to me at 116200.

paypal does the same. robinhood does the same.

where can buy at the actual price without the exchange jacking it up?

strike? river?",btc,en,0.0,8.0,1muf3ls,Bitcoin,,,,,
2025-08-19 10:10:18+00:00,,reddit,https://www.reddit.com/r/Bitcoin/comments/1mueari/bitcoin_movement_crush/,bitcoin movement (crush) is it inevitable for bitcoin to crush at such levels as it used to or it's just a mainstream assumption when analyzing history data.,btc,en,0.0,12.0,1mueari,Bitcoin,,,,,
2025-08-19 09:38:45+00:00,,reddit,https://i.redd.it/3imhu1705yjf1.jpeg,just sent my client the invoice - paid in bitcoin!,btc,en,453.0,142.0,1mudrri,Bitcoin,,,,,
2025-08-19 09:21:32+00:00,,reddit,https://www.reddit.com/r/Bitcoin/comments/1mudhyz/bitcoin_artists/,"bitcoin artists i recently came across artists who focus entirely on bitcoin and crypto, which got me thinking — how do you even make art about that, and why?  
so i invited one of them for a chat (turned out way less ‘quick’ than planned 😅). we asked him some questions, had a fun conversation, and i’d love to hear what you think.  
it was a fun experience.  
full episode here: [https://hongbaob.tc/blog/the-great-print-podcast]()",btc,en,1.0,0.0,1mudhyz,Bitcoin,,,,,
2025-08-19 09:13:56+00:00,,reddit,https://i.redd.it/ft8qvwqs0yjf1.jpeg,when btc goes back up to 125000🤓,btc,en,158.0,20.0,1muddqt,Bitcoin,,,,,
2025-08-19 09:06:07+00:00,,reddit,https://i.redd.it/b21pnq4ezxjf1.jpeg,"short term holders massively selling their bitcoin at a loss, diamond hands actively buying https://cryptoquant.com/insights/quicktake/68a2dc15b244141e108456e6-for-the-first-time-since-january-bitcoins-short-term-holders-are-back-to-selling",btc,en,144.0,17.0,1mud9hd,Bitcoin,,,,,
2025-08-19 09:01:33+00:00,,reddit,https://www.reddit.com/r/Bitcoin/comments/1mud6x6/do_you_reinvest_or_hold_throughout_different/,"do you reinvest or hold throughout different markets hi all, back into btc this week after being away from it since 2021. stupidly invested $4k at 118.5, anyway i keep seeing people predicting we will be finishing this bull run within the next 6 months and then head into a bear market. 

what makes you decide weather to withdraw nearing the end of the bull and then slowly reinvest during the bear market. or do you just hold throughout as we will be getting ath after bear market most likely anyway.

just interested in everyones stratagies, thank you. as i am thinking myself to just take some small profits if reaches 130/140 near end of the year then slowly invest again once we start to dip for the next 8 months or so.",btc,en,2.0,13.0,1mud6x6,Bitcoin,,,,,
2025-08-19 06:37:01+00:00,,reddit,https://www.reddit.com/r/Bitcoin/comments/1muavpf/how_do_you_balance_investing_a_significant/,"how do you balance investing a significant portion of your net worth in bitcoin with traditional diversification principles? do you go ""all in"" on bitcoin, or maintain a diversified portfolio with btc as a key component?",btc,en,2.0,20.0,1muavpf,Bitcoin,,,,,
2025-08-19 06:07:20+00:00,,reddit,https://www.reddit.com/r/Bitcoin/comments/1muadt1/daily_discussion_august_19_2025/,"daily discussion, august 19, 2025 please utilize this sticky thread for all general **bitcoin** discussions! if you see posts on the front page or /r/bitcoin/new which are better suited for this daily discussion thread, please help out by directing the op to this thread instead. thank you!

if you don't get an answer to your question, you can try phrasing it differently or commenting again tomorrow.

please check the [previous discussion thread](https://www.reddit.com/r/bitcoin/comments/1mtf0pl/mentor_monday_august_18_2025_ask_all_your_bitcoin/) for unanswered questions.",btc,en,36.0,166.0,1muadt1,Bitcoin,,,,,
2025-08-19 05:55:10+00:00,,reddit,https://www.reddit.com/r/Bitcoin/comments/1mua64g/best_examples_of_explaining_bitcoin/,"best examples of explaining bitcoin? i saw a post earlier saying that they’re done explaining bitcoin, but keen to hear ways people go about explaining bitcoin people who don’t even understand the fiat system.",btc,en,5.0,11.0,1mua64g,Bitcoin,,,,,
2025-08-19 05:33:10+00:00,,reddit,https://www.reddit.com/gallery/1mu9sqn,"learn bitcoin through board game! hi, mate! we’ve been working on this unique bitcoin board game to help newbies learn bitcoin by performing real action!

from the begining, we've found just a few board games attaching the word ""crypto"" into their mechanics, but they looks like party games dressed with just surface crypto-related theme. we haven't found ones really focusing on the sound-money one, bitcoin, with knowledge for beginners to learn through. so for us, they could be fun games, not educational game.

that's why we start working on this bitcoin board game! at first, it's a game where you mine, trade, and face world events based on bitcoin history. i'm curious if anyone else has tried mixing bitcoin mining, hashing, transferring, or even proof of work, with tabletop like this?

unfortunately, it looks ""too educational,"" and it's useless if no one wants to open their minds to try it. for bitcoiners, especially in thailand? they love it, but they also see the same points that ""apart from us, bitcoiners, very few newbies seems to pick this game to play.""

sadly we really agree with that. it's as hard as when you try to convince people without interest in bitcoin to pick the book ""the bitcoin standard"" to read. that sounds almost impossible, right? so it's not on the game's purpose to help ordinary people without basic knowledge to learn bitcoin.

the mindset to create this game is changed later. at first, the game tells you ""what is bitcoin?"" but after we redesign it all, alsmost like creating a new game. now the game tells you ""why is bitcoin?"" and that impacts so much! it looks easier for newbies to pick up to play. not only bitcoiners but now also thai board gamers and others spot this game in their radars.we've hosted several events for it, and hundreds of people join to to try it!

what makes us really alive? the feedback, even from the board gamers and people without knowledge about bitcoin, is almost all positive! that's the game's purpose! it's not only educational but also entertaining! so players think it's fun while being educated about inflation, purchasing power, and the bitcoin's properties!

i know it's kinda late that we're on reddit in this final day. but i know we should. today it's on the very final kickstarter day. so if you love what we do, please, mates, support us on kickstarter.

[https://www.kickstarter.com/projects/whiteelephants/age-of-bitcoin](https://www.kickstarter.com/projects/whiteelephants/age-of-bitcoin)",btc,en,114.0,42.0,1mu9sqn,Bitcoin,,,,,
2025-08-19 04:33:19+00:00,,reddit,https://www.reddit.com/r/Bitcoin/comments/1mu8qif/will_aisb_can_create_a_new_better_bitcoin_by_2035/,"will ai+sb can create a new better bitcoin  by 2035 a human with “basic or precarian tech“ created bitcoin in 2009 , will ia+somebody will create something better in 10 years ? what if brics create  a digital currency ?",btc,en,0.0,10.0,1mu8qif,Bitcoin,,,,,
2025-08-19 04:04:08+00:00,,reddit,https://www.reddit.com/r/Bitcoin/comments/1mu86h9/bitcoin_made_me_realize_that_governments_are/,"bitcoin made me realize that governments are always evil! at least now i fully get it that they always have been (at least in the america i think, because i live in the country where it's not as bad as america though please correct me if im wrong) like they print money out of thin air, force people to use their currency, and then tax your hard work. in the us, if you don’t pay taxes, eventually there’s a guy with a gun at your door (ok, maybe that’s exaggerated, but you get the point). and what do they use that money for? war.

also i do still believe there still are good people behind it that we don't know but compared to the rest, and that's what we see too often and what's seen is the how bad it is...

i don't live in the us but everyday i watch american content related and most of the viral one usually always how expensive everything is due to inflation, high interest rate, bank and stuff, insane car payment because lack of financial literacy etc etc, so yeah

it’s absurd. they create money, make you depend on it, then take it back from you just to fund destruction. and now… they want to own bitcoin too? what the sigma dude!

sorry if my writing’s rough, but i think you get the point. any thoughts?",btc,en,97.0,52.0,1mu86h9,Bitcoin,,,,,
2025-08-19 04:00:13+00:00,,reddit,https://www.reddit.com/r/Bitcoin/comments/1mu83lu/surprised_by_afterhours_selling_pressure_etfs_to/,"surprised by afterhours selling pressure. etf’s to gobble everything up was reading today that ibit has crossed 750k btc, coming up on 5% of total supply in months. watching this afterhours selling only for the etf’s to gobble it all up is noteworthy.",btc,en,16.0,6.0,1mu83lu,Bitcoin,,,,,
2025-08-19 03:18:45+00:00,,reddit,https://www.reddit.com/r/Bitcoin/comments/1mu79x5/how_to_get_started/,"how to get started? i srsly know nothing about btc but would like to. i don’t expect to turn into a millionaire the next day but i would like to get financial freedom at some point of my life. is it possible? or did i miss the bus? i was a lil kid back then when it all started so i didn’t buy anything 🥀

i would like some tips on how to get started thank u !",btc,en,6.0,10.0,1mu79x5,Bitcoin,,,,,
2025-08-19 03:06:53+00:00,,reddit,https://i.redd.it/oavfbjo87wjf1.jpeg,"bitcoin is up 80% over the past year, more than any other major asset.",btc,en,265.0,26.0,1mu70rs,Bitcoin,,,,,
2025-08-19 02:29:31+00:00,,reddit,https://www.reddit.com/r/Bitcoin/comments/1mu68kt/a_question_for_the_traders/,"a question for the traders first, i am a solid ""stack sats and hodl"" person. i see the price going up and down by small amounts (in a bitcoin sense). do day traders make any profit trying to sell high and buy low? 

just from observation, bitcoin is volatile. i know i would not be able to predict its ups and downs. many a morning i have checked the price to see it up 20% or down 30%

are any of you making money on this? how do you do capitol gains tax?

thank you in advance.",btc,en,1.0,11.0,1mu68kt,Bitcoin,,,,,
2025-08-19 01:43:27+00:00,,reddit,https://www.reddit.com/r/Bitcoin/comments/1mu57bt/crypto_dips_just_a_bit/,crypto dips just a bit now there's people saying it's going to drop way back down lol 10k 25k heard those just today 😂 people were not even under 115k yet. i see small dip then we see a couple new ath's before end of the year. then it will get down under maybe 80 - 90k really not sure if it does that far. without some kind of institutional crisis or wwiii (might shoot it other way with latter) all these etf's blackrock btc reserves i don't think it will dip as far or even close like it did during last bear. i could be dead wrong but curious what rest of community is thinking about next year or two 🤔 then i can come back to this comment in august 2028 see who wins,btc,en,11.0,8.0,1mu57bt,Bitcoin,,,,,
2025-08-19 01:29:42+00:00,,reddit,https://i.redd.it/5mwm4v7ypvjf1.jpeg,satoshi launched bitcoin . org exactly 17 years ago today.,btc,en,34.0,9.0,1mu4w71,Bitcoin,,,,,
2025-08-19 01:23:40+00:00,,reddit,https://www.reddit.com/r/Bitcoin/comments/1mu4rhh/dca_volumes_per_month_how_does_retail_dca_compare/,"dca volumes per month.. how does retail dca compare to institutional buying? what do you all think the volume of dca from plebs like us is compared to institutional buying?  i know there are hourly, daily, weekly, biweekly and monthly dca from hodlers. most of btc is still held by individuals. is this the new floor to a large dip or is it really institutional and sovereign buying?

my thesis is  the hodlers and dcaers are the floor to the large dips in bitcoin. just like in the stock market, after liberation day, retail investors front ran the institutions and bought the dip. from lurking for a while, i think the same thing is happening in bitcoin. only about 8% of bitcoin is held by institutions. 

i would bet dca inflows as a collective is greater than what institutions, including saylor,  put in a month.   75% of etf activity is actually retail investors according to chat gpt (5.0 so not reliable) my guess  is this is mostly dca. 

retail fomo has also been absent so the “ wen lambo” crowd is not a part and is staying away for now during this run. this limits paper hands leaving causing price to drop. 

the individual hodler  bitcoiner community is wonderful to be a part of and i am happy to go on this journey of economic energy preservation with you all.",btc,en,2.0,2.0,1mu4rhh,Bitcoin,,,,,
2025-08-19 00:03:03+00:00,,reddit,https://www.youtube.com/watch?v=Il7rY-AfTXE&ab_channel=WisdomofBitcoin,the hidden happiness of bitcoin mining: a utilitarian revolution,btc,en,0.0,1.0,1mu2y5h,Bitcoin,,,,,
2025-08-18 23:45:56+00:00,,reddit,https://i.redd.it/t9alqclg7vjf1.png,oof...these guys still think the only use case is buying stuff. i mean i would buy stuff w mine if i really felt trading the hardest money ever for that stuff was worth it. for example homeboy just bought a farm in europe. i probably wouldn't buy taylor swoft tickets with it. if my daughter wants to go to a concert i'll definitely use fiat for that. but preserving my purchasing power? i'll stick w bitcoin.,btc,en,17.0,15.0,1mu2ju3,Bitcoin,,,,,
2025-08-18 23:31:19+00:00,,reddit,https://www.reddit.com/r/Bitcoin/comments/1mu27ej/im_done_explaining_btc/,"i’m done explaining btc like a lot of you i’m sure, when i first understood bitcoin i was on fire to explain it to people. over the years i’ve realized that it’s a lot like trying to explain the gospel to people. they either have ears to hear or they don’t. mostly they don’t. a lot of the people i have talked to simply say they just don’t understand it, or it’s too complicated. the way i understand it, it is simple. hard money that can’t be inflated or printed into oblivion devaluing the stack. 

if i had a chance to go deeper i would ask a person what work is. and explain how humanity literally expends their life force to get money. nothing is more valuable than a persons life. therefore when a government prints money they are committing an unpardonable sin. devaluing the life force of humanity. 

but now, like it says in the scripture, i’ll let the dead bury their own dead. 

anyone else done explaining btc?",btc,en,108.0,132.0,1mu27ej,Bitcoin,,,,,
2025-08-18 23:05:21+00:00,,reddit,https://i.redd.it/4w84fjs70vjf1.jpeg,"just in: volkswagen group singapore is now accepting bitcoin for car purchases, citing its ""speed, enhanced security, and lower transaction costs.""",btc,en,416.0,33.0,1mu1lho,Bitcoin,,,,,
2025-08-18 21:40:20+00:00,,reddit,https://www.reddit.com/r/Bitcoin/comments/1mtzgmb/i_dont_believe_in_bitcoin_mass_adoption/,"i don't believe in bitcoin mass adoption. coming from a rural irish setting, the majority of people here have zero financial literacy. 

people look at bitcoin as some mysterious voodoo magic. sure lots of people have heard about some old lost cousin that made a bag buying the funny computer coins, but you'd get laughed at for implying bitcoin is anything other than just that.

people here hold their life savings in their bank accounts and dont even consider the effects inflation has. risk tolerance is extremely low.

from my point of view, direct adoption of bitcoin is impossible here. i genuinely don't see any future for it. 

would i be wrong in saying the above applies to a massive majority of the world?


nevertheless, i've been dcaing €50/w for a while now, and i've just bought a trezor safe 3. just because i believe bitcoin has no genuine or practical use, doesn't mean i believe it won't go up in value. 

if bathwater can be sold to people for ridiculous prices, im sure i can sell my bitcoin to fomos in a few decades.

im in my 20s. i can afford to fuck around and maybe get a nice roi.",btc,en,0.0,57.0,1mtzgmb,Bitcoin,,,,,
2025-08-18 20:27:33+00:00,,reddit,https://www.reddit.com/r/Bitcoin/comments/1mtxi9v/bitcoin_cycles_did_everybody_know_about_4_year/,"bitcoin cycles: did everybody know about 4 year cycles in 2017 and 2021? read another prediction about how bitcoin will go to a certain number ( $150k-$1 million) by the end of this cycle before going down. my question is for people who have been around a while were people talking as predictably about dip after spike in 2017 and 2021? this is only 4th cycle since inception, so when did it become the rule? 2018, 2022? can’t imagine it was in 2013-2014 that people knew already.",btc,en,57.0,78.0,1mtxi9v,Bitcoin,,,,,
2025-08-18 20:13:44+00:00,,reddit,https://www.reddit.com/r/Bitcoin/comments/1mtx4nv/why_cant_they_just_increase_the_cap_on_bitcoin/,"why can’t they just increase the cap on bitcoin? after some basic research my understanding of what gives bitcoin value is that it’s a fixed amount where as fiat can be infinitely printed. while this does seem like a good store of value since we can’t print more it still begs the questions of is it better than traditional investments like real estate and stocks? i also understand that it’s not owned by an entity rather the people which means it can’t be rug pulled. but can’t he just recode btc to increase the cap on it?

new bitcoiner here please enlighten me",btc,en,0.0,35.0,1mtx4nv,Bitcoin,,,,,
2025-08-18 19:51:04+00:00,,reddit,https://i.redd.it/16nyk94k1ujf1.jpeg,"study bitcoin 💪🏼 (better version + video) she has a free half hour long video overview of the book on youtube with some really awesome animations. 

https://youtu.be/jk_hwmmwias?si=sft36nmjrfvzo5tq

copying post i saw about the bitcoin standard. i never read it but i take it the broken money is much better. 
it’s a long book but definitely worth the read. i work in finance and this really helped me to think outside the current system and understand money differently. it addresses common concerns.",btc,en,48.0,4.0,1mtwica,Bitcoin,,,,,
2025-08-18 19:47:35+00:00,,reddit,https://bitcoinore.com/bitcoin-price-calculator?initial=1000&recurring=true&amount=122&frequency=daily&growth=66,if you think bitcoin will hit $1 million by 2030 you will need to start with $1000 and invest $122 a day to get to 1 btc according to this tool,btc,en,714.0,143.0,1mtweyc,Bitcoin,,,,,
2025-08-18 19:46:09+00:00,,reddit,https://www.reddit.com/r/Bitcoin/comments/1mtwdli/bitcoin_and_cash_app1099b_i_didnt_know_about/,bitcoin and cash app/1099b i didn't know about? so paid about $360 2x of bitcoin and they took out fees and then sold it back to myself twice because the person that wanted me to send them bitcoins decided not to sell me services so just sold the bitcoin back to cash app so i can get my money back. and of course it took a loss about $38 total cuz i did it twice. and then read something about a 1099 b form online. this was the first time did this. am going to get a 1099-b even if i tooka loss? wasn't profiting nothing. just wanted to get some services from somebody who wanted bitcoin as payment but it didn't work out. does it have to be reported or it's only if you make profit or don't understand this stuff. i'm new?,btc,en,3.0,9.0,1mtwdli,Bitcoin,,,,,
2025-08-18 19:29:55+00:00,,reddit,https://bitcoinnews.com/press-release/bitcoin-tips-x-bitbit-spark/,"bitcoin tipping is now live on x (twitter), powered by bitbit and spark - 500 million x users can now receive bitcoin payments instantly, even without a pre-existing wallet.",btc,en,91.0,2.0,1mtvy6e,Bitcoin,,,,,
2025-08-18 19:09:53+00:00,,reddit,https://i.redd.it/m9wkftk7utjf1.jpeg,"am i dcaing/buying the dip in the right way? just wondering if buying everytime bitcoin dip like im doing is the best way possible, any tips?

thanks!",btc,en,68.0,25.0,1mtvec8,Bitcoin,,,,,
2025-08-18 19:00:53+00:00,,reddit,https://www.reddit.com/gallery/1mtv5c6,your daily bitcoin breakdown newsletter is now live. check out today’s top stories and a sneak peek at the latest quick bits snippets. full issue link is in the comments.,btc,en,25.0,1.0,1mtv5c6,Bitcoin,,,,,
2025-08-18 18:50:32+00:00,,reddit,https://www.reddit.com/r/Bitcoin/comments/1mtuv05/i_need_help_if_this_isnt_allowed_here_then_by_all/,"i need help (if this isn’t allowed here then by all means remove this post) so a few years back i started to dabble in bitcoin, at the time i was working a part time minimum wage job…so i had to quit. now that i have a full time job that pays well i’m looking to get back into it. i need to know any helpful advice and tips. like what apps should i use to invest (yes i use a phone at the moment unfortunately) how to/when to invest at the right time, after some time has passed and i’ve gotten the hang of it i’ll begin to write down statistics (what i’ve earned and lost) to get a better idea and hopefully try to prevent some loss if possible lol. again any advice/tips are welcome.",btc,en,3.0,5.0,1mtuv05,Bitcoin,,,,,
2025-08-18 18:43:39+00:00,,reddit,https://www.reddit.com/r/Bitcoin/comments/1mtuo4t/working_on_a_lightning_wallet_for_selfcustody/,"“working on a lightning wallet for self-custody traders — want testers?” hey bitcoiners,
i’m building a wallet that lets you move btc out of exchanges into a non-custodial wallet, and then trade/spend using lightning + submarine swaps.
the goal: ditch custodians, trade freely.
looking for early testnet users & feedback. dm if interested! ⚡",btc,en,6.0,4.0,1mtuo4t,Bitcoin,,,,,
2025-08-18 18:25:26+00:00,,reddit,https://www.reddit.com/r/Bitcoin/comments/1mtu613/btc_vs_real_estate/,"btc vs real estate i'm at a cross roads. i'm at a point in my life where i've done it, i've accumulated over 1 btc. i make a (barely) livable wage (yippie, the american dream in 2025).

up to/including this point, i have minimal expenses (under $300/month). so i've been apeing my pay checks into btc since january 2024.

i moved for a promotion recently and am staying with a family member who i'm not quite compatible with.

i'm able to purchase a home in this area and it would give me a greater sense of peace to have my own space/place.

my dilemma is if i should continue using the vast amount of my pay checks to buy btc until 2028 or pull the trigger and switch tracks in my financial narrative.

doing this would mean i keep the btc i have, but won't be accumulating any more. i have enough for a down payment, and my pay checks would be going to mortgage payments/life on my own necessities.

would do you guys think? we all know the real estate market is crazy over priced and not slowing down. will it outpace btc by 2028? if so, the smart thing to do would be to buy a home now.",btc,en,14.0,53.0,1mtu613,Bitcoin,,,,,
2025-08-18 18:00:27+00:00,,reddit,https://www.reddit.com/r/Bitcoin/comments/1mttgtc/15mil_btc_remain_what_will_yourkid_and_great/,1.5mil btc remain. what will your-kid and great great grand childrens think of you?? in 2140 i hope my family tree appreciates how much i hodl lol 😎. i need a picture in all there homes.,btc,en,195.0,82.0,1mttgtc,Bitcoin,,,,,
2025-08-18 17:56:57+00:00,,reddit,https://youtu.be/dJDdQEC1IVs,"2025: the death of bitcoin’s 4-year cycle? on my podcast ‘bitcoin for millennials’ i talked with nico moran, co-founder of simply bitcoin. we discuss bitcoin's 4-year cycle, how etfs and wall st. flows could redefine price predictions, the role of macro trends in adoption, why halvings may matter less, and how to survive 2025 and beyond.

do you thin we'll see the end of bitcoin's 4-year cycles?",btc,en,6.0,0.0,1mttdd3,Bitcoin,,,,,
2025-08-18 17:31:32+00:00,,reddit,https://www.reddit.com/gallery/1mtsnx4,"it's the future but what is it? hi, i came across this in a shopping center in krakow, poland. concretely, what is it for? to buy bitcoin at lunchtime instead of a sandwich? 😅",btc,en,84.0,28.0,1mtsnx4,Bitcoin,,,,,
2025-08-18 17:29:51+00:00,,reddit,https://www.reddit.com/r/Bitcoin/comments/1mtsm6a/btc_115k_did_anyone_buy_the_dip/,btc @115k. did anyone buy the dip?? this correction came to quick wanted more time to stack @115k but i got some @119 tho,btc,en,93.0,90.0,1mtsm6a,Bitcoin,,,,,
2025-08-18 17:08:54+00:00,,reddit,https://www.reddit.com/r/Bitcoin/comments/1mts122/exchange_strategies/,"exchange strategies i have been using kraken for about 9 months now since i started buying bitcoin. i have been dca at a weekly interval and also making separate purchases when i can afford to. i just recently started with strike for my weekly dca. my question is which trading platform has less spread for my additional purchases? do i continue using kraken for anything additional or should i exclusively use strike moving forward.  

thanks in advance!",btc,en,6.0,1.0,1mts122,Bitcoin,,,,,
2025-08-18 16:41:32+00:00,,reddit,https://i.redd.it/qmzmf1hq3tjf1.jpeg,study bitcoin💪⛏️📈🚀,btc,en,638.0,22.0,1mtr9r7,Bitcoin,,,,,
2025-08-18 16:19:49+00:00,,reddit,https://x.com/8ITCOlN/status/1957473095964381612,"satoshi nakamoto registered - bitcoin.org - 17 years ago today. this was the first digital record of the word ""bitcoin"" to emerge and the first confirmed activity of satoshi the domain was registered anonymously, apparently with cash by mail through [http://anonymousspeech.com](http://anonymousspeech.com) (which is no longer in business) but [other sources](https://bitcoin.stackexchange.com/questions/89532/how-did-nakamoto-untraceably-pay-for-registering-bitcoin-org) claim the payment method wasn't exactly known:

>

>nobody knows for certain apart from nakamoto and the businesses involved.

>nakamoto was (and remains) notably secretive and their true identity is not reliably known† and they no longer communicate with the world using that name in any verifiable manner.

>all the businesses involved in the alleged registration process protect the identity and other confidential information associated with their customers. as they should. therefore the details sought are not public knowledge.

>  
the website of [anonymousspeech.org](http://anonymousspeech.org) says

>

>

>

>that information is not available.

>we know a couple of important things about nakamoto:

>they were extremely protective of the secrecy of their identity.

>though their work was not without flaws, they were competent in the field of online privacy and encryption.

>we should therefore not expect to easily find any information they specifically sought to hide from the public.

>nakamoto's main aim was to create a cash system that did not rely on trusting third parties - their aim was not to teach us how to anonymously register dns domains. this should shape our expectations of available information.

>footnotes

>† so far as i know, the people claiming to be nakamoto have failed to provide proof or have provided evidence subsequently shown to be false. we cannot ask nakamoto and if we could, they would not an answer if their behaviour is consistent with their past behaviour.",btc,en,218.0,22.0,1mtqo7r,Bitcoin,,,,,
2025-08-18 16:16:16+00:00,,reddit,https://www.reddit.com/r/Bitcoin/comments/1mtqkk3/couldnt_a_government_just_block_port_8333_to_take/,couldn’t a government just block port 8333 to take control of bitcoin? then permit inbound 8333 between big banks only.. concern: stack sats into a cold wallet then no way to spend it.,btc,en,0.0,26.0,1mtqkk3,Bitcoin,,,,,
2025-08-18 15:47:23+00:00,,reddit,https://www.reddit.com/r/Bitcoin/comments/1mtprks/shitcoins/,"shitcoins has anyone had to urge to invest a small portion into shitcoins? ..

i am all into bitcoin but at times i get this urge to buy some shitcoins for a short time for quick gains or for one cycle.

back in 2022, i got rekt from shitcoins so i learnt it the hard way and i have been bitcoin only since then. 

but i am sure a lot of you folks have been around for a long time so may understand what i am going through.",btc,en,0.0,29.0,1mtprks,Bitcoin,,,,,
2025-08-18 15:43:28+00:00,,reddit,https://i.redd.it/xbvgavp1tsjf1.jpeg,"the joke about bitcoiners wearing torn underwear also applies to flip-flops. these are my flip-flops, but at least i still keep stacking sats.",btc,en,6.0,13.0,1mtpnmp,Bitcoin,,,,,
2025-08-18 15:38:47+00:00,,reddit,https://www.reddit.com/r/Bitcoin/comments/1mtpj05/who_is_well_versed_in_btccore/,"who is well versed in btccore in 2015, i made my first ever btc purchase. 

i had just began the installation of btc core. i created a wallet, copied the address and had the btc sent to it. 

i was never able to actually see the btc in my wallet. (i now believe this was because btc core was never fully installed)

if my theory is correct and i get my hands on the computer and download the entire blockchain on btc core, will i have access to the coin? or will it remain lost forever. 

thanks in advance",btc,en,4.0,7.0,1mtpj05,Bitcoin,,,,,
2025-08-18 15:23:29+00:00,,reddit,https://i.redd.it/50ph83dtpsjf1.jpeg,"📢bhutan government moves 800 btc worth $92m). now holding 9,969 btc ($1.15b)🚀🚀",btc,en,300.0,8.0,1mtp3rt,Bitcoin,,,,,
2025-08-18 13:08:54+00:00,,reddit,https://www.keranews.org/news/2025-08-18/north-texas-hood-county-vote-incorporate-bitcoin-mine,rural north texans continue push for vote to regulate nearby bitcoin mine,btc,en,19.0,3.0,1mtlksw,Bitcoin,,,,,
2025-08-18 13:05:01+00:00,,reddit,https://i.redd.it/qu220aqc0sjf1.png,"if you invested in bitcoin when it was mentioned on the tv show community (s6e11) you would be up 50,000% today",btc,en,309.0,40.0,1mtlhe5,Bitcoin,,,,,
2025-08-18 12:14:41+00:00,,reddit,https://www.reddit.com/r/Bitcoin/comments/1mtkbk1/great_grandma_is_taking_lifestyle_chips/,"great grandma is taking lifestyle chips. a couple of years ago i convinced my mum (the great grandmother in our family. she's now 75.)
i convinced her that bitcoin was a good idea however old you are. i advised her to spend on bitcoin what she would normally fritter away on her amazon delivery addiction. i got her set up on an exchange and she started saving. within 12 months she'd put in around 2k.
she then lost her password, then her email account and then dropped her phone in the toilet. all these things meant she was locked out for a while.
a few days ago, almost 12 months after being locked out of her account i managed to get her access to the bitcoin and everything sorted. 
anyway, the new outlook she has for life and the smile on her face now that she has well over 7k to play with makes me happy. she's now booking a holiday and making other plans that were not feasible 12 months ago. 
she's also started buying more bitcoin. £25 a week. 
she possibly won't be around to see bitcoin take over the world but it's already made a big difference to hers.
and being locked out of her exchange account has prompted her to get a cold storage device.
75! go on mum! 😎",btc,en,154.0,22.0,1mtkbk1,Bitcoin,,,,,
2025-08-18 11:34:45+00:00,,reddit,https://www.reddit.com/r/Bitcoin/comments/1mtjhj0/how_much_btc_is_enough_for_you_to_retire/,"how much btc is enough for you to retire id say for me me personally if it got to 2million i'd consider semi retiring or taking a year out to study. 
a million is not what it used to be.",btc,en,0.0,26.0,1mtjhj0,Bitcoin,,,,,
2025-08-18 10:58:38+00:00,,reddit,https://www.reddit.com/r/Bitcoin/comments/1mtis47/just_dropped_hodl_through_the_storm_the_reggae/,"just dropped: ""hodl through the storm"" - the reggae anthem every bitcoiner needs to hear finally, someone made a song that actually gets what it's like to hodl through the chaos.
""printer go brrr, but my soul stay calm"" 🧘‍♂️
this track hits different when you're stacking sats and watching the world lose its mind. the part about cbdcs being ""digital prison"" is pure truth.
real reggae vibes with actual bitcoin philosophy. not some cringe crypto rap - this is legit music that happens to understand our struggle.
""pain is the price that freedom pay""
anyone else feel this in their soul? 💎🙌

pure gem:
https://youtu.be/qnfwy1zbiaq",btc,en,3.0,1.0,1mtis47,Bitcoin,,,,,
2025-08-18 10:15:30+00:00,,reddit,https://www.reddit.com/r/Bitcoin/comments/1mti0zy/hot_wallet_for_btc_and_eth/,"hot wallet for btc and eth hi all,
so i am planning to invest a fixed amount every month in both btc and eth (65% btc and 35% eth)
i know after a while i have to move these assets to a cold wallet (trezor safe 3 ?), but for now what is the best hot wallet for both currencies? or should i use different hot wallet for each? thank you.",btc,en,1.0,2.0,1mti0zy,Bitcoin,,,,,
2025-08-18 09:49:21+00:00,,reddit,https://www.youtube.com/watch?v=ULBbLEe6Kik&ab_channel=WisdomofBitcoin,bitcoin or die: why the game is rigged,btc,en,3.0,0.0,1mthkk1,Bitcoin,,,,,
2025-08-18 09:33:50+00:00,,reddit,https://www.reddit.com/r/Bitcoin/comments/1mthb7p/6_months_of_putting_my_paycheck_into_bitcoin/,6 months of putting my paycheck into bitcoin? i’m 18 & i’m thinking of putting every single dollar of my paycheck for the next 6 months into bitcoin. i don’t have a car but i need one ideally $15-20k. do you think i could hit my goal with this? or am i chasing a dream,btc,en,60.0,57.0,1mthb7p,Bitcoin,,,,,
2025-08-18 09:16:33+00:00,,reddit,https://www.reddit.com/r/Bitcoin/comments/1mth0zq/cold_wallet_for_iphone/,cold wallet for iphone what are best storage btc only,btc,en,1.0,24.0,1mth0zq,Bitcoin,,,,,
2025-08-18 08:38:25+00:00,,reddit,https://www.reddit.com/r/Bitcoin/comments/1mtgexd/why_i_still_believe_in_bitcoin_despite_all_the/,"why i still believe in bitcoin despite all the noise every week there’s some new headline, altcoins pumping, memecoins crashing, regulations tightening, etfs buying, miners selling. it’s easy to get distracted in the noise.

but whenever i zoom out, i always end up back at the same place: **bitcoin**. it’s not the fastest chain, not the flashiest tech, and definitely not the trendiest narrative. yet, it’s the one asset that has consistently proven it can survive every cycle, every attack, every “bitcoin is dead” article.

what keeps me hooked is how simple it really is. a decentralized, borderless store of value that no one controls. i can move it, hold it, save it, or spend it, without needing anyone’s permission. in times where inflation eats up savings and trust in traditional finance feels shaky, bitcoin makes more sense than ever.

of course, the price volatility can be wild. i’ve learned to just zoom out, stack little by little, and not overthink the day-to-day moves. for me, it’s less about quick gains and more about building something for the long run.

curious to hear from the community, what keeps *you* holding bitcoin after all these years? is it the philosophy, the profits, or just pure belief in where it’s headed?",btc,en,7.0,31.0,1mtgexd,Bitcoin,,,,,
2025-08-18 08:24:21+00:00,,reddit,https://www.reddit.com/r/Bitcoin/comments/1mtg79o/beginner_first_time_buyer/,"beginner/ first time buyer hello good people,
so i decided to finally start steady buying, in my country we don't have many applications to buy, just binance.

so the problem is when i search google it says 1btc= 115,270 usd and when i try to buy from binance (using card) everything is good untill we reach the payment page, it says 1 btc= 120,886 usd

sorry i'm new to this, can someone teach me how to buy on binance with the real price please.

thanks",btc,en,4.0,11.0,1mtg79o,Bitcoin,,,,,
2025-08-18 08:02:15+00:00,,reddit,https://proofofwords.beehiiv.com/p/bitcoin-hits-124-000,"bitcoin hits $124,000 & soon you might get to hold it in your 401(k) # tl;dr

* president trump signed an executive order that would enable alternative investments, such as bitcoin and other digital assets, to be added to 401(k) plans. 
* bitcoin reacted extremely positively, reaching a new all-time high and surpassing $124,000 for the first time. 
* bitcoin treasury companies continue their bitcoin allocation run, now holding over 1.85 million btc combined.",btc,en,3.0,0.0,1mtfurr,Bitcoin,,,,,
2025-08-18 07:10:30+00:00,,reddit,https://www.reddit.com/r/Bitcoin/comments/1mtf15g/this_is_why_bitcoin_dumps_every_time_he_announces/,"this is why bitcoin dumps every time he announces he bought more bitcoin. when mr. saylor publishes the graphic about ""not enough orange"", that means the announcement that he bought a lot of bitcoin comes the next day.

the important point here is this:

he already bought,  and tat means that he won't be buying more for a while. that means he won't be supporting the price anymore (until a few weeks later).

so this is a signal for automated bots, short term traders and speculators, to dump on this partial top, since it's a very safe bet the price won't be as supported in the coming days or weeks.

also, they know that probably will cause a cascade o liquidation of leveraged longs. 

so when mr. saylor puts out that tweet it's the best time to dump and short bitcoin.

i'm a bitcoin bull an maxi. and this info is so you can buy cheap right now.

so this is not the time to sell. this is the time you buy the dip.

bitcoin will be back up in the next few days, as always.

edit --> add metaplanet to that equation:

https://old.reddit.com/r/bitcoin/comments/1mtdt20/_/",btc,en,20.0,3.0,1mtf15g,Bitcoin,,,,,
2025-08-18 07:09:46+00:00,,reddit,https://www.reddit.com/r/Bitcoin/comments/1mtf0pl/mentor_monday_august_18_2025_ask_all_your_bitcoin/,"mentor monday, august 18, 2025: ask all your bitcoin questions! ask (and answer!) away! here are the general rules:

* if you'd like to learn something, ask.
* if you'd like to share knowledge, answer.
* any question about bitcoin is fair game.

and don't forget to check out /r/bitcoinbeginners

you can sort by new to see the latest questions that may not be answered yet.",btc,en,15.0,22.0,1mtf0pl,Bitcoin,,,,,
2025-08-18 06:45:09+00:00,,reddit,https://www.reddit.com/r/Bitcoin/comments/1mtemah/beginner_buyer/,"beginner buyer hi all!

i am a first time bitcoin buyer and with this post i am looking for tips and tricks.
i dont have alot of wealth so i would like to deposit $5 into bitcoin everyday.

- which platform is the easiest to use?
- and do i have to setup other things before i am getting started?

i appreciate your time for reading my post and appreciate your help.",btc,en,4.0,10.0,1mtemah,Bitcoin,,,,,
2025-08-18 06:32:20+00:00,,reddit,https://www.reddit.com/gallery/1mteep0,what would you do for bitcoin?,btc,en,47.0,13.0,1mteep0,Bitcoin,,,,,
2025-08-18 06:08:30+00:00,,reddit,https://www.reddit.com/r/Bitcoin/comments/1mte0d3/daily_discussion_august_18_2025/,"daily discussion, august 18, 2025 please utilize this sticky thread for all general **bitcoin** discussions! if you see posts on the front page or /r/bitcoin/new which are better suited for this daily discussion thread, please help out by directing the op to this thread instead. thank you!

if you don't get an answer to your question, you can try phrasing it differently or commenting again tomorrow.

please check the [previous discussion thread](https://www.reddit.com/r/bitcoin/comments/1msj6ca/daily_discussion_august_17_2025/) for unanswered questions.",btc,en,34.0,62.0,1mte0d3,Bitcoin,,,,,
2025-08-18 05:38:25+00:00,,reddit,https://www.reddit.com/r/Bitcoin/comments/1mtdi1u/how_to_give_to_the_poor_with_bitcoin/,"how to give to the poor with bitcoin? the stoplight bums, how to give with bitcoin? they need a phone or something that communicates with the internet to spend?

bitcoin is god's money, so how to give to the poor/needy as god commands? would bums even have value for bitcoin, or is it like giving pearls to swine?

  
edit:

a post about giving to the poor gets a negative rating? this is why people think bitcoiners are callous in general.",btc,en,0.0,14.0,1mtdi1u,Bitcoin,,,,,
2025-08-18 05:12:07+00:00,,reddit,https://www.youtube.com/watch?v=Oyj25tQYJck&list=PL_VzRSPfA1fvllWWum1lU-EqBXt1kCqSk,of the fatal inconsistencies in saifedean ammous' bitcoin standard,btc,en,1.0,0.0,1mtd1to,Bitcoin,,,,,
2025-08-18 05:09:27+00:00,,reddit,https://www.reddit.com/r/Bitcoin/comments/1mtd022/a_quote_from_satoshi/,a quote from satoshi bitcoin is god's coin and he will flood the lands of all scammers and speculators.restore it to proper balance of freedom lovers.,btc,en,0.0,4.0,1mtd022,Bitcoin,,,,,
2025-08-18 04:42:26+00:00,,reddit,https://www.reddit.com/r/Bitcoin/comments/1mtcir4/bitcoin_is_on_sale/,"🔥 bitcoin is on sale 🔥 just bought the dip.

have a great week ladies and gents!

stay humble, keep stacking.",btc,en,216.0,33.0,1mtcir4,Bitcoin,,,,,
2025-08-18 00:39:48+00:00,,reddit,https://www.youtube.com/watch?v=KmGtosp31Jo&ab_channel=WisdomofBitcoin,the mind of satoshi: a philosopher behind bitcoin,btc,en,10.0,1.0,1mt7krn,Bitcoin,,,,,
2025-08-18 00:23:41+00:00,,reddit,https://www.youtube.com/watch?v=Oyj25tQYJck&list=PL_VzRSPfA1fvllWWum1lU-EqBXt1kCqSk,"of the fatal inconsistencies in saifedean ammous' bitcoin standard   
of the fatal inconsistencies in saifedean ammous' bitcoin standard  
  
in the previous essay ([bitcoin most certainly violates mises regression theorem and this fact compels clarification or re‐solution from the mises institute; and an introduction to szabonian deconstruction](https://www.reddit.com/r/bitcoin/comments/1mrl65c/bitcoin_most_certainly_violates_mises_regression/)) we ended with statements by mises that his (austrian) school of thought ""praxeology"" rejects empirical (think archeological) based arguments and only accepts arguments extended from reason.

here we will show countless examples of saifedean ammous, a purported austrian economics professor relying on empirical based points and arguments trying to make his conclusion about the economic implications of bitcoin.

in this essay i use the perspective and intention of szabonian deconstruction, as well as our insights from doing the same with mises regression theorem, to highlight saifedean ammous’ nefarious use and wrapping of academic scholars work notably including mises, hayek, and nash as well as implicitly szabo and satoshi.

further i highlight that saifedean's account of how money originated and how moneyness originates in objects is based on an anthropologically inconsistent argument with reference to jo walton, “the analogy between bitcoin and yapese stone money is based on proposed commonalities that are inaccurate, ill-defined, and/or trivial.“

this essay then gives an example of how nefarious constructions can be ‘un-wrapped’ using szabonian deconstruction (properly framed inquiries) and it lays the beginning of my attempt to usefully frame an inquiry into the historical and cultural evolution of objects humanity has used as money as and money-like things (ie such proto-money, credit, wealth storage etc.).",btc,en,7.0,11.0,1mt78dw,Bitcoin,,,,,
2025-08-17 23:29:10+00:00,,reddit,https://www.reddit.com/r/Bitcoin/comments/1mt61p9/buying_bitcoin_on_robinhood/,buying bitcoin on robinhood? i started buying bitcoin using the robinhood app. is there a better app to use before i keep buying more?,btc,en,9.0,7.0,1mt61p9,Bitcoin,,,,,
2025-08-17 23:15:28+00:00,,reddit,https://www.reddit.com/r/Bitcoin/comments/1mt5qix/what_do_you_think_will_happen_in_2140_when_the/,"what do you think will happen in 2140 when the last bitcoin is mined? i know it’s far in the future, and we all might be dead but i’m curious how people imagine that moment. 

do you think it will be treated as a huge world event, like a humanity milestone? how might it affect bitcoin’s price and adoption will it be a big deal, or will it just pass quietly because everyone expected it? 

would love to hear people’s guesses on possible scenarios.",btc,en,120.0,139.0,1mt5qix,Bitcoin,,,,,
2025-08-17 22:56:00+00:00,,reddit,https://www.reddit.com/r/Bitcoin/comments/1mt5afy/for_beginners_binance_vs_bybit_which_is_better_to/,"for beginners: binance vs bybit – which is better to start with? i’m pretty new to crypto and looking into where to start my first bitcoin purchase. like most people, i first thought about using binance, since it’s the biggest exchange.

but while searching around, i found this article comparing binance and bybit: [https://st4007.com/entry/my-honest-experience-why-i-ended-up-using-bybit-instead-of-binance](https://st4007.com/entry/my-honest-experience-why-i-ended-up-using-bybit-instead-of-binance)

the article mentions that binance has some downsides for beginners, like stricter kyc, complicated menus, and the fact that in the us you can only use [binance.us](http://binance.us) (which has fewer features). on the other hand, bybit seems to have a simpler interface and feels more beginner-friendly overall.

after reading it, i feel like bybit might actually be easier for someone just starting out.

what do you guys think? if you were starting from zero today, would you choose binance or bybit?",btc,en,0.0,2.0,1mt5afy,Bitcoin,,,,,
2025-08-17 22:55:15+00:00,,reddit,https://www.reddit.com/r/Bitcoin/comments/1mt59t6/id_like_to_invest_in_bit_coin/,id like to invest in bit coin. is it better to do $10  dollars a day or or lump sum on sunday ? also whats the best plat form. i have fidelity but they have a fund not actual btc?  thanks,btc,en,5.0,20.0,1mt59t6,Bitcoin,,,,,
2025-08-17 22:22:43+00:00,,reddit,https://www.reddit.com/r/Bitcoin/comments/1mt4imj/have_a_backup_on_google_drive_called/,have a backup on google drive called bitcoin-wallet-backup-2024-10-02-23-51 can anyone help me recover it or let me know if it's possible?,btc,en,0.0,13.0,1mt4imj,Bitcoin,,,,,
2025-08-17 22:08:49+00:00,,reddit,https://www.reddit.com/r/Bitcoin/comments/1mt46r4/where_to_buy_10000_worth_of_btc/,"where to buy $10,000 worth of btc? if someone wanted to buy $10,000 worth of bitcoin at once, where’s the best exchange to buy, and then move into a cold storage?

would it be smart to set up a reoccurring buy on river or strike for $1000 weekly until it hits 10k?",btc,en,39.0,98.0,1mt46r4,Bitcoin,,,,,
2025-08-17 21:59:07+00:00,,reddit,https://www.reddit.com/r/Bitcoin/comments/1mt3xvx/gold_in_the_bank_is_better_than_gold_in_the/,gold in the bank is better than gold in the mountain so people say i'd rather gold in the bank than gold in the mountain. but what would you say for bitcoin? i'd rather bitcoin on the hardware wallets than bitcoin on the? is bitcoin a bitcoin before it gets mined and if not what is it?,btc,en,2.0,14.0,1mt3xvx,Bitcoin,,,,,
2025-08-17 21:52:17+00:00,,reddit,https://www.reddit.com/r/Bitcoin/comments/1mt3rwm/timing_the_market_vs_time_in_market_at_a_decade/,"timing the market vs time in market at a decade or longer i'm not dca'ing so i'm waiting trying to time the market which i know is a no no but i could invest so much more if there was more than a correction to btc. i started investing this year.

is anyone doing the same as me and feel committed to there decision?",btc,en,0.0,12.0,1mt3rwm,Bitcoin,,,,,
2025-08-17 20:28:27+00:00,,reddit,https://www.reddit.com/r/Bitcoin/comments/1mt1oat/implications_of_an_ai_bubble_crash/,"implications of an ai bubble crash working in the tech field it seems to me like a near inevitability that ai is going to stagnate. llm improvements have certainly started to suggest that (gpt-5's dreadful release) and there is certainly only so much data that these llms can train on. 

sam altman even just recently came out and admitted that he believes that we are in an ai bubble of sorts. let's just hypothesize here and say that we are, and that eventually this bubble does crash what implications do you expect this happening with btc?",btc,en,5.0,2.0,1mt1oat,Bitcoin,,,,,
2025-08-17 18:08:28+00:00,,reddit,https://www.reddit.com/r/Bitcoin/comments/1msy1ay/not_paying_down_debt_instead_adding_btc/,"not paying down debt instead adding btc. for the last 6 years i have paid the minimum on all my debit. my primary mortgage 3%, i have never paid a penny over the monthly payments. car loan 1% never ever pay extra. margin in brokerage. just enough to offset interest. 

this entire time the money i would of used to pay down low interest debt i have been plowing into btc for years now, no matter the price. it was a rough couple years to start. now i have officially tripled my fiat value vs. my debt in just 6 years. literally started with nothing. if i would of paid off my debt instead. i would of had no btc and still owed probably. 

if you can mentally handle the debit i highly recommend just buying btc instead. first off no one will tell you this is a good idea. so prep yourself for the nay sayers. 

to be clear i have not taken any loans to purchase btc. i totally would if the right dip happened. all my stacking has been from hard work mining fiat.",btc,en,299.0,132.0,1msy1ay,Bitcoin,,,,,
2025-08-17 17:54:39+00:00,,reddit,https://www.reddit.com/r/Bitcoin/comments/1msxo3f/anyone_rocking_5050_etfbtc_split/,"anyone rocking 50/50 etf/btc split? tldr: if you split investments between etf and btc, which etf?

i have an impression that voo & chill strategy is good when you either start early 20s, or when you have sustainable money to invest right away. 

i am finishing with the emergency fund and looking to start with investments. i have about 1500 pet month to invest. i am seriously considering 50/50 split between qqqm and btc. 

i don’t believe btc will ever replace fiat, but i do believe in a new type of asset in a form of a digital gold. i’ve been watching btc since 2017, but never got extra money to put in. i don’t want to watch it another 8 years and missing out again. 

i know people in this sub are often going with 100 btc, but this is too much for me. my logic in 50/50 is that if btc continues to grow, i’ll be in a good shape in 5-10 years. if government screw it (regulations, taxes, idk) i’ll have 50% in top 100 us companies. if both btc and top 100 will fail, well i’ll be poor, but i’ll be one of many. 

small % and a company match will go in 401k voo alternative. i don’t count that part for simplicity. 

thoughts?",btc,en,2.0,31.0,1msxo3f,Bitcoin,,,,,
2025-08-17 17:03:41+00:00,,reddit,https://www.reddit.com/r/Bitcoin/comments/1mswbp9/bitcoin_is_financial_darwinism/,bitcoin is financial darwinism. i like that. might be biased.,btc,en,53.0,6.0,1mswbp9,Bitcoin,,,,,
2025-08-17 16:37:19+00:00,,reddit,https://i.redd.it/b2ppptanuljf1.png,"price, statistical widgets and converter. hi there,

i’ve put together a few btc widgets and a converter. originally, i made them just for myself, but maybe they’ll be useful for someone else too.

the converter lets you switch between btc or satoshi and a wide range of fiat currencies, both ways.  
the widgets show the price of 1 btc, or how many satoshis you need for 1 doll/euro/gbp etc.r (there’s also a slim version that takes up almost no space). the extended version even shows some btc blockchain statistics.  
and for all of them, you can play around with the colors — both background and text.

you can find them on the play store: [https://play.google.com/store/apps/developer?id=ondran](https://play.google.com/store/apps/developer?id=ondran)



edit: just to get ahead of it before anyone says this might be a scam, hacking attempt, or something shady… the app does **not** collect any user data and doesn’t have access to anything, this is also declared in the app manifest. if anyone still has doubts, please feel free to report it directly on the play store. you don’t even need to download it to do that.",btc,en,8.0,5.0,1msvn7c,Bitcoin,,,,,
2025-08-17 16:16:01+00:00,,reddit,https://www.reddit.com/r/Bitcoin/comments/1msv3fy/anyone_born_on_3rd_jan_2009/,anyone born on 3rd jan 2009 just wondering anyone who’s born on 3 jan 2009 is a bitcoiner here?? or anyone in your family born on 3rd jan 2009 is into bitcoin,btc,en,0.0,9.0,1msv3fy,Bitcoin,,,,,
2025-08-17 15:30:09+00:00,,reddit,https://www.reddit.com/r/Bitcoin/comments/1mstx1b/just_curious_any_online_browser_games_can_earn_btc/,"just curious any online browser games can earn btc? i know this don't earn much, i just wanna pass some times play online browser game to kill some time on the same time don't feel my time wasting on playing games yet can earn some btc.

i not preferring those games need to be download. i mean can play via from the website and earn some btc.",btc,en,0.0,14.0,1mstx1b,Bitcoin,,,,,
2025-08-17 15:29:04+00:00,,reddit,https://x.com/8ITCOlN/status/1957101791423725815,"happy 8th birthday to btcpay server. go rewatch the documentary on this rebellious open source bitcoin project: my trust in you is broken great documentary and great team working on this open source bitcoin project. happy birthday!

[https://www.youtube.com/watch?v=z78zbpcsc3g](https://www.youtube.com/watch?v=z78zbpcsc3g)

for more history on this time period in bitcoin, go read the block size wars.",btc,en,28.0,2.0,1mstw24,Bitcoin,,,,,
2025-08-17 15:17:08+00:00,,reddit,https://i.redd.it/b39jh8qrjljf1.png,"bitcoin is a tool. not the goal. the goal is freedom for you, whats more important: the price of bitcoin or the freedom it brings?",btc,en,173.0,5.0,1mstl5o,Bitcoin,,,,,
2025-08-17 14:37:22+00:00,,reddit,https://www.reddit.com/r/Bitcoin/comments/1mssktu/best_time_to_invest_a_sizeable_chunk_of_money_in/,"best time to invest a sizeable chunk of money in bitcoin i want to put quite a bit of money into bitcoin but i’m not sure when the best timing would be. i don’t want to buy near the top of the market and be holding bags for a couple of years. 
will there be a cooling off from the current cycle and when is that likely to occur? 

i realise this is an arbitrary question and it could always keep going up from here but i’m interested in peoples opinions. 

thanks",btc,en,3.0,50.0,1mssktu,Bitcoin,,,,,
2025-08-17 14:01:04+00:00,,reddit,https://www.reddit.com/r/Bitcoin/comments/1msroz4/can_someone_explain_blockchain_like_bitcoin_in/,"can someone explain blockchain (like bitcoin) in detail — from simple flow to technical depth? i’ve been reading about blockchain/bitcoin, and i get the high-level idea, but i’d like to understand the full flow in detail — both simple explanation and technical terms.

for example, if alice sends 1 btc to bob, i want to know step by step:

* how transactions are created and signed with private/public keys
* how they’re broadcast to the network and stored in mempool
* how miners pick transactions and form a block
* how the nonce is generated and tested against the target difficulty
* who decides/assigns this target value (and how difficulty adjusts)
* how proof of work ensures consensus
* how the block is validated by other nodes and added to the chain
* how immutability is maintained (e.g., why changing one block breaks the whole chain)

basically, i’d love a “from scratch to end” explanation — starting simple, but also covering the technical depth (nonce, hashing, difficulty, etc.).

any clear explanation, analogies, or flowcharts would be super helpful 🙏",btc,en,5.0,11.0,1msroz4,Bitcoin,,,,,
2025-08-17 13:58:30+00:00,,reddit,https://i.redd.it/nzyyg67f4ljf1.jpeg,"having to sell off some of my long holdeded bags to pay for my dream farm. it’s the first btc i have sold in any real quantity and it feels strange. the land is fairytale perfect and it’s something i have always wanted (a real place to call home and hang my boots). closing and € transfer happen on friday. rabble rabble just stack and hold, it pays off eventually i promise. do it for your freeloading unemployed dog",btc,en,8367.0,568.0,1msrmn7,Bitcoin,,,,,
2025-08-17 11:38:21+00:00,,reddit,https://www.reddit.com/r/Bitcoin/comments/1msomn9/using_ace_that_test_learning_techniques_to_try_to/,"'using ace that test learning techniques to try to pass bitcoin courses? dear readers,

  
i wrote this previous post i could link \[[what would be the best type or learning (factual knowledge) for this type of course - what was centred on reading articles ? : r/bitcoin](https://www.reddit.com/r/bitcoin/comments/1mq4l2s/what_would_be_the_best_type_or_learning_factual/)\] where a basically said - that i felt like i had problem implementing type learning technique - to be able to learn the answers to past the test.

  
about maybe two months ago- i tried to read a type book called 'ace that test' - which i just today - it actually has no type of official book summary up to date on the internet? so maybe i should make one?

'apart from myles aka python programmer trying to endorse the book?

  
from the contents the 3rd part of the book 'study strategies that work - is all about actual learning method.

  
retrieval practice,

  
page 64 reads

  
quote

""

  
'its really flexible , different ways

  
1 write it out -  blank sheet, write / sketch everything from your memory , not word to word, put info in your own words, come with own examples or connections

  
2 practice tests or quizzes - (well there already is a type of practice part on plan b network

  
3 flash cards - retrieve answer before slipping over

  
4 concept maps from memory 

  
5 studying from groups - made me think is there some kind of bitcoin discord discussion maybe,

""

end quote

  
[ace that test: a student's guide to learning better — the learning scientists](https://www.learningscientists.org/ace-that-test-a-students-guide-to-learning-better)

  
hearing 

i spent about 10mins on this 

feel as if not best now to try te attempt the plan b first course,",btc,en,0.0,0.0,1msomn9,Bitcoin,,,,,
2025-08-17 11:24:22+00:00,,reddit,https://www.reddit.com/r/Bitcoin/comments/1msodkg/swan_in_ny/,"swan in ny i was looking at potentially signing up for swan in ny since we're limited on where we can buy. i'm not so happy with coinbase for the fees. it seems like you can't withdraw bitcoin yet into a wallet (but you can withdraw in usd if needed) pending regulatory approval. any idea how long this approval takes? is this a reason not to use them? i know nyknyc and that. however, the fees seem to be the best.",btc,en,2.0,4.0,1msodkg,Bitcoin,,,,,
2025-08-17 07:49:14+00:00,,reddit,https://ecency.com/hive-167922/@uyobong/taiwans-top-win-international-to-rebrand-to-asiastrategy-pioneer-bitcoin-treasury-strategy-jck,"taiwan’s top win international to rebrand to 'asiastrategy', pioneer bitcoin treasury strategy",btc,en,36.0,0.0,1mskwgs,Bitcoin,,,,,
2025-08-17 07:22:54+00:00,,reddit,https://www.reddit.com/r/Bitcoin/comments/1mskh2j/borrow_against_stocks_to_buy_bitcoin/,"borrow against stocks to buy bitcoin most of my portfolio is in a widely diversified etf. i don't want to sell it to buy bitcoin, so i thought of borrowing against it (30% of the value of my portfolio) to buy btc with that money. annual interest ist 6,40%. the risk is should my portfolio (msci world) go down -70%, i would get liquidated. the merit compared to a consumer credit is that there are no monthly payments and i could theoretically let it run as long as i want, even decades and theoretically die with it (as long as my stock portfolio doesn't go down below the value of what i borrowed, but that would mean that the stock market of all industrial nations together dumps 70%. anybody doing something similar, or did you sell your stocks for btc?",btc,en,27.0,18.0,1mskh2j,Bitcoin,,,,,
2025-08-17 06:36:46+00:00,,reddit,https://www.reddit.com/r/Bitcoin/comments/1msjph9/cryptorefill_prepaid_visa_gift_card_legit/,"cryptorefill prepaid visa gift card legit? i'm trying to buy a prepaid visa gift card using btc, and bitrefill doesn't have any of them. i know that cryptorefill isn't so safe, but they are the only one that have visa cards. is it okay to buy?",btc,en,0.0,5.0,1msjph9,Bitcoin,,,,,
2025-08-17 06:25:45+00:00,,reddit,https://i.redd.it/t4ja7gwywijf1.jpeg,bitcoin references in the new film eddington (2025)  i noticed bitcoin being mentioned multiple times (about 2–3 times throughout the film). i grabbed a couple of screenshots to share here,btc,en,149.0,37.0,1msjinf,Bitcoin,,,,,
2025-08-17 06:05:44+00:00,,reddit,https://www.reddit.com/r/Bitcoin/comments/1msj6ca/daily_discussion_august_17_2025/,"daily discussion, august 17, 2025 please utilize this sticky thread for all general **bitcoin** discussions! if you see posts on the front page or /r/bitcoin/new which are better suited for this daily discussion thread, please help out by directing the op to this thread instead. thank you!

if you don't get an answer to your question, you can try phrasing it differently or commenting again tomorrow.

please check the [previous discussion thread](https://www.reddit.com/r/bitcoin/comments/1mrmhpa/daily_discussion_august_16_2025/) for unanswered questions.",btc,en,42.0,34.0,1msj6ca,Bitcoin,,,,,
2025-08-17 04:21:16+00:00,,reddit,https://finance.yahoo.com/community/post/9b6b70b7-1714-4eb0-89c0-a19d39bb44e4/,"the value investor's case for bitcoin this is a pretty differentiated argument that i hadn’t really seen elsewhere, so you might enjoy reading it if you haven’t seen it before.",btc,en,8.0,0.0,1mshbud,Bitcoin,,,,,
2025-08-17 04:02:32+00:00,,reddit,https://www.reddit.com/r/Bitcoin/comments/1msgzin/i_just_love_btc/,"i just love btc! every day, i scroll through reddit and see folks hyping their fave altcoin like it’s blasting off to jupiter. ‘this altcoin’s gonna 100x!’ ‘it’s the future, bro!’ same hype, different chain. meanwhile, bitcoin’s just lounging, sipping an espresso, outshining every ‘moon-bound’ token. i’ve survived three altcoin pumps, two rug pulls, and one ‘revolutionary defi project’ that ghosted faster than my ex’s texts. bitcoin? still king 👑 , still winning. can we stop pretending altcoin69’s gonna buy us a yacht? #bitcoingang #hodl",btc,en,61.0,13.0,1msgzin,Bitcoin,,,,,
2025-08-17 03:21:14+00:00,,reddit,https://www.reddit.com/r/Bitcoin/comments/1msg7d1/i_thought_some_people_might_get_a_kick_out_of/,"i thought some people might get a kick out of this story… about ten years ago i started a coin base account and bought some btc. 
i didn’t make any money and gave up on it. 
fast forward i keep getting emails saying i’m gonna lose my account and my earnings are up. i ask myself “earnings?” 
so i go through the hassle of figuring out how to login (it wasn’t too bad but i had to upload my drivers license again).
two days later after a manual approval of my license, i’m able to login. i’m hoping there’s a couple hundred bucks but i don’t want to get my hopes up. 
i get logged in and it says my btc balance is $60,000. 
i kept thinking it must be wrong so i screenshot it and sent it to a friend and he says he thinks it’s pretty clear.
so today i went from being broke to having over .5 btc.",btc,en,1295.0,260.0,1msg7d1,Bitcoin,,,,,
2025-08-17 02:58:55+00:00,,reddit,https://www.reddit.com/r/Bitcoin/comments/1msfrih/what_other_technology_will_replace_the_seed/,"what other technology will replace the seed phrase and risk losing everything? i believe in bitcoin but to be honest the amount of people that are not tech savvy will never ever use something that requires seed phrase and the risk of losing everything if they forget their seed phrase.  

i know it’s not complicated but the vast majority of people i speak with don’t buy crypto because of the confusing part of wallets",btc,en,1.0,49.0,1msfrih,Bitcoin,,,,,
2025-08-17 02:35:24+00:00,,reddit,https://www.reddit.com/r/Bitcoin/comments/1msfb4n/where_can_i_find_solid_sources_about_bitcoin_for/,"where can i find solid sources about bitcoin for a college level essay? hey all - i’ve lurked this sub for quite a while and never posted. i’ve been holding bitcoin for a few years now and have a solid understanding of crypto/blockchains etc. i have been tasked to write a persuasive essay for my writing class and i want to argue that bitcoin is a great investment to fight against inflation, however i am having trouble finding good sources. there’s a million sources on the web but i need strong reliable sources (sources that pass the craap test) in order to actually use them in the essay. forums/overly biased and outdated sources aren’t much help to me. if anyone has any recommendations it would be greatly appreciated! thanks",btc,en,9.0,10.0,1msfb4n,Bitcoin,,,,,
2025-08-17 01:15:22+00:00,,reddit,https://www.youtube.com/watch?v=Oyj25tQYJck,"of the fatal inconsistencies in saifedean ammous' bitcoin standard # of the fatal inconsistencies in saifedean ammous' bitcoin standard

(https://x.com/soaker\_patoshi)

in the previous essay ([bitcoin most certainly violates mises regression theorem and this fact compels clarification or re‐solution from the mises institute; and an introduction to szabonian deconstruction](https://www.reddit.com/r/bitcoin/comments/1mrl65c/bitcoin_most_certainly_violates_mises_regression/)) we ended with statements by mises that his (austrian) school of thought ""praxeology"" rejects empirical (think archeological) based arguments and only accepts arguments extended from reason. 

here we will show countless examples of saifedean ammous, a purported austrian economics professor relying on empirical based points and arguments trying to make his conclusion about the economic implications of bitcoin. 

in this essay i use the perspective and intention of szabonian deconstruction, as well as our insights from doing the same with mises regression theorem, to highlight saifedean ammous’ nefarious use and wrapping of academic scholars work notably including mises, hayek, and nash as well as implicitly szabo and satoshi.  
  
further i highlight that saifedean's account of how money originated and how moneyness originates in objects is based on an anthropologically inconsistent argument with reference to jo walton, “the analogy between bitcoin and yapese stone money is based on proposed commonalities that are inaccurate, ill-defined, and/or trivial.“  
  
this essay then gives an example of how nefarious constructions can be ‘un-wrapped’ using szabonian deconstruction (properly framed inquiries) and it lays the beginning of my attempt to usefully frame an inquiry into the historical and cultural evolution of objects humanity has used as money as and money-like things (ie such proto-money, credit, wealth storage etc.).  
  
[https://github.com/jaltoorey/idealmoney/wiki/of-the-fatal-inconsistencies-in-saifedean-ammous'-bitcoin-standard](https://t.co/wx1it5qycr)",btc,en,1.0,0.0,1msdp1e,Bitcoin,,,,,
2025-08-16 23:10:52+00:00,,reddit,https://www.reddit.com/gallery/1msaxt2,"bitcoin loan rollover vs. sell-off simulator (google sheets) — feedback welcome i put together a btc simulator sheet that compares two strategies.

loan rollover → borrow against btc with adjustable loan terms, rolling each year.

sell strategy → see what happens if you just sell btc annually instead.

it has adjustable inputs (ltv, interest, btc growth, expenses), models (stock-to-flow, powerlaw), and charts for debt, collateral, and btc balance over time.

🔗 link:

[https://docs.google.com/spreadsheets/d/e/2pacx-1vqnugq60ux4bvl3n6g7lkypaojlpcfowlemtgea2vwlu6bhlbu3whk9\_z9msbjamvpymtbg8fkapgrr/pub?output=xlsx](https://docs.google.com/spreadsheets/d/e/2pacx-1vqnugq60ux4bvl3n6g7lkypaojlpcfowlemtgea2vwlu6bhlbu3whk9_z9msbjamvpymtbg8fkapgrr/pub?output=xlsx)

looking for feedback or mistakes. 

feel free to copy, tweak, or profit from it. the goal is to keep people informed and hodling.",btc,en,41.0,22.0,1msaxt2,Bitcoin,,,,,
2025-08-16 22:15:14+00:00,,reddit,https://youtu.be/IY3vwr-fKuI?feature=shared,bitcoin mining in space: the craziest or smartest idea ever?,btc,en,0.0,11.0,1ms9k2a,Bitcoin,,,,,
2025-08-16 21:11:30+00:00,,reddit,https://i.redd.it/ogo9o1z26gjf1.png,"nocoiners know something isn't right, just hate the solution when bitcoin is mentioned these days, i just mention lyn alden's broken money book and let the curious ones to find the solution for themselves.",btc,en,195.0,26.0,1ms7wag,Bitcoin,,,,,
2025-08-16 19:53:08+00:00,,reddit,https://i.redd.it/02kxyek3sfjf1.jpeg,"buy #bitcoin 🐂 the 10‑year rolling cagr (compounded annual growth rate) for bitcoin using aug 16, 2015 → aug 16, 2025 is 84.4% per year. 

to put it into perspective the ndx is 17.8%",btc,en,64.0,14.0,1ms5sl0,Bitcoin,,,,,
2025-08-16 19:28:20+00:00,,reddit,https://www.reddit.com/r/Bitcoin/comments/1ms54yo/why_bitcoin_feels_different_this_year_than_any/,why bitcoin feels different this year than any other year? i feel the world is waking up and decided this year throw everything in bitcoin..,btc,en,57.0,62.0,1ms54yo,Bitcoin,,,,,
2025-08-16 18:50:35+00:00,,reddit,https://www.reddit.com/r/Bitcoin/comments/1ms432r/binanceus_fees_better_options_for_selling_btc/,"binance.us fees - better options for selling btc? not really going to sell my btc yet, but i went through [binance.us](http://binance.us) and noticed my $132 worth of btc was offered to be sold for $122 in total. i know very little about spread/liquidity/fees, but that's $10 out of $132. binance showed my btc being sold around 109k per one, instead of the 117k going price currently.

are coinbase/coinbase pro/robinhood/others better? is there some website that gives you more bang for your buck? looking for something i can use in the future to sell my btc to transfer fiat back to my bank.

  
p.s. i already got plenty of cold wallet setup, just need info about selling!!

  
ty so much",btc,en,1.0,0.0,1ms432r,Bitcoin,,,,,
2025-08-16 18:49:55+00:00,,reddit,https://www.reddit.com/r/Bitcoin/comments/1ms42el/how_many_people_have_over_01_btc_just_estimate/,"how many people have over 0.1 btc? just estimate. ok. just throw a number and try to defend it somehow. just curious. obviously a wallet has many addresses and people can have multiple wallets. lots of btc is lost in forgotten drives.

so, say something. is it over 1m?

i am expecting to get an answer like that: **i think over 2 million people have over 0.1 btc, because... {put\_your\_reasons\_here}.**

**the idea is not to say how much you have, but to say how many people have over 0.1.**",btc,en,345.0,208.0,1ms42el,Bitcoin,,,,,
2025-08-16 18:48:08+00:00,,reddit,https://i.redd.it/r24ds58igfjf1.jpeg,"my daughter has been tracking btc price for 8 years and just added a new date to her chart i helped my daughter create a list in 2017 of all the things she may want over her life, their average cost and when one bitcoin would be worth the same so she could track it over time. only one more date to fill in.

so proud of her!",btc,en,0.0,16.0,1ms40nb,Bitcoin,,,,,
2025-08-16 18:31:25+00:00,,reddit,https://i.redd.it/w4og1fqidfjf1.jpeg,what if hal was right? $10m per btc doesn’t sound so crazy anymore,btc,en,917.0,252.0,1ms3jut,Bitcoin,,,,,
2025-08-16 18:22:50+00:00,,reddit,https://www.reddit.com/r/Bitcoin/comments/1ms3bio/if_selling_your_btc_meant_you_could_be_work/,"if selling your btc meant you could be work optional, would you do it? hypothetical. if selling meant you didn’t have to work if you didn’t want to, meant you could pursue another job that aligns more with your passions or spend more time with your family would you part with your stack?",btc,en,45.0,121.0,1ms3bio,Bitcoin,,,,,
2025-08-16 18:04:20+00:00,,reddit,https://www.reddit.com/r/Bitcoin/comments/1ms2sq4/help_transferring_bitcoin_robinhood_scam/,"help transferring bitcoin & robinhood scam hey all. i do not want to dca on robinhood anymore with my daily purchases going into bitcoin. i am looking for help on which platform to use to purchase bitcoin, and how to transfer it to a wallet like trezor, however i am located in new york so i know a lot of apps won't let me use them (river for example). what is my best option to do this? thanks.",btc,en,0.0,16.0,1ms2sq4,Bitcoin,,,,,
2025-08-16 17:31:47+00:00,,reddit,https://www.reddit.com/r/Bitcoin/comments/1ms1vtc/btchel_conference_2025_innovator_partner/,"btchel conference 2025 - innovator partner highlights we were proud to join the **btchel conference 2025** as an innovator partner.  
here are a few snapshots from the main stage, sponsor wall, and our booth at the innovator exhibition.

bitcoin, security, and innovation – exactly where xellox belongs.

*what was your highlight of btchel 2025?*

[audience gathered at the btchel conference main stage, with the event logo projected on a large screen. ](https://preview.redd.it/fin8mgssijjf1.jpg?width=4624&format=pjpg&auto=webp&s=5a5bc38b666201ff8ae7b39b1fc27f3a17ac0aad)

[xellox booth at the btchel conference innovator exhibition, with a team member welcoming visitors.](https://preview.redd.it/5h1wd984jjjf1.jpg?width=3472&format=pjpg&auto=webp&s=37ce55aae409b9245e127b152065c59f51ce4413)

[sponsor recognition screen at the btchel conference showing partner logos, including xellox as an innovator partner.](https://preview.redd.it/3dqaubw8jjjf1.jpg?width=4624&format=pjpg&auto=webp&s=3d7e9a5873736a2a3554325a786e3d14e8be60c1)",btc,en,1.0,1.0,1ms1vtc,Bitcoin,,,,,
2025-08-16 17:27:04+00:00,,reddit,https://www.reddit.com/r/Bitcoin/comments/1ms1r5z/privacy_in_bitcoin_position/,"privacy in bitcoin position hello everyone,

i want to make sure i have my sats as private as possible, i've been reading a little and i think i understand how to do it.

but right now i have some btc in my cold wallet (keepkey) that i bought at the time through an exchange and transferred to my wallet and more recently through banxa with kyc.

from now on i plan to buy from bisq or mt pelerin without kyc and send it to another address associated with the same wallet.

my question is:

. is this a better option than buying from bisq or mt pelerin without kyc and simply sending to another address associated with my same wallet? some recomendations?

. what can i do with the sats that i have already purchased with kyc to anonymize them?",btc,en,1.0,1.0,1ms1r5z,Bitcoin,,,,,
2025-08-16 17:20:09+00:00,,reddit,https://i.redd.it/js5sg6sr0fjf1.jpeg,"daily bitcoin meme until btc is at $200,000 #67",btc,en,656.0,22.0,1ms1ka5,Bitcoin,,,,,
2025-08-16 16:57:55+00:00,,reddit,https://www.opencongress.net/bill-details/41877,s 954 - bitcoin act of 2025,btc,en,10.0,3.0,1ms0xuk,Bitcoin,,,,,
2025-08-16 16:49:16+00:00,,reddit,https://www.reddit.com/r/Bitcoin/comments/1ms0p5y/a_redbull_fuelled_breakdown_of_why_i_sleep_better/,"a redbull fuelled breakdown of why i sleep better with my own keys. for those who saw my last post and now picture me as a redbull junkie with empty cans shaking for a third. it is not true but enjoy the thought as the real me is far less exciting. i drink it maybe twice a month when i feel like treating myself and sit out in my garden and drink it like it is some sort of rare vintage whilst i read the news thinking i look sophisticated enough to understand how the world actually works.

anyway, it's pretty much impossible to know exactly how many people keep their bitcoin on exchanges and i'm on about considerable amounts because i know some of you will say ""no point self custodying if you only have £25 and a dream"", but lets be honest if you think that kind of bag is your key to an early retirement then please, treat yourself to a cold wallet and maybe a tattoo on your forehead that reads ""tell me to buy more bitcoin"". on a serious note, how many of you actually read the t&c's when signing up to an exchange? i didn't, but there will also be things that say:

""we reserve the right to suspend withdrawals""

""insolvency may result in partial or total loss of funds""

""in the event of catastrophic failure, we'll send you an automated email with the word ""unfortunately"" and picture of us sipping cocktails funded by everyone who lost their money""

we all know things like this has happened before which is why i'm hoping to at least give one person a sign to finally getting around to ordering that hardware wallet. i also find it a lot easier to hold on to my sats as its a whole ""thing"" to actually get around to liquidating. i do definitely sleep better knowing i'm the only person who has access to my funds and in that worst case scenario, global meltdown, we only need one bitcoiner to keep his node running and we can send some to the local prepper who is selling beans out of his garage.

so if you've got a hardware wallet sat in your shopping basket (the manufactures website of course) then see this as your sign to buy it, just make sure your keys are somewhere secure because its very easy to go half arsed with it at first but when your bag grows and your security doesnt, you're playing with fire.

i hate to sound old but just be sensible and maybe have a redbull just before unboxing ;).

i was hoping to do a poll but it didnt seem to let me as i was quite interested to se what the results would be. i hope this post was entertaining but if not it just gave me something to do on my saturday afternoon. if anyone has any questions about self custody then please just ask.",btc,en,1.0,1.0,1ms0p5y,Bitcoin,,,,,
2025-08-16 16:32:48+00:00,,reddit,https://www.reddit.com/r/Bitcoin/comments/1ms08y2/if_btc_would_reach_10million_dollar_wouldnt_that/,"if btc would reach 10million dollar, wouldn't that weaken  its ability for accurate pricing in daily life? currently, 1 sat is 0,1 cent. if btc goes to 1 million, 1 sat is exactly 1 cent. but if it reaches 10 million, one sat would be worth 10 cents and it couldn't be split in smaller parts anymore. wouldn't that limit btcs ability to be used for accurate pricing in daily life? a burger couldn't be $5,99 it would either have to be $5,90 or $6,00. 

what solution could be used for that scenario?",btc,en,0.0,36.0,1ms08y2,Bitcoin,,,,,
2025-08-16 15:53:58+00:00,,reddit,https://www.reddit.com/r/Bitcoin/comments/1mrz5u6/my_bags_packed_and_im_off_back_to_fiat_clown_land/,"my bags packed and i’m off back to fiat clown land. i’ve stacked from 2021 to now and i have 1.111btc are my bags packed ? 

have i done alright ? 

i can’t ever see me averaging more than $200 per month into bitcoin now due to my family and lifestyle. 

would 1.1btc be life changing in 10-15 years ? 

do i just have to sit on my ass now and forget about bitcoin surely it can’t be that easy ? 

what are people’s thoughts ? 

thanks.",btc,en,0.0,39.0,1mrz5u6,Bitcoin,,,,,
2025-08-16 15:35:56+00:00,,reddit,https://www.reddit.com/r/Bitcoin/comments/1mrynlg/need_your_thoughts/,"need your thoughts should someone sell a majority of their bitcoin holdings to put 20% down payment on a property to live in, or should they keep their bitcoin and instead rent a place to live?  the rent and mortgage payments would likely be about the same. 

on one hand you get equity in a property on the other, you don’t need to sell a majority of btc. 

can someone convince this hypothetical person to not sell?",btc,en,0.0,24.0,1mrynlg,Bitcoin,,,,,
2025-08-16 15:21:38+00:00,,reddit,https://i.redd.it/m3py6fonfejf1.jpeg,"today, bitcoin has closed above $100k for 100 days in a row, all hail bitcoin 👑",btc,en,2462.0,96.0,1mry9t8,Bitcoin,,,,,
2025-08-16 14:57:24+00:00,,reddit,https://www.reddit.com/r/Bitcoin/comments/1mrxlts/actual_supply/,"actual supply i was wondering, the intended supply of btc is 21 million, vut whats the actual available supply by now given that already huge chunks were send to the void and are (probably) lost forever? is there information out there consolidated into a (rough) estimate?",btc,en,13.0,11.0,1mrxlts,Bitcoin,,,,,
2025-08-16 14:38:43+00:00,,reddit,https://medium.com/@anishnarayan/bitcoin-and-cryptocurrency-in-india-pros-cons-regulations-and-market-reality-8615dde42b28?sk=4afebdfe179cbdbc26abec0a3bddf8f4,"bitcoin and cryptocurrency in india: pros, cons, regulations, and market reality",btc,en,6.0,2.0,1mrx3lp,Bitcoin,,,,,
2025-08-16 14:11:19+00:00,,reddit,https://www.reddit.com/r/Bitcoin/comments/1mrwd7i/trust_wallet/,"trust wallet what’s everyone’s opinion of trust wallet? 
i want to split some smaller btc positions across 2-3 wallets. trust wallet “trust worthy?” as it’s free should i be concerned? 
cheers.",btc,en,4.0,16.0,1mrwd7i,Bitcoin,,,,,
2025-08-16 13:48:57+00:00,,reddit,https://www.reddit.com/r/Bitcoin/comments/1mrvskd/is_no_one_worried_that_401ks_are_going_to_be/,"is no one worried that 401ks are going to be investing in bitcoin and crypto? no one senses 2008? recently saw a lawyer has come forward to say that private equity isn’t the investment it’s made out to be but rather a way to pass on time sensitive debt (from scrapping all businesses assets for a quick profit) to the middle class and leave us holding the bag. 

https://standrewseconomist.com/2025/02/07/could-private-equity-cause-the-next-financial-crisis/
update: this is a new perspective so i don’t think it’s widely being covered. was interested to see if anyone has heard of it.
no one is saying it will be a cookie cutter copy of 2008. i’m saying this is being flagged as the next potential wealth transfer by litigators. it wouldn’t necessarily happen in the same way as the mortgage crisis but it’s the same “bait and switch.”i’m not super knowledgeable but what the lawyer seemed to be saying, was once private equity has 401ks invested in its own asset classes they will exit those positions before the debt on the companies in those assets comes due… which is why you see a lot of platforms pitching private equity as a great investment now and crypto is merely adjacent… however to some people, they may well see crypto as aiding and abetting this since the wealthy just need to bide their time and exit crypto before all of us are wise to.",btc,en,0.0,37.0,1mrvskd,Bitcoin,,,,,
2025-08-16 12:36:49+00:00,,reddit,https://www.reddit.com/r/Bitcoin/comments/1mru1mp/keep_buying_hodl_ignore_clowns_and_noises_stay/,"keep buying. hodl. ignore clowns and noises. stay humble stack sats. these past couple days this sub has full of noises and not so so important discussions.

buy more and more, stay humble, stack sats, so next year or two or five or ten years, you wont regret why you didn't buy more.

don't leverage don't future trades, don't gamble.

zoom out.

if you understand bitcoin, you understand. weak hands always panic everytime either up or down.

pretty sure these are all has been said. just feel like i need to say it again.",btc,en,80.0,8.0,1mru1mp,Bitcoin,,,,,
2025-08-16 10:17:24+00:00,,reddit,https://i.redd.it/qb32dfqdxcjf1.jpeg,bitcoin antalya kemer'de görüldü,btc,en,46.0,2.0,1mrr66x,Bitcoin,,,,,
2025-08-16 10:12:25+00:00,,reddit,https://www.reddit.com/r/Bitcoin/comments/1mrr2sm/studying_blockchain_concepts/,"studying blockchain concepts hello everyone,

i’d like to start learning as much as possible about blockchains—especially the core concepts used in bitcoin, but also in other blockchains. i’m looking for resources that are concise and high-value, rather than overly long literature (e.g., 300 pages to explain something that could be covered in 100).

could you recommend some valuable articles, books, presentations, or videos to get a solid understanding?

i’d really appreciate your suggestions!",btc,en,1.0,2.0,1mrr2sm,Bitcoin,,,,,
2025-08-16 10:06:31+00:00,,reddit,https://i.redd.it/3lcig2sfvcjf1.jpeg,study bitcoin you know your money is fucked when people sell it at a flea market,btc,en,123.0,1.0,1mrqytg,Bitcoin,,,,,
2025-08-16 09:34:01+00:00,,reddit,https://www.reddit.com/r/Bitcoin/comments/1mrqdg8/bitcoin_feels_different_this_cycle_anyone_else/,"bitcoin feels different this cycle, anyone else noticing it? i’ve been around long enough to see bitcoin go through a few wild ups and downs, but something about this cycle feels different.

it’s not just about price action (though watching btc grind back toward new levels is exciting on its own). it’s the way the community around it has matured. you don’t see the same level of blind hype like in 2017 or even 2021. instead, i notice more people talking about *why* they’re holding, how they’re using it, and what role bitcoin actually plays in their long-term plans.

for me, i’ve been stacking slowly, nothing crazy, just consistent dca. what surprises me most is how many of the people i talk to, friends, colleagues, even family, are starting to take bitcoin seriously. not as a quick trade, but as something with actual staying power.

i’m curious though… how’s everyone here approaching btc right now?

* are you stacking aggressively while it’s still “cheap”?
* just holding what you’ve got and waiting it out?
* or are you in the camp that thinks the best entry was years ago and the upside is mostly gone?

would love to hear how the rest of this community is playing bitcoin in the current market.",btc,en,326.0,162.0,1mrqdg8,Bitcoin,,,,,
2025-08-16 08:33:12+00:00,,reddit,https://v.redd.it/51cfkd3secjf1,this is what your portfolio would look like if you had been buying bitcoin for $10 everyday over the past 10 years,btc,en,11.0,8.0,1mrpat3,Bitcoin,,,,,
2025-08-16 07:18:03+00:00,,reddit,https://v.redd.it/68dwdenx0cjf1,"health + wealth: the real bitcoin hodler's secret true wealth starts with your health. 💎💖

in the wild world of bitcoin, we’re all about stacking sats and hodling for the moon. but let’s be real—your bags won’t mean much if you’re not around to enjoy them. health + wealth is the ultimate combo for a happier, freer life. 💸🏋️‍♂️

take care of your body, mind, and spirit so you can keep playing the long game with those precious satoshis. 

what’s your go-to for staying healthy while chasing that bitcoin dream? drop your tips below! 👇",btc,en,9.0,4.0,1mrny80,Bitcoin,,,,,
2025-08-16 07:13:35+00:00,,reddit,https://www.reddit.com/r/Bitcoin/comments/1mrnv92/ask/,ask what's the current situation with bitcoin?,btc,en,0.0,3.0,1mrnv92,Bitcoin,,,,,
2025-08-16 07:02:05+00:00,,reddit,https://i.redd.it/i0r3ucejybjf1.jpeg,bitcoin can do wonders 🔥🚀,btc,en,332.0,8.0,1mrnndi,Bitcoin,,,,,
2025-08-16 06:52:39+00:00,,reddit,https://www.reddit.com/gallery/1mrngrf,"in uk, this is what happens when you try yo buy bitcoin cross posted this on r/monzo but bunch of apologists defending this, this is when i tried to deposit £6.5k to kraken to buy btc.",btc,en,310.0,239.0,1mrngrf,Bitcoin,,,,,
2025-08-16 06:20:05+00:00,,reddit,https://i.redd.it/lhv0jmo1rbjf1.jpeg,bitcoin is now 1.7% of global money,btc,en,1337.0,59.0,1mrmu7p,Bitcoin,,,,,
2025-08-16 06:19:22+00:00,,reddit,https://www.reddit.com/r/Bitcoin/comments/1mrmtof/might_be_a_really_stupid_question_about_ibit/,might be a really stupid question about ibit verse bitcoin i guess i am not following why i would by ibit over bitcoin. the only benefit i can think of is just cheaper entry compared in 120k lol. let me know if you all know something i don't.,btc,en,0.0,17.0,1mrmtof,Bitcoin,,,,,
2025-08-16 06:02:24+00:00,,reddit,https://www.reddit.com/r/Bitcoin/comments/1mrmhpa/daily_discussion_august_16_2025/,"daily discussion, august 16, 2025 please utilize this sticky thread for all general **bitcoin** discussions! if you see posts on the front page or /r/bitcoin/new which are better suited for this daily discussion thread, please help out by directing the op to this thread instead. thank you!

if you don't get an answer to your question, you can try phrasing it differently or commenting again tomorrow.

please check the [previous discussion thread](https://www.reddit.com/r/bitcoin/comments/1mqp9az/daily_discussion_august_15_2025/) for unanswered questions.",btc,en,36.0,18.0,1mrmhpa,Bitcoin,,,,,
2025-08-16 05:31:58+00:00,,reddit,https://i.redd.it/kw4s7hmgibjf1.jpeg,"they just never understand these are my 2 cousins and i always push my family to buy and to understand why btc is so valuable but they just never understand. i’m the youngest at 18 years old, and yes they look at me like an adult, but also look at me like a fool. in 15-20 years from now i hope to be retired off bitcoin, i’m a maxi for sure, but they’re gonna be too late. “…a possibility in the future “. the one who said that is a mechanical engineer, makes boat loads of money and just doesn’t get it.  it can get so frustrating to try and convince them that i’ve given up. i’m glad this community exists, you all are my family.

best of luck hodling and remember, always stack sats.",btc,en,0.0,37.0,1mrlwzk,Bitcoin,,,,,
2025-08-16 05:26:33+00:00,,reddit,https://i.redd.it/yf2in3v7hbjf1.jpeg,hodl so strong even a coma feels bullish they say one year in bitcoin is like seven years in stocks. so my 9-second coma basically lasted an entire crypto cycle.,btc,en,484.0,5.0,1mrltck,Bitcoin,,,,,
2025-08-16 04:53:37+00:00,,reddit,https://www.youtube.com/watch?v=yuuC2DiujO4,"bitcoin most certainly violates mises regression theorem and this fact compels clarification or re‐solution from the mises institute; and an introduction to szabonian deconstruction this essay compares and contrasts different authors from the mises institute alignment to an inquiry into mises own writing in regard to the concept known as mises regression theorem.  it re-visits a question that satoshi responded to about the nature of bitcoin and the possibilities of originations of the moneyness of considered objects:  
  
""the entire purpose of the regression theorem was to help explain an apparent paradox of money: how does money have value as a medium of exchange if it is valued because it serves as a medium of exchange?""  
  
the essay lays weight to the implication that mises’ axioms imply a definition of money that precludes bitcoin.  but the essay doesn’t declare this outright. rather it means to flip the onus of interpretation back to the mises institute and its followers arguing clarifications of seemingly fatal contradictions with the school's axioms versus the existence of bitcoin are necessary.  
  
thus the usefulness of the essay is that it removes the onus from the casual reader and puts it (back) on the authority that has no complexity based excuse for not traversing mises work. this manipulation of the perspective of traversing the historical complexity of mises work with an authority that would otherwise have incentive to bend the truth is a tool i attribute to being a derivation from szabo’s work.  it is a szabonian deconstruction.",btc,en,8.0,40.0,1mrl65c,Bitcoin,,,,,
2025-08-16 03:57:06+00:00,,reddit,https://www.youtube.com/watch?v=j3tK_wpi3BA&ab_channel=WisdomofBitcoin,bitcoin: trust no one - the dogfight for true freedom,btc,en,0.0,0.0,1mrk1ad,Bitcoin,,,,,
2025-08-16 03:54:53+00:00,,reddit,https://www.reddit.com/r/Bitcoin/comments/1mrjzn5/basic_questions_from_a_bitcoin_newbie/,"basic questions from a bitcoin newbie hey everyone,

i'm trying to get a better grasp on bitcoin and would love to hear your thoughts. i've been seeing a lot of posts here from people who are so confident it's going to the moon and that it's just a matter of time before governments worldwide adopt it.

but honestly, from my perspective, i'm just looking at the current world situation where it seems like the global power balance is shifting toward the chinese. what happens if tomorrow they decide to create a digital currency that only they accept? or if major governments start selling their bitcoin holdings? or if a famous, influential person speaks out against it? how does that kind of news actually affect the price?

this leads me to another question: what really drives the price of a currency like this? is it the actual events happening in the world, or is it the emotions—like fear and greed—that those events trigger in people?

i also want to get back to the absolute basics here. how did this ""internet money"" get so powerful in the first place? what is it actually backed by? it seems like a game of russian roulette, but for the last 10 years, it's only ever come up positive. how do you all know that the upward trend will continue? and if more people keep buying, how does that affect the market?

i'll be honest, i know absolutely nothing about finance or investing. the only thing i've heard about that seems promising is bitcoin. so, what kind of control or precautions should i be taking if i decide to invest? i feel like i'm going in blind.

any insights would be awesome. thanks!",btc,en,5.0,22.0,1mrjzn5,Bitcoin,,,,,
2025-08-16 03:15:58+00:00,,reddit,https://www.reddit.com/r/Bitcoin/comments/1mrj6e3/i_just_found_a_coinbase_account_i_forgot_about/,i just found a coinbase account i forgot about for almost ten years. i invested $30 into bitcoin in 2016 and it’s over $4000 now. i wish i had invested more.,btc,en,1776.0,125.0,1mrj6e3,Bitcoin,,,,,
2025-08-16 02:11:30+00:00,,reddit,https://www.reddit.com/r/Bitcoin/comments/1mrhrvn/tools_for_creating_testing_bitcoin_chains/,"tools for creating testing bitcoin chains? quick question - are there any tools besides myownbtc (myownbtc.com) that let you create your own bitcoin chains for testing/mining?

i mean actual separate chains, not regtest. just curious what else is out there.

thanks",btc,en,0.0,2.0,1mrhrvn,Bitcoin,,,,,
2025-08-16 00:05:09+00:00,,reddit,https://www.reddit.com/r/Bitcoin/comments/1mrexl6/new_seeking_assistance/,"new seeking assistance hey guys. just getting into bitcoin- and mistaking was using robin hood. what is the best platform for a newbie to use to buy ?
thank you for any help",btc,en,0.0,4.0,1mrexl6,Bitcoin,,,,,
2025-08-15 23:43:36+00:00,,reddit,https://youtu.be/trCEP-HZUPQ?si=5v92zcJl5u6MzXiE,"mastering bitcoin – chapters 4–5 | asymmetric cryptography, keys & wallets",btc,en,1.0,0.0,1mref62,Bitcoin,,,,,
2025-08-15 23:41:28+00:00,,reddit,https://x.com/8ITCOlN/status/1956501272636309579,video: on this day in 1971 nixon “temporarily” took the us dollar off the gold standard. you were promised gold. you got paper. and that paper has been losing value since. bitcoin fixes this,btc,en,333.0,11.0,1mredaw,Bitcoin,,,,,
2025-08-15 23:19:45+00:00,,reddit,https://v.redd.it/5ospgtz1o9jf1,“there will be bitcoin”,btc,en,39.0,1.0,1mrdu6c,Bitcoin,,,,,
2025-08-15 22:45:43+00:00,,reddit,https://www.reddit.com/r/Bitcoin/comments/1mrcyz0/bitcoin_and_self_custody/,"bitcoin and self custody in order to send to my brother that show interest in bitcoin what is in your opinion the best complete video on youtube that explain in an easy way bitcoin, how to buy it and self custody?

i explain the basics but i dont want him to enter in this world without make his own research and realy know what is doing.",btc,en,2.0,7.0,1mrcyz0,Bitcoin,,,,,
2025-08-15 21:27:05+00:00,,reddit,https://www.reddit.com/r/Bitcoin/comments/1mraxk3/is_relai_really_such_a_reliable_walletapp_to_buy/,is relai really such a reliable wallet/app to buy and store bitcoin? what are the advantages compared to common exchanges?,btc,en,0.0,9.0,1mraxk3,Bitcoin,,,,,
2025-08-15 21:21:47+00:00,,reddit,https://i.redd.it/le7t427v29jf1.jpeg,i built a simple web with a list of bitcoin tools what tool would you add?,btc,en,88.0,18.0,1mrashc,Bitcoin,,,,,
2025-08-15 21:13:44+00:00,,reddit,https://www.reddit.com/r/Bitcoin/comments/1mrakqe/small_timer_but_just_hit_00069btc/,small timer but just hit 0.0069btc i’d like that decimal to be a little further right. i’ll get there!,btc,en,131.0,42.0,1mrakqe,Bitcoin,,,,,
2025-08-15 21:11:43+00:00,,reddit,https://www.reddit.com/r/Bitcoin/comments/1mraitm/bitcoin_fractions_compared_to_real_estate/,"bitcoin fractions compared to real estate fractions so, is bitcoin heading towards a point where people will be comfortable with fractions of bitcoins? is known not everyone can own a whole bitcoin just like not everyone can own 1 whole acre of land.",btc,en,3.0,26.0,1mraitm,Bitcoin,,,,,
2025-08-15 21:08:34+00:00,,reddit,https://i.redd.it/6p41v42m09jf1.jpeg,"it’s so quiet in here, don’t worry bitcoin will fix some financial troubles, hakuna matata",btc,en,52.0,7.0,1mrafnc,Bitcoin,,,,,
2025-08-15 20:19:25+00:00,,reddit,https://zap.stream/naddr1qq9rzde4x5ersv3c8q6qzrnhwden5te0dehhxtnvdakz7q3q7cyatz6z2dzcw6xehtcm9z45m76lde5smxdmyasvs00r4pqv863qxpqqqpmxwmpz8fy,bitcoin educators unconference // vancouver - 2025,btc,en,6.0,0.0,1mr946l,Bitcoin,,,,,
2025-08-15 19:54:42+00:00,,reddit,https://www.reddit.com/gallery/1mr8g2j,your daily bitcoin breakdown newsletter is now live. check out today’s top stories and a sneak peek at the latest quick bits snippets. full issue link is in the comments.,btc,en,32.0,1.0,1mr8g2j,Bitcoin,,,,,
2025-08-15 19:15:29+00:00,,reddit,https://www.reddit.com/r/Bitcoin/comments/1mr7eh8/who_has_less_than_the_stupid_7day_waiting_time/,"who has less than the stupid 7-day waiting time that kraken does? newbie here, did some research and decided kraken would work for me.  was not prepared to have to wait 7 days every time i deposit money to be able to withdraw it.

i've heard paypal works (the first time they make you wait 48 hours, then after that you're good to go), but i'm not a fan, and i've heard their fees are significant.

anywhere else i can buy btc and be able to use it asap?",btc,en,0.0,34.0,1mr7eh8,Bitcoin,,,,,
2025-08-15 18:48:16+00:00,,reddit,https://i.redd.it/s3qi5p0mb8jf1.jpeg,this is why we bitcoin,btc,en,326.0,65.0,1mr6nsy,Bitcoin,,,,,
2025-08-15 17:56:24+00:00,,reddit,https://www.reddit.com/r/Bitcoin/comments/1mr58mz/how_can_i_safely_gift_bitcoin_to_friendsfamily/,"how can i safely gift bitcoin to friends/family who don’t have a wallet yet? hi everyone,

i have a large group of friends and a big family, and i’d love to motivate them to get into bitcoin by gifting them a small amount - for example as a birthday gift, wedding gift, or for any other occasion.

the challenge: many of them don’t have a bitcoin wallet yet. ideally, i’d like to gift them a hardware wallet with the bitcoin already on it.

what’s the safest and most practical way to give bitcoin to someone who has no wallet yet? are there solutions that don’t require them to set one up beforehand?

thanks for your advice!",btc,en,24.0,57.0,1mr58mz,Bitcoin,,,,,
2025-08-15 16:39:42+00:00,,reddit,https://www.reddit.com/r/Bitcoin/comments/1mr33du/without_a_hardware_wallet_which_is_the_most/,"without a hardware wallet, which is the most secure desktop crypto wallet in 2025? hi everyone,

i’m currently exploring desktop wallets for storing my crypto securely, but i don’t have a hardware wallet yet. i understand hardware wallets (like ledger, trezor, etc.) offer the best protection, but for now i’m looking for the most secure software-only desktop wallet i can use in 2025.

here’s what i’m considering so far:

exodus – great ui, multi-asset, but closed-source.

electrum – bitcoin-focused, open-source, trusted for years.

guarda – multi-crypto, staking features.

coinomirk support.


my main priorities:

1. security (open-source, strong encryption, track record)


2. desktop availability (windows, macos, or linux)


3. good community reputation


4. ease of backup & recover 


thank you",btc,en,23.0,63.0,1mr33du,Bitcoin,,,,,
2025-08-15 16:21:32+00:00,,reddit,https://www.reddit.com/r/Bitcoin/comments/1mr2lfo/in_the_last_6_trading_days_alone_etfs_bought/,"in the last 6 trading days alone etf's bought $1,334,000,000 worth of bitcoin  this is after new investors bought $9,000,000,000 worth of btc through galaxy digital 2 weeks ago. the demand is staggering.

ignore the short term price volatility. dca, stack sats, and stay humble.",btc,en,327.0,26.0,1mr2lfo,Bitcoin,,,,,
2025-08-15 15:20:10+00:00,,reddit,https://www.reddit.com/r/Bitcoin/comments/1mr0vux/am_planning_to_invest_long_term_seeking_advice/,"am planning to invest long term; seeking advice i am planning to invest 5-8k in bitcoin and have a few questions. should i be slowly investing this money or going in all at once?
also, would it be smarter to hold off and wait for a dip to invest?

i’m planning to leave this money in for the foreseeable future. any advice is greatly appreciated.",btc,en,6.0,30.0,1mr0vux,Bitcoin,,,,,
2025-08-15 15:06:59+00:00,,reddit,https://www.reddit.com/r/Bitcoin/comments/1mr0iq5/vplace_who_would_be_down_to_put_a_giant_bitcoin/,"[vplace] who would be down to put a giant bitcoin flag on the ecb building? anyone down to put a bitcoin flag on the roof of the ecb building? xd edit: i didn't think i had to say it, but on wplace not real life ..... check the first comment",btc,en,2.0,6.0,1mr0iq5,Bitcoin,,,,,
2025-08-15 14:48:36+00:00,,reddit,https://i.redd.it/gomqk9pu47jf1.png,"here are two reasons to buy btc even when it deeps. store of value: bitcoin's fixed supply of 21 million coins and decentralized nature make it a potential hedge against inflation and currency devaluation, often compared to ""digital gold.""
growing adoption: increasing acceptance by institutions, businesses, and payment platforms, along with rising global interest, could drive demand and long-term value appreciation. always consider risks before investing!",btc,en,0.0,8.0,1mr005h,Bitcoin,,,,,
2025-08-15 14:34:57+00:00,,reddit,https://www.reddit.com/r/Bitcoin/comments/1mqzmjk/interesting_question/,interesting question can the bitcoin network altered that way to take all sats that have not moved/lost access let us say for a 100 years and kind of remined? to make sure almost all sats used in circularion.,btc,en,0.0,22.0,1mqzmjk,Bitcoin,,,,,
2025-08-15 14:26:13+00:00,,reddit,https://i.redd.it/ht158j0t07jf1.png,"think you can beat this bitcoin strategy?  came across an interesting stat on twitter if you’d bought $1,000 worth of bitcoin on the first day of every month since august 2024, you’d be sitting on roughly 30% gains today. no hype chasing, no complex strategies just steady dca.

the real challenge with dca is consistency. it’s surprisingly easy to miss a month, which is why some traders use automated recurring buys to stay on track. 

sometimes the boring, consistent approach quietly wins in the long run.",btc,en,190.0,51.0,1mqzdxv,Bitcoin,,,,,
2025-08-15 14:11:48+00:00,,reddit,https://www.reddit.com/r/Bitcoin/comments/1mqyzx7/game_time_if_you_were_a_banker_how_would_you/,"game time, if you were a banker how would you prepare yourself for possible fiat collapse? am honestly curious, if you were working in a position of some influence in a bank, i.e. fully dialed into the fiat system how would you work to 'shockproof' yourself and your customers from the coming debt reckoning.

i truly believe in the short to medium term there will be some sort of systemic shock, a point when the debt we have collected has come due and becomes untenable to pay it. some institutions and even countries have seen it by buying hard assets like gold, bitcoin and even stakes in companies or land. my question is, if you were a banker how would you see your institution trying to work with it? self custody a butt ton of btc and back accounts with it? buy gold? strategy shares or options?",btc,en,41.0,67.0,1mqyzx7,Bitcoin,,,,,
2025-08-15 14:02:19+00:00,,reddit,https://gizmodo.com/new-bitcoin-purchases-by-the-u-s-government-still-on-the-table-bessent-says-2000643427,"new bitcoin purchases by the u.s. government still on the table, bessent says",btc,en,432.0,47.0,1mqyqqe,Bitcoin,,,,,
2025-08-15 12:29:20+00:00,,reddit,https://v.redd.it/bpo7mo80g6jf1,"i imagine i have 100,000 bitcoins i imagine that i discussed the bitcoin white paper with satoshi nakamoto in 2009. i imagine that i met him at that time and that i have more than 100,000 bitcoins. do you have such a fantasy? if you get 100,000 bitcoins, what would you like to do?",btc,en,0.0,5.0,1mqwent,Bitcoin,,,,,
2025-08-15 11:46:50+00:00,,reddit,https://www.reddit.com/r/Bitcoin/comments/1mqvgb6/dca_and_platform/,"dca and platform hello guys,

  
i just want to share my scenario right now. i am planning to dca and having a budget of $15 per week. so, for example:

btc at 100k (1st week) - i will put $15  
btc at 105k (2nd week) - i will put $10  
btc at 100k (3rd week) - i will put $20  
btc at 103k (4th week) - i will put $15  
total = $60 for a month.

please correct me if i'm wrong. but is this how dca works? and can you give me other approach or style for dca.

lastly, i am here at uae and could you please give me a platform that is good. because i really want to buy some btc.",btc,en,1.0,1.0,1mqvgb6,Bitcoin,,,,,
2025-08-15 11:09:24+00:00,,reddit,https://www.reddit.com/r/Bitcoin/comments/1mquoha/question_about_strike/,"question about strike i've read on here that strike waives their fee for dca. i have direct deposit set up and it looks like i still pay a fee, which reduces after a certain dollar amount.

but it says set a recurring purchase and pay no fees after the first week.

so am i supposed to direct deposit as cash and then set a recurring purchase instead of setting up the direct deposit into btc?",btc,en,3.0,4.0,1mquoha,Bitcoin,,,,,
2025-08-15 10:37:43+00:00,,reddit,https://bitcoinops.org/en/newsletters/2025/08/15/,"bitcoin optech newsletter #367 bitcoin optech newsletter #367 is here:

\- lnd v0.19.3-beta.rc1  
\- bitcoin core 29.1rc1  
\- optech newsletter #367 podcast

bitcoin optech will host an audio recap discussion of this newsletter on riverside.fm tuesday at 16:30 utc. join us to discuss or ask questions!

https://riverside.fm/studio/bitcoin-optech",btc,en,12.0,1.0,1mqu1oo,Bitcoin,,,,,
2025-08-15 10:16:06+00:00,,reddit,https://www.reddit.com/r/Bitcoin/comments/1mqtn4a/google_invests_in_bitcoin_mining_firm_through_37/,"google invests in bitcoin mining firm through $3.7 billion partnership google's recent investment in bitcoin miner terawulf is a strategic move, not a direct bet on bitcoin. as part of a larger $3.7 billion, 10-year deal, google is acquiring an 8% equity stake in the company. this isn't about entering the crypto mining business; it's about securing essential infrastructure for the booming ai sector.

bitcoin miners like terawulf possess the high-performance computing hardware and energy resources that are also critical for training ai models. google's investment, which includes a $1.8 billion financial backstop for a third-party ai hosting agreement, de-risks the deal for terawulf and ensures google gains a significant share of computing power without the massive capital expenditure of building new data centers.

this deal validates the ""bitcoin miner pivot,"" where companies diversify into high-performance computing providers. it signals that tech giants now view bitcoin miners as owners of valuable digital infrastructure assets crucial for the future of ai.

https://preview.redd.it/vo7lek1jq5jf1.png?width=2048&format=png&auto=webp&s=0af30e0d341992bd33f54462efd2a61b764a3cbd",btc,en,193.0,7.0,1mqtn4a,Bitcoin,,,,,
2025-08-15 09:40:12+00:00,,reddit,https://www.reddit.com/r/Bitcoin/comments/1mqszby/btc_portfolio_tracker/,"btc portfolio tracker what app do you use to track your btc portfolio? 

i’m currently using cmc portfolio but would like to try something else, preferably an app that  shows your buys on the bitcoin graph.",btc,en,3.0,11.0,1mqszby,Bitcoin,,,,,
2025-08-15 08:30:35+00:00,,reddit,https://www.reddit.com/r/Bitcoin/comments/1mqrs4s/a_small_bitcoin_casual_browser_game_for_desktop/,"a small bitcoin casual browser game for desktop & mobile made by me as a side weekend project your mission is to fly the spaceship over the live bitcoin chart line, feel free to test it and tell me what you think!

https://preview.redd.it/b23jvpxd95jf1.png?width=1760&format=png&auto=webp&s=75cb57da89060c2576eea81465d2a4105fcf0c36

[https://flythedip.com](https://flythedip.com)",btc,en,18.0,2.0,1mqrs4s,Bitcoin,,,,,
2025-08-15 08:13:16+00:00,,reddit,https://www.reddit.com/r/Bitcoin/comments/1mqrh68/rate_my_self_custody_setup/,"rate my self custody setup 
following my last reddit post and your advice, i’ve changed my approach to self-custody.

check out my new paranoid setup:

i have a hidden bitcoin knots full node (running over tor) on a small home server.

on a bootable usb stick, i use tails os with no data persistence, and sparrow wallet installs automatically at every startup.
this sparrow wallet connects to my node to see and send transactions. it’s a 2-of-3 multisig with three physical hardware wallets.
each seed is engraved on a metal plate, with each one stored in a different location, extremely well hidden. a family member knows the location of one, my wife knows another, and my son knows the last one (and i know all three). they’re fully aware of the absolute necessity of never mentioning them to anyone under any circumstances, and a detailed procedure explaining how to recover the funds will be sent to them upon my death.

to maximize privacy, i have another single-sig hardware wallet that serves as a hot wallet. that’s the one that receives btc purchases from exchanges, and from there i send the funds on-chain to my true cold wallet, using a different public key each time.

do you see any areas for improvement?
thanks, and keep stacking!",btc,en,2.0,18.0,1mqrh68,Bitcoin,,,,,
2025-08-15 07:30:16+00:00,,reddit,https://i.redd.it/shd580fny4jf1.jpeg,"more adoption for bitcoin sovereign mining

harness india’s vast renewable energy to mine bitcoin sustainably.

goal: create a state-level playbook to turn energy into a strategic monetary asset, inspired by bhutan’s model.",btc,en,14.0,6.0,1mqqqbp,Bitcoin,,,,,
2025-08-15 06:40:54+00:00,,reddit,https://www.reddit.com/r/Bitcoin/comments/1mqpvbb/it_seems_like_95_of_this_sub_are_speculators_or/,"it seems like 95% of this sub are speculators or just want to get rich quick. to be transparent i’m new, trying to stack sats just like everyone else, but the amount of daily price action posts and wondering where btc will go just leads me to the conclusion that we are still very early.

from my lense, it doesn’t matter what the daily price action is or what the new ath is - it is so much larger than watching price action. knowing that i am participating in the greatest shift of power and wealth in human history, that we can work together to add value to a society in turn increasing the value of the entire network  gives me immense hope. and it’s not just locally, but globally. the global implications of btc are severely understated. anyway that’s my rant. keep stacking yall!",btc,en,139.0,99.0,1mqpvbb,Bitcoin,,,,,
2025-08-15 06:07:02+00:00,,reddit,https://www.reddit.com/r/Bitcoin/comments/1mqp9az/daily_discussion_august_15_2025/,"daily discussion, august 15, 2025 please utilize this sticky thread for all general **bitcoin** discussions! if you see posts on the front page or /r/bitcoin/new which are better suited for this daily discussion thread, please help out by directing the op to this thread instead. thank you!

if you don't get an answer to your question, you can try phrasing it differently or commenting again tomorrow.

please check the [previous discussion thread](https://www.reddit.com/r/bitcoin/comments/1mptiyb/lightning_thursday_august_14_2025_explore_the/) for unanswered questions.",btc,en,42.0,79.0,1mqp9az,Bitcoin,,,,,
2025-08-15 04:36:03+00:00,,reddit,https://www.reddit.com/r/Bitcoin/comments/1mqnlrr/btc_etf/,"btc etf alright you maniacs, convince me why buying through an etf like ibit is a bad idea. let it rip.",btc,en,0.0,22.0,1mqnlrr,Bitcoin,,,,,
2025-08-15 03:30:47+00:00,,reddit,https://www.reddit.com/r/Bitcoin/comments/1mqmazs/possibly_trying_to_cash_out_on_some_gains/,"possibly trying to cash out on some gains i bought into bitcoin back in the 10k days. unfortunately i tried to time the market, and went from 1.08 coins to .45 coins. regardless my 10k is now worth roughly 50k.

curious if i sell now, i’ve got to pay tax on 40k gain. so for me to get back in with a better price, i’d need it to drop substantially. what are yall doing to pocket some gains?

or are you just letting it ride. 40k isn’t life changing .",btc,en,0.0,25.0,1mqmazs,Bitcoin,,,,,
2025-08-15 03:13:44+00:00,,reddit,https://www.reddit.com/r/Bitcoin/comments/1mqly3t/selling_bitcoin_is_like_selling_your_soul/,"selling bitcoin is like selling your soul……. seen many posts of people selling their bitcoin. bitcoin isn’t just another investment….it’s a scarce digital asset with a fixed supply that no government or entity can inflate. 

historically, anyone who bought and held bitcoin for at least four years has never lost purchasing power. 

its decentralized nature and predictable supply make it a powerful hedge against inflation and currency debasement.

holding bitcoin isn’t about quick flips…it’s about preserving and growing wealth over the long term. 

treat it like your soul and a core asset in your portfolio, a store of value for the digital age.",btc,en,1.0,43.0,1mqly3t,Bitcoin,,,,,
2025-08-15 03:06:10+00:00,,reddit,https://v.redd.it/132w7pajn3jf1,should i publish my bitcoin sentiment website? need opinions on if i should publish my bitcoin sentiment website.,btc,en,30.0,13.0,1mqlsdy,Bitcoin,,,,,
2025-08-15 03:05:56+00:00,,reddit,https://i.redd.it/mcbnueuhn3jf1.jpeg,"ath sell off. miners sell over 2,000 btc, reducing overall miner holdings to 1.8 million btc. no worries (new) guys, just the regular miner sell off. we will be back shortly. stack those sats. stack those bitcoins. you own the hardest asset ever made in the financial world. stay confident, own your keys. 

did i miss something?",btc,en,179.0,39.0,1mqls6w,Bitcoin,,,,,
2025-08-15 03:05:17+00:00,,reddit,https://www.reddit.com/r/Bitcoin/comments/1mqlros/my_view_as_a_person_who_will_never_own_bitcoin/,"my view as a person who will never own bitcoin i understand money, i understand fiat, i understand inflation, i understand bitcoin, i understand history. i do not own bitcoin. i am one of those people you think can't exist. i do own gold. 

i am not jealous. i am not poor. i could own several whole bitcoins. i have no regrets. i do not hate. bitcoin does not need to fail for me to succeed. i do not personally see the value. i do not see it as a solution. i do not see the past gains continuing in the future. i will be impressed if bitcoin survives the upcoming capital rotation event but i will still not own it. i think ""you will own nothing and be happy"" is a direct reference to bitcoin. i like to own real, tangible things. i don't even like fake tits. 

many here are desperate or have a chip on their shoulder. they want to be proven right when others doubted them. they want to tell their boss to f off. they want the easy path to wealth. a lottery ticket. they want to be a part of something on the ground floor that separates them from the others. they want to feel smart.  they hear the bitcoin pizza story and think it will happen again. this includes michael saylor who i feel is reckless at best. this is my view. past performance may not equal future performance. 

yes, i am stubborn. no, i will not argue on the internet. yes, bitcoin can still go up in fiat terms. yes, i do not want to group all bitcoin owners into one category - i hate when people do this for any argument. bitcoin owners are a variety of folks. thanks for listening. weigh and consider if you are open to an alternative view.",btc,en,0.0,68.0,1mqlros,Bitcoin,,,,,
2025-08-15 01:36:30+00:00,,reddit,https://i.redd.it/frjy83hj73jf1.png,"btc futures - what's the different? what's the point of these btc perpetual futures on coinbase? i thought it was supposed to allow you to make amplified returns, but from the screen shot, given the notional, entry and current prices, my pnl would have been the same if i were trading btc directly. what am i missing?",btc,en,13.0,12.0,1mqjuyg,Bitcoin,,,,,
2025-08-15 00:43:48+00:00,,reddit,https://i.redd.it/5bb9mvy4y2jf1.jpeg,"2019 vs 2025 check this out when i first bought bitcoin in 2019 500 bucks got me 13% of a bitcoin,  versus 2025",btc,en,87.0,3.0,1mqiol7,Bitcoin,,,,,
2025-08-15 00:24:31+00:00,,reddit,https://www.reddit.com/r/Bitcoin/comments/1mqi8ya/to_the_moon/,to the moon someone list all the reasons they have for why bitcoin is going to “the moon.” would be great for people to see why we’re all such big believers in one place (coming from someone who has just turned into one),btc,en,7.0,11.0,1mqi8ya,Bitcoin,,,,,
2025-08-14 23:33:41+00:00,,reddit,https://www.reddit.com/r/Bitcoin/comments/1mqh1q8/curious/,curious i’m fairly new to buying bitcoin. known about bitcoin for a little over 3 years but never had extra funds to throw at it & i’ve finally been buying for the last 2-3 months. i’m using cashapp to buy it. any recommendations to something that’s better or is cashapp okay for smaller transactions? i have it set to buy $25 every friday.,btc,en,4.0,7.0,1mqh1q8,Bitcoin,,,,,
2025-08-14 23:30:35+00:00,,reddit,https://www.forbes.com.au/news/investing/bitcoin-poised-for-sharpest-daily-drop-in-months-after-record-breaking-run/,analysis: bitcoin poised for sharpest daily drop in months after record-breaking run,btc,en,0.0,2.0,1mqgz1v,Bitcoin,,,,,
2025-08-14 23:27:31+00:00,,reddit,https://i.redd.it/ambd282jk2jf1.jpeg,strategic bitcoin reserve get ready for the final repricing in uptober.,btc,en,2.0,0.0,1mqgwe8,Bitcoin,,,,,
2025-08-14 23:10:45+00:00,,reddit,https://www.reddit.com/r/Bitcoin/comments/1mqghni/when_newsfeed_scaring_you_to_sell_your_bitcoin/,when newsfeed scaring you to sell your bitcoin you know it’s going to take off soon! no matter what i’m not selling. this crypto has a special place in my the crypto space to be the “gold” standard. to have to be absolute crazy to give even a sats out.,btc,en,62.0,31.0,1mqghni,Bitcoin,,,,,
2025-08-14 22:58:31+00:00,,reddit,https://www.reddit.com/r/Bitcoin/comments/1mqg6pq/bitcoin_falls_on_treasury_not_actively_buying_suss/,"bitcoin falls on treasury not actively buying. suss. not sure why this isnt talked about but the treasury secretary aren't actively buying bitcoin.

i think they'll change their mind in 2 weeks. they're just trying to create volatility.

so i bought 1 more bitcoin. i'll play their game.",btc,en,7.0,6.0,1mqg6pq,Bitcoin,,,,,
2025-08-14 22:49:08+00:00,,reddit,https://www.reddit.com/r/Bitcoin/comments/1mqfyb1/coinbase_europe_and_the_cssf_good_or_bad_for/,"coinbase europe and the cssf - good or bad for bitcoin i just found out that coinbase will start to go though the cssf instead of the euope entity in ireland. i’m curios why this happened. it makes me weary especially since there is the possibility that they would do transactions on my behalf. i am not really buying the aml bit, will probably pull most of my coins off.",btc,en,1.0,1.0,1mqfyb1,Bitcoin,,,,,
2025-08-14 22:03:40+00:00,,reddit,https://www.reddit.com/r/Bitcoin/comments/1mqesv1/10_years_ago_today_bitcoin_was_264_happy/,"10 years ago today bitcoin was $264, happy financial awareness day 🎊 source: coindesk",btc,en,373.0,12.0,1mqesv1,Bitcoin,,,,,
2025-08-14 21:16:45+00:00,,reddit,https://www.youtube.com/watch?v=BZ4IAFg7oDg,"can #bitcoin reshape how we think about parenting, purpose, and play?",btc,en,0.0,1.0,1mqdjo0,Bitcoin,,,,,
2025-08-14 20:59:30+00:00,,reddit,https://www.reddit.com/gallery/1mqd2fg,your daily bitcoin breakdown newsletter is now live. check out today’s top stories and a sneak peek at the latest opinion & analysis pieces. full issue link is in the comments.,btc,en,10.0,2.0,1mqd2fg,Bitcoin,,,,,
2025-08-14 20:40:30+00:00,,reddit,https://www.youtube.com/watch?v=5BuN0zK2Tb4,can bitcoin really fix healthcare too?,btc,en,0.0,2.0,1mqck51,Bitcoin,,,,,
2025-08-14 20:38:47+00:00,,reddit,https://www.reddit.com/r/Bitcoin/comments/1mqcii9/where_to_start_converting_fidelity_investment/,"where to start converting fidelity investment accounts? have been orange pilled and need help. married guy, self-employed with good job.  wife and 2 kids in middle/high school.  have all my investments in fidelity (hsa, roth, taxable).  went ahead and converted the hsa to fbtc.  now want to start to convert the rest.  any advice on how to go about doing this?  like if i sell in the taxable i would incur likely taxable event but i *think* i can sell the roth and repurchase something like ibit or fbtc and not have a taxable event?  help me as i want much greater exposure.  i figure if it works then in x number of years i can retire and if btc doesn’t do what i think it will….i’ll end up working forever which is what would happen if i kept saving in fiat!",btc,en,2.0,3.0,1mqcii9,Bitcoin,,,,,
2025-08-14 20:36:00+00:00,,reddit,https://i.redd.it/fhhhc9dtp1jf1.jpeg,first look at jack dorsey’s new bitcoin mining rig.,btc,en,1272.0,120.0,1mqcfta,Bitcoin,,,,,
2025-08-14 20:34:13+00:00,,reddit,https://www.reddit.com/r/Bitcoin/comments/1mqcdyq/boomers_get_cheap_houses_we_get_cheap_bitcoin_for/,"boomers get cheap houses. we get cheap bitcoin - for now. they built wealth with real estate, we're building ours with digital gold. 

prices might feel high today, but zoom out - this is still early. bitcoin's monetary policy doesn't care about headlines.. it just keeps ticking. 

if you knew what a $30k house in the '70s would be worth today, would you still hesitate?

where do you think bitcoin will be in 10 years - price aside, what role will it play in our lives?",btc,en,455.0,89.0,1mqcdyq,Bitcoin,,,,,
2025-08-14 20:15:02+00:00,,reddit,https://www.reddit.com/r/Bitcoin/comments/1mqbupz/considered_buying_3_btc_in_2020_did_not_hmmm/,"considered buying 3 btc in 2020. did not. hmmm 1 coin would be a down payment on my house, three is my entire mortgage. four would buy me my house cash. 

btc was $10,000 a coin. no clue when/if id have sold by now. just pondering what might have been. i own a little now.",btc,en,0.0,13.0,1mqbupz,Bitcoin,,,,,
2025-08-14 19:37:33+00:00,,reddit,https://www.businesswire.com/news/home/20250814809089/en/Block-Unveils-Proto-Rig-and-Proto-Fleet-Marking-a-New-Era-in-Bitcoin-Mining,"block unveils proto rig and proto fleet, marking a new era in bitcoin mining",btc,en,2.0,3.0,1mqatet,Bitcoin,,,,,
2025-08-14 19:21:41+00:00,,reddit,https://www.reddit.com/r/Bitcoin/comments/1mqadie/how_to_pay_less_on_hospedation_at_bitcoin_asia/,how to pay less on hospedation at bitcoin asia! here's a twitter thread i did talking about the new emerald card from solayer [https://x.com/naoeofeldima/status/1956065410786226306](https://x.com/naoeofeldima/status/1956065410786226306),btc,en,0.0,0.0,1mqadie,Bitcoin,,,,,
2025-08-14 19:05:47+00:00,,reddit,https://www.reddit.com/r/Bitcoin/comments/1mq9xi6/i_am_all_out_i_have_a_question/,"i am all out. i have a question so, i am a huge fan and btc believer.

last year, after a 8-month world trip i had sold all my btc ( i love travelling as much as i love btc) so now i am all out.

i wonder if i should wait to return or dca ( i never dcaed as i but lump sums and let it sit there). or i wait till next year for a potential (?) bear narket?",btc,en,0.0,11.0,1mq9xi6,Bitcoin,,,,,
2025-08-14 18:09:42+00:00,,reddit,https://miningnow.com/asic-miner/proto-mining-rig/,jack dorsey launched new bitcoin miner is it worth it?,btc,en,244.0,27.0,1mq8dir,Bitcoin,,,,,
2025-08-19 00:48:42+00:00,,reddit,https://www.reddit.com/r/BitcoinMarkets/comments/1mu3zrr/any_news_about_balances_on_otc_desks_since_early/,"any news about balances on otc desks (since early august)? for those who might not know, big institutions like strategy and blackrock buy their bitcoin 'over the counter' (otc desks). large trades such as these are not done on exchanges, and hence it doesn't affect the price. for eg, we recently heard about the [$9 billion sale of btc](https://www.cryptoninjas.net/news/galaxy-digital-offloads-9-billion-in-bitcoin-without-triggering-a-crash/) without really moving the price on the exchanges at all. 

experts can correct me if i'm wrong, but my understanding of how this works is as follows: these otc desks connect large whales (buyers and sellers) and execute the trade using the price on the exchanges at the time of the trade. for eg if the price on the exchange is $120k, the otc trade will be carried out at this price without really affecting the price on the exchanges at all. 

now the question is, what happens when the otc supply runs out, i.e. when there are no sellers left (at the current price). the balance on otc desks has dropped sharply, about 75% from over 400,000 coins to just above 150,000 coins. not all the coins on the exchanges are for sale. when the demand outstrips the supply, whales will have to buy on open exchanges. this will create a [supply shock](https://cointelegraph.com/news/bitcoin-demand-shock-uncork-btc-price-otc-desks-run-dry) (what everyone has been talking about for years). 

what will a supply shock look like? well, there will be sudden increases in price, and with every new high (125k, 130k... 200k) we'll continue to see more and more sellers. the supply will never be zero, but the point is - the demand will be much much higher. 

i'm curious to know if anyone here has done more research on this, and can add or correct anything that i've written. i believe any further insight will benefit the community.",btc,en,16.0,9.0,1mu3zrr,BitcoinMarkets,,,,,
2025-08-18 11:31:36+00:00,,reddit,https://www.reddit.com/r/BitcoinMarkets/comments/1mtjf9b/week_33_bitcoin_treasury_strategy_updates/,"week 33 - bitcoin treasury strategy updates 🚨 week 33 - bitcoin treasury strategy updates 🚨

📅 aug 11-17 saw **62 announcements - ~3.9k btc**

- **2 new treasuries**, including a cigarette company
- **10 future treasuries** announcements, **~$105m** worth
- **29 companies** added **3,859.5 btc**
- **12 plans** to buy more btc, **$219m+** raised
- **10 additional** treasury-related disclosures

## new treasuries

- 🇺🇸 liveone started with a ""multimillion-dollar position"" in btc (**17-80 btc**)
- 🇨🇦 harrys, a cigarette company, started with **0.15 btc**

## future new treasuries

- 🇲🇾 vci global limited to raise up to $51m, **$20 million** to be used to buy btc
- 🇭🇰 top win international raised **$10 million** to buy btc
- 🇮🇱 jeffs' brands raised **$4.5 million** out of $90m private placements ($75m to be used for crypto)
- 🇭🇰 mango financial launches digital currency strategy, initially focused on btc - to be merged by cayson
- 🇬🇧 amazing ai aims to be able to initiate bitcoin purchases before the end of august 2025
- 🇺🇸 lixte biotechnology holdings allow up to 25% allocation to bitcoin and other crypto
- 🇭🇰 707 cayman signs mou to build crypto treasury reserve
- 🇺🇸 two hands corporation launched its digital asset treasury and trading desk
- 🇺🇸 farmhouse, inc. management is evaluating potential btc treasury
- 🇺🇸 igc pharma, inc evaluating bitcoin treasury strategy

## purchases/added

- 🇺🇸 american bitcoin added **1,726 btc** (1,941 btc)
- 🇯🇵 metaplanet added **518 btc** (18,113 btc)
- 🇬🇧 the smarter web company added **295 btc** (2,395 btc)
- 🇨🇦 bitfarms added **236 btc** (1,402 btc - q2)1
- 🇺🇸 strategy added **155 btc** (628,956 btc)
- 🇨🇳 cango added **143.5 btc** (4,822.3 btc)
- 🇫🇷 capital b added **126 btc** (2,201 btc)
- 🇺🇸 ddc enterprise added **120 btc** (488 btc)
- 🇨🇳 linekong interactive group added **91.17 btc** (193.08 btc)
- 🇯🇵 anap added **86.6 btc** (1,000 btc)
- 🇯🇵 remixpoint added **63.32 btc** (1,231.6 btc)
- 🇰🇷 bitmax added **51.11 btc** (551.23 btc)
- 🇺🇸 empery digital added **50.9 btc** (4,051.9 btc)
- 🇸🇬 bitdeer technologies group added **46.1 btc** (1,764.2 btc)
- 🇸🇪 h100 group added **45.8 btc** (809.1 btc)
- 🇸🇪 b treasury capital added **21 btc** (187 btc)
- 🇺🇸 digi power x added **19 btc** (80 btc)
- 🇬🇧 vaultz capital added **17.15 btc** (135 btc)
- 🇫🇷 sequans added **13 btc** (3,171 btc)
- 🇪🇸 vanadi coffee added **10 btc** (95 btc)
- 🇺🇸 investview added **5.67 btc** (25.97 btc - q2)
- 🇨🇦 matador added **5 btc** (77.4 btc)
- 🇺🇸 onemednet added **5 btc** (15 btc - q2)
- 🇨🇦 agriforce added **3.47 btc** (6.8 btc - q2)
- 🇸🇪 fragbite group added **2.5 btc** (9.5 btc)
- 🇯🇵 kitabo co added **1.66 btc** (3.32 btc)
- 🇫🇷 boostheat added **1 btc** (3.45 btc)
- 🇯🇵 agile media network added **0.55 btc** (3.53 btc)
- 🇨🇦 canurta added **0.06 btc** (1.62 btc - private)

## future purchases

- 🇺🇸 kindlymd closes **$200 million** convertible note offering
- 🇬🇧 the smarter web company raised £7.6m (**$10.3 million**)
- 🇸🇪 b treasury capital to have up to 4\*21 = **84 btc** in additional convertible loans
- 🇸🇪 h100 group ab raised sek 65.3 million (**$6.8 million**)
- 🇸🇪 goobit group raised sek 5 million (**$0.5 million**) through convertible loan in btc and 12.8m sek (**$1.34 million**) via first-round share allocation
- 🇳🇴 norwegian block exchange raises 10.2m nok (**$1 million**) via 4th put option 
- 🇸🇪 b treasury capital raised 4m sek (**$420k**)
- 🇨🇦 digital commodities to purchase c$50k (**$36k**) more btc
- 🇫🇷 sequans announces targets 100,000 btc by 2030
- 🇸🇪 goobit group's btcx targets 210 btc
- 🇬🇧 evergive targets $13m bitcoin reserve
- 🇸🇪 fragbite group targets 100 btc by the end of 2025

## additional announcements

- 🇺🇸 strategy announces legal name change from microstrategy incorporated to strategy inc
- 🇨🇦 belgravia hartford appoints tim kotzman as strategic advisor
- 🇸🇪 h100 group ab appoints brian brookshire as head of bitcoin strategy
- 🇨🇦 belgravia hartford begins trading on the 🇺🇸 otcqb market: $blgvf
- 🇧🇷 méliuz begins trading on the 🇺🇸 otcqb market: $mlizy
- 🇺🇸 aditxt's bitxbio will have crypto.com as the custodian
- 🇬🇧 vaultz capital plc appoints aleksander nowak as chief operating officer (coo) and adam vaziri to bitcoin advisory board
- 🇬🇧 satsuma appoints jonathan jachym to the board
- 🇺🇸 know labs renamed to 🇺🇸 usbc
- 🇸🇬 genius group seeks dual listing in asia",btc,en,28.0,3.0,1mtjf9b,BitcoinMarkets,,,,,
2025-08-24 17:35:51+00:00,,reddit,https://cointelegraph.com/news/saylor-third-strategy-bitcoin-buy-august,saylor signals third consecutive strategy bitcoin buy in august,btc,en,0.0,0.0,1mz1yyr,CryptoCurrency,,,,,
2025-08-24 17:35:40+00:00,,reddit,https://www.reddit.com/r/CryptoCurrency/comments/1mz1ys9/when_political_figures_turn_their_influence_into/,"when political figures turn their influence into a memecoin… i was wondering if we might be witnessing a new phase in memecoin culture.

at the beginning, dogecoin was just a joke, shiba a community, pepe an internet meme. today, we’re seeing entire political families turning their image into crypto projects.

it’s both fascinating and worrying:

fascinating, because it shows how deeply crypto has entered the public imagination, to the point where politics is now using it as a communication tool.

worrying, because many people may invest out of loyalty or ideology rather than real analysis.


i want to particularly mention the world liberty financial (wlfi) project. apparently, there’s a group tied to trump that first entered crypto by investing in bitcoin, ethereum, and others, and now they’re pushing their own token. trump already had a “memecoin” with his name, his wife also launched one under her name, and now they’re going further with wlfi.
what struck me is the speed: some exchanges already launched it in pre-market, and even in futures (bitget, for instance). it’s no longer just about “listing,” it jumps straight to derivatives.

and it makes me wonder: maybe crypto will never grow beyond influence — whether it’s political figures, celebrities, or ct influencers. influence itself is becoming the raw material of new tokens.

i don’t know if i’m wrong here, but does anyone else see, like me, a dangerous drift that mixes politics too much with decentralized finance?",btc,en,1.0,0.0,1mz1ys9,CryptoCurrency,,,,,
2025-08-24 16:30:14+00:00,,reddit,https://www.reddit.com/r/CryptoCurrency/comments/1mz07u4/do_you_believe_eth_market_cap_will_ever_eclipse/,"do you believe eth market cap will ever eclipse btc market cap? this came very close to happening back in 2017, as we all probably remember, and since then the general perception has been that the likelihood of it actually materializing was negligible. recently, though, the conversation seems to have resurfaced, and i’m curious if you think the probability has meaningfully shifted over the past few weeks? how do you personally view the chances of this scenario ever playing out? and if it did, what kind of long-term consequences would it have for bitcoin’s role as the (as of now) undisputed king and benchmark of the crypto market?",btc,en,8.0,66.0,1mz07u4,CryptoCurrency,,,,,
2025-08-24 16:21:56+00:00,,reddit,https://forklog.com/en/south-korean-accused-of-laundering-50-million-by-converting-bitcoin-to-gold/,south korean accused of laundering $50 million by converting bitcoin to gold,btc,en,8.0,4.0,1myzzyy,CryptoCurrency,,,,,
2025-08-24 14:07:02+00:00,,reddit,https://cryptoslate.com/the-latest-data-from-bitcoin-is-dead-dropped-this-week-bitcoin-has-died-no-less-than-431-times/,the latest data from bitcoin is dead dropped this week: bitcoin has ‘died’ no less than 431 times,btc,en,19.0,3.0,1mywibj,CryptoCurrency,,,,,
2025-08-24 09:06:51+00:00,,reddit,https://www.reddit.com/r/CryptoCurrency/comments/1myqrnl/how_did_you_learn_how_to_manage_your_crypto/,"how did you learn how to manage your crypto ? hello, i am new to crypto and i invested on safe coins like btc and eth. though i would like to know for the risk-takers : how did you learn how to really manage your investments ? to know all the tools, understand the graphs, when you can buy, when you can sell ? how do you tell that a new / outsider coin has potential, will / will not work and make profits ?  
also i am trading on kraken pro, and have dust on binance pro and revolut x. which one is the best in your opinion ? should i invest on multiple platforms or just one ? is the dust important or should i just leave it ? i want to avoid spread and big fees since i am investing small amounts (like 2-3 figures max) and it already makes huge losses at the time of purchase.
thanks for your help ! 😁",btc,en,3.0,39.0,1myqrnl,CryptoCurrency,,,,,
2025-08-24 08:58:51+00:00,,reddit,https://cryptopotato.com/2-8m-bitcoin-gone-after-uk-police-officer-impersonation-scam/,$2.8m bitcoin gone after uk police officer impersonation scam,btc,en,1.0,6.0,1myqmzc,CryptoCurrency,,,,,
2025-08-24 02:19:44+00:00,,reddit,https://www.reddit.com/r/CryptoCurrency/comments/1myjuv7/cryptocurrency_and_inflation/,"cryptocurrency and inflation hello! i was just thinking about the economic impacts of crypto on the larger and tangible market. as crypto grows and gains more mainstream traction, including as an easily-changeable currency for irl purchases and physical, state-backed currencies, how will the ever-growing value of these metaphysical currencies impact inflation? i know that currently, cryptocurrencies are still a relatively-new concept to the general public (i am aware that these currencies have existed much longer than the current societal gaze cast itself upon them), however, they are evermore present in day-to-day conversations and transactions; bitcoin atms are commonplace, even in minor cities across the united states. since i have yet to find any hard data on the potential impact of these currencies on both national and global markets and inflation. does anyone happen to have any data or perspective on these potential effects? i find the rapidly-growing influence and recognition of these metaphysical currencies to be rather interesting, especially at a time of economic instability and uncertainty.",btc,en,0.0,1.0,1myjuv7,CryptoCurrency,,,,,
2025-08-24 02:16:29+00:00,,reddit,https://www.marketwatch.com/story/heres-the-secret-powell-trump-and-bessent-arent-telling-us-about-gold-and-bitcoin-762e33f6,"america’s hidden $863b gold stash potentially to be used to fund a bitcoin reserve the article discusses a potential gold price revaluation that could be used to fund president trump's bitcoin ambitions. the author suggests that the us government is hiding the true value of gold, which is estimated to be $863 billion, and is instead using a book value of $11 billion. this discrepancy could be used to fund a us sovereign wealth fund and a strategic bitcoin reserve. the article also touches on the potential consequences of a gold price revaluation, including a spike in interest rates and a decrease in the value of the us dollar. the author argues that the us government is hiding the true value of gold to avoid admitting that the us dollar has lost 98.7% of its value against gold since the bretton woods agreement was abandoned.

**key points:**

* the us government is hiding the true value of gold, estimated to be $863 billion, and is instead using a book value of $11 billion.
* the discrepancy between the true value of gold and the book value could be used to fund a us sovereign wealth fund and a strategic bitcoin reserve.
* a gold price revaluation could lead to a spike in interest rates and a decrease in the value of the us dollar.
* the us government is hiding the true value of gold to avoid admitting that the us dollar has lost 98.7% of its value against gold since the bretton woods agreement was abandoned.",btc,en,114.0,42.0,1myjsml,CryptoCurrency,,,,,
2025-08-23 21:28:38+00:00,,reddit,https://cointelegraph.com/news/btc-1-7-global-money-fed-chair-signals-rate-cut,btc climbed to 1.7% of global money before fed chair signaled rate cut,btc,en,80.0,39.0,1mydld1,CryptoCurrency,,,,,
2025-08-23 20:16:28+00:00,,reddit,https://www.reddit.com/r/CryptoCurrency/comments/1mybtqg/we_failed/,"we failed the intense focus on cryptocurrency as a path to financial freedom is fading and disappointing.

bitcoin was intended to give the world freedom, and people began using it. 

despite clear regulations emerging, bitcoin struggles to stay on this path.

i know most bitcoin maxi here believe no other cryptocurrency can follow this path and that if bitcoin failed then there will be no new project 


we need prioritize p2p ecash , privacy, decentralization, and utility over pumps

bitcoin didn't fail, we did, by losing sight of why it mattered",btc,en,0.0,20.0,1mybtqg,CryptoCurrency,,,,,
2025-08-23 19:24:39+00:00,,reddit,https://dailyhodl.com/2025/08/23/bitcoin-whale-abruptly-wakes-up-after-lying-low-for-seven-years-gobbles-up-ethereum-after-dumping-337000000-in-btc-on-chain-data/,"bitcoin whale abruptly wakes up after lying low for seven years, gobbles up ethereum after dumping $337,000,000 in btc",btc,en,950.0,97.0,1myais4,CryptoCurrency,,,,,
2025-08-23 19:01:28+00:00,,reddit,https://beincrypto.com/bitcoin-whale-ethereum-bet-100-million-profit/,how a bitcoin whale’s ethereum bet paid off with $100 million,btc,en,75.0,19.0,1my9xry,CryptoCurrency,,,,,
2025-08-23 18:14:14+00:00,,reddit,https://www.reddit.com/r/CryptoCurrency/comments/1my8q8g/three_groups_of_altcoins/,"three groups of altcoins. 1. instruments that supported the trend along with btc throughout the trend since 2023. for example: sol, xrp, etc.

2. instruments that did not update the minimums of previous years. for example: avax, doge, etc.

3. instruments that updated the minimums of previous years.

it is necessary to understand what potential all these instruments have. the first group has limited potential. the second group has more potential in % than the first, and the third, in theory, has more than all the previous ones, but it all depends on whether the influx of liquidity into these instruments will come at the end of the cycle, because there is no money, no growth, purchases are needed and interest in these instruments, but for now the influx is possible in what in practice shows priority over these years.

at the same time, most likely, growth is possible in turn after eth.d begins to decline. almost 8% of the inflow from btc.d came from eth. everything also depends on btc.d and eth.d: if btc.d reaches 55% during september, and eth.d returns to 10%, then there will be a good chance of a pump on the altcoin. but if it drops below 55%, we will be very lucky.",btc,en,0.0,6.0,1my8q8g,CryptoCurrency,,,,,
2025-08-23 16:26:18+00:00,,reddit,https://www.coindesk.com/tech/2025/08/23/bitcoin-liquid-staking-gains-momentum-as-lombard-launches-bard-token-and-foundation,bitcoin liquid staking gains momentum as lombard launches bard token and foundation,btc,en,1.0,0.0,1my5wi8,CryptoCurrency,,,,,
2025-08-23 15:52:12+00:00,,reddit,https://www.reddit.com/r/CryptoCurrency/comments/1my50w5/help_a_beginner_with_suggestions/,"help a beginner with suggestions i know i'm late to the crypto party, but i want to start from now. as a beginner i want to know which coins are most likely to maximize profits within couple of months (eg: 3-4 months) among btc, eth, sol ? considering i have a small amount of 100$ to invest for now. i have seen some stats in these 3 coins, and found out eth have increased almost 31% within last month. and sol have increased only 8% but some research/theories say sol most likely to beat eth in future. 
also is btc worth buying with this low budget ?",btc,en,0.0,19.0,1my50w5,CryptoCurrency,,,,,
2025-08-23 14:14:15+00:00,,reddit,https://www.reddit.com/r/CryptoCurrency/comments/1my2kkj/no_coin_cost_basis_for_taxes/,"no coin cost basis for taxes. i have seen this is pretty common that coinbase tax form can’t give a correct cost basis or give one at all.  i have traded on coinbase pro/gdax and stored in cold storage so my tax form doesn’t show a cost basis. 
my accountant first used 0$ cost so i am paying taxes on 100% of my trade (which was not even profit taking (just eth to btc) i now need to correct this with a manually calculated cost basis. 

question is if they can’t see the cost basis how can the tax man? maybe i suck at trading and this coin cost basis is near current value? what is the risk of this?",btc,en,1.0,35.0,1my2kkj,CryptoCurrency,,,,,
2025-08-23 11:44:51+00:00,,reddit,https://www.cointribune.com/en/bitcoin-the-fear-greed-index-climbs-10-points-in-24h/,bitcoin: the fear & greed index climbs 10 points in 24h,btc,en,23.0,9.0,1mxz9v1,CryptoCurrency,,,,,
2025-08-23 11:17:20+00:00,,reddit,https://news.bitcoin.com/new-bitcoin-bill-in-philippines-proposes-buying-10k-btc-for-national-reserves/,new bitcoin bill in philippines proposes buying 10k btc for national reserves,btc,en,239.0,19.0,1mxyrmw,CryptoCurrency,,,,,
2025-08-23 08:33:54+00:00,,reddit,https://coinfomania.com/powell-sparks-bitcoin-futures-surge-with-300-million-inflow/,powell sparks bitcoin futures surge with $300 million inflow,btc,en,33.0,2.0,1mxw29k,CryptoCurrency,,,,,
2025-08-23 05:13:39+00:00,,reddit,https://cointelegraph.com/news/bitcoin-price-breakout-to-dollar117k-liquidates-bears-opening-door-to-fresh-all-time-highs,"bitcoin price breakout to $117k liquidates bears, opening door to fresh all-time highs",btc,en,56.0,14.0,1mxsryv,CryptoCurrency,,,,,
2025-08-23 01:35:43+00:00,,reddit,https://www.reddit.com/r/CryptoCurrency/comments/1mxoms9/privacy_coins_are_the_most_interesting_asset_for/,"privacy coins are the most interesting asset for the next 6 months i've been thinking a lot about this

\#1 - crypto is not ***fungible*** \- governments are already primed to create a scoring system for crypto. monero heads have been yelling about this for ages & they are right.  [https://x.com/bowtiedmara/status/1956142553226477768](https://x.com/bowtiedmara/status/1956142553226477768)

\#2 - institutionalists market crypto as easier to track than money. [https://x.com/afterearnings/status/1959003072069607701](https://x.com/afterearnings/status/1959003072069607701)

the people with on chain wealth like the guy who market sold 8 billion in bitcoin recently don't like crypto being co-opted by existing systems of power.

they will look for solutions to protect their wealth. they had the conviction to buy into bitcoin when everyone said it would fail.

\#3 - as wealth moves on chain there are an ***unlimited*** number of memecoins and vc infrastructure dumpfests to dillute the wealth affect of those markets. you can't buy 10 years of fair coin distribution from a vc.

\#4 - zcash probably has the most bullish chart of all time when it comes to shielded coins. this means 3.7 million of existing holder coins live in pools that aren't going to exchanges. it is growing while not being supported by ledger.

this is a huge amount of community buy in - events like this show the underlying demand before price appreciation. [https://x.com/zbitusd/status/1958889737529565391](https://x.com/zbitusd/status/1958889737529565391)

\#5 - privacy coins are drastically under represented in the market. zcash pumped by 20%+ from a gainzy shill. monero and zcash together are less then uniswap, polkadot or avax.

\#6 - zcash has major tech coming online with tachyon - the most serious scaling project since solana. and is connecting to the rest of crypto on chain to bring privacy to cross chain swaps. it has invented the privacy tech the rest of the crypto ecosystem uses and sean bowe is probably the greatest cryptographer of our time.

\#7 - monero suffers from sub par tech - but still has seen appreciation in the middle of an altcoin bear market and being delisted from most major exchanges. they have proven that the value prop of private money can't be destroyed with centralized censorship.",btc,en,49.0,49.0,1mxoms9,CryptoCurrency,,,,,
2025-08-23 00:58:07+00:00,,reddit,https://www.reddit.com/r/CryptoCurrency/comments/1mxnuu0/help_getting_my_crypto_stuck_on_mercatox/,"help getting my crypto stuck on mercatox i had some bitcoin on my mercatox account. mercatox since shut down and gave a deadline of may 1st i beleive to send them an email and have funds given back.   
  
i sent them an email in april, provided all requested identification, and the address to send it to. they ghosted me. i then sent another email threatening to report them, they responded fast asking for my btc address again, i gave it to them, then they ghosted me. i then sent them another email threatening legal action if they didn't send me my funds.   
  
i am confused on how to proceed. what can i do to get their attention and get my money back?",btc,en,4.0,6.0,1mxnuu0,CryptoCurrency,,,,,
2025-08-23 00:13:23+00:00,,reddit,https://www.reddit.com/r/CryptoCurrency/comments/1mxmwd7/exchanges_to_buy_and_transfer_to_hard_wallet_no/,"exchanges to buy and transfer to hard wallet (no trading) i was dca with kraken, but they just closed my account for no reason. all i do is buy bitcoin with my paycheck and immediately transfer it to my wallet. they held my funds ransom for 1 week. 

what exchange can i use in usa (exc binance because not in my state) that i can put my paycheck in it and immediately withdraw and not have to deal with security concerns. i have paystubs, address verification, id, and kraken still banned me. 

i don’t want this problem to arise again. please suggest me some. my trade volume isn’t even high like 1.5-2k/ month all once and then transfer it out.",btc,en,0.0,3.0,1mxmwd7,CryptoCurrency,,,,,
2025-08-22 21:46:25+00:00,,reddit,https://x.com/altcoindaily/status/1958964227022176589?s=46,tom lee says the market cap of eth will be higher than btc in the future,btc,en,144.0,92.0,1mxjgj3,CryptoCurrency,,,,,
2025-08-22 20:32:00+00:00,,reddit,https://www.reddit.com/r/CryptoCurrency/comments/1mxhlci/oh_my_spammy_blockchain/,"oh my spammy blockchain !! guess what , it's not monero vs btc security 


btc , you need to fix yourself 


against a coin ranked 200-300

grok just compared  (xno) and (btc) security models. breakdown:

- consensus security: btc 18/20, nano 17/20  
- decentralization: btc 14/20, nano 16/20  
- attack resistance: btc 17/20, nano 18/20  
- sustainability: btc 12/20, nano 19/20  
- historical resilience: btc 19/20, nano 15/20  


overall ratings and winner

bitcoin (btc): 78/100

nano (xno): 89/100



but btc's battle-tested. thoughts?

full link with details:
 https://x.com/i/grok/share/ispix4mvu7d8qqkwavp3kqiq8

https://x.com/i/grok/share/w8qzi9tszgteqbv7ijqocikqd",btc,en,0.0,5.0,1mxhlci,CryptoCurrency,,,,,
2025-08-22 17:29:55+00:00,,reddit,https://finbold.com/blackrock-just-became-the-worlds-biggest-known-bitcoin-holder/,blackrock just became the world’s biggest known bitcoin holder,btc,en,884.0,163.0,1mxctoi,CryptoCurrency,,,,,
2025-08-22 16:53:12+00:00,,reddit,https://i.redd.it/3pq7fguppekf1.jpeg,proof that bitcoin doesn’t wait for permission.,btc,en,476.0,37.0,1mxbuud,CryptoCurrency,,,,,
2025-08-22 16:00:56+00:00,,reddit,https://www.reddit.com/r/CryptoCurrency/comments/1mxagm5/throwback_to_when_this_person_sold_a_porsche/,"throwback to when this person sold a porsche cayman for 300 bitcoins in 2013, a texas family made headlines for selling what was likely the world’s most expensive porsche cayman—trading it for a staggering 300 bitcoin. back then, the deal seemed wild, but looking at today’s bitcoin value, that cayman might go down as one of the priciest porsche transactions ever. it makes you wonder, did the family hold onto those coins, or did they cash out early and miss what could have been a fortune? 

https://www.businessinsider.com/texas-family-we-sold-this-porsche-last-night-for-300-bitcoins-2013-4",btc,en,32.0,30.0,1mxagm5,CryptoCurrency,,,,,
2025-08-22 14:08:39+00:00,,reddit,https://www.reddit.com/r/CryptoCurrency/comments/1mx7j8x/is_now_a_smart_time_to_borrow_against_crypto/,"is now a smart time to borrow against crypto? hey all,  
i was reading through galaxy digital’s latest report and noticed some wild numbers:

* tether’s sitting on around $10b in loans
* nеxо has nearly $2b
* galaxy itself is around $1b
* and defi lending? over $25b

it got me thinking, is now actually a good time to borrow against crypto?  
i’m still really bullish long-term. i believe we’ve got more room to run, especially with btc and eth. but the issue is, i don’t have any extra fiat to deploy right now for dca.  
so i’ve been wondering this:  


* is borrowing a smart move here?
* have any of you used lending platforms like nеxо, aave, etc. to increase exposure without selling?
* are there creative strategies that worked well in past cycles?
* or is it safer to just sit tight and let the current stack ride?

would really appreciate hearing from folks who’ve lived through a few bull and bear markets. i'm trying to play this smart without overextending.  
thanks in advance!",btc,en,0.0,24.0,1mx7j8x,CryptoCurrency,,,,,
2025-08-22 12:55:07+00:00,,reddit,https://cryptobriefing.com/philippines-bitcoin-reserve-legislation/,philippines considers establishing a national bitcoin reserve,btc,en,30.0,4.0,1mx5qth,CryptoCurrency,,,,,
2025-08-22 12:46:05+00:00,,reddit,https://coinmarketcap.com/academy/article/bitcoin-falls-below-dollar112k-as-fed-official-opposes-rate-cuts,bitcoin falls below $112k as fed official opposes rate cuts,btc,en,96.0,69.0,1mx5jb9,CryptoCurrency,,,,,
2025-08-22 12:25:40+00:00,,reddit,https://www.reddit.com/r/CryptoCurrency/comments/1mx52zv/what_do_you_think_about_cloud_mining_platforms/,"what do you think about cloud mining platforms? i've seen a lot of discussions about how difficult home mining has become, electricity is expensive, hardware breaks down, and roi is harder to achieve. i completely agree with that.

out of curiosity, i recently started testing a cloud mining platform called hashmole, where you basically pay for their hardware and they handle the maintenance, electricity, and technical side. in theory, you get daily payouts straight to your wallet.

from my experience so far, the process was pretty straightforward, but i'm curious if others here have tried similar services. how does it compare to traditional mining in your opinion? do you see these platforms as a real alternative, or is it still smarter to just invest directly in btc?",btc,en,1.0,14.0,1mx52zv,CryptoCurrency,,,,,
2025-08-22 12:06:43+00:00,,reddit,https://www.coindesk.com/markets/2025/08/22/bitcoin-s-jackson-hole-test-how-hard-could-powell-s-address-hit-btc-prices,bitcoin's jackson hole test: how hard could powell's address hit btc prices?,btc,en,22.0,9.0,1mx4o9m,CryptoCurrency,,,,,
2025-08-22 10:33:56+00:00,,reddit,https://www.reddit.com/r/CryptoCurrency/comments/1mx2wit/new_investor_is_this_correct/,"new investor - is this correct? i own eth (passively invested over maybe 2 years) and btc. each month i put in money and that’s it. buy and hold.

advice needed is…..seems like every day i hear of some hacking incident or loss of some kind. for over a year my holdings just sat on coinbase. i didn’t even know what a cold wallet was. i recently bought the trezor safe 5 and transferred everything to it.

now each month, i make a buy and transfer it. my seed phrase is locked away securely and is not on any digital platform.

is there anything else i should do? is this acceptable?",btc,en,14.0,32.0,1mx2wit,CryptoCurrency,,,,,
2025-08-22 08:30:40+00:00,,reddit,https://cryptoslate.com/allianz-endorses-bitcoin-as-a-credible-store-of-value-shifting-from-2019-anti-crypto-stance/,"allianz endorses bitcoin as a ‘credible store of value,’ shifting from 2019 anti-crypto stance",btc,en,30.0,9.0,1mx0x4x,CryptoCurrency,,,,,
2025-08-22 08:05:02+00:00,,reddit,https://crypto.news/bitcoin-price-dips-retail-dumps-btc-whales-buy-2025/,"bitcoin price dips to $112k as retail dumps, whales buy more",btc,en,75.0,11.0,1mx0j13,CryptoCurrency,,,,,
2025-08-22 06:39:16+00:00,,reddit,https://www.reddit.com/gallery/1mwz76r,"can someone explain why the exchange rate is 567.86 when the current market is 561.72 ? i understand the transaction fee but not the higher purchasing price for the coin itself ?? i'm new i'm very new and i just want to understand why this happens and what the difference between the echange rate and ""price"" are. i was trying to purchase 1 full ""coin"" of the bitcoin cash currency and i noticed it was only going to be 0.98820255% of a full coin. that's the only reason i noticed. is this common for real crypto exchanges or just a venmo thing?

also i know venmo isn't literally a crypto wallet so if you have any suggestions for a better platform to purchase on for a beginner lmk.

i haven't tried selling any of my gains yet because they want me to verify tax information now. would've been nice to know that beforehand. like why would they allow me to buy crypto unimpeded but then when you try to sell the suddenly want all your info. i don't like the sketchy misdirect.",btc,en,0.0,36.0,1mwz76r,CryptoCurrency,,,,,
2025-08-22 05:36:04+00:00,,reddit,https://news.bitcoin.com/bitcoin-bulls-flood-x-with-bold-forecasts-150k-bitcoin-this-year/,bitcoin bulls flood x with bold forecasts: $150k bitcoin ‘this year’,btc,en,19.0,10.0,1mwy5gk,CryptoCurrency,,,,,
2025-08-22 04:48:21+00:00,,reddit,https://cryptoslate.com/coinbases-brian-armstrong-envisions-1-million-bitcoin-by-2030/,coinbase’s brian armstrong envisions $1 million bitcoin by 2030,btc,en,36.0,16.0,1mwxb77,CryptoCurrency,,,,,
2025-08-22 02:51:39+00:00,,reddit,https://www.reddit.com/r/CryptoCurrency/comments/1mwv2rd/altcoin_season_2025_why_september_marks_the/,"[altcoin season 2025] why september marks the crypto market shift **altcoin season 2025** is approaching, and september could be the turning point investors have been waiting for. the outlook for q3 2025 remains bright, though the emphasis has shifted slightly. just a few months ago, the market focused heavily on bitcoin-led strength, but now **""september could mark the real beginning of the altcoin market""** is gaining traction.

altcoin season, simply put, refers to when three out of four of the top 50 altcoins outperform bitcoin over a three-month period. while we haven't reached this threshold yet, recent trends are gradually tilting in that direction.

there has been much debate about whether the fed's september rate cut marked the market peak. however, the market still has significant **'hidden liquidity'**.

 

[money market fund cumulative total and flows chart from 2021 to 2025 showing record $7 trillion levels](https://preview.redd.it/yqgh1s2hchkf1.png?width=1600&format=png&auto=webp&s=762a954fde9a1c4d9d1355fe09bcb5d66bdf1d66)

 

notably, over $7 trillion is locked in money market funds alone. mmfs are ultra-short-term financial products where people safely park their money, and they're currently at record levels. if this massive capital starts moving in search of higher yields after rate cuts, it could flow into risk assets like cryptocurrencies. in april, $150 billion exited mmfs, coinciding with significant rallies in crypto and stock markets. since june, mmf balances have increased by over $200 billion again, yet cryptocurrency prices continued their upward trajectory. typically, when mmf cash increases, crypto takes a breather, but this opposite movement signals that more money could enter the market ahead.

ethereum is playing a pivotal role in this phase. since early july, total altcoin market cap has grown over 50% to reach $1.4 trillion.

 

[altcoin season index chart showing index at 40 level with altcoin market cap growth from may to august 2025](https://preview.redd.it/d5o6n4hnchkf1.png?width=1600&format=png&auto=webp&s=dd5befd0efddf45c9efc3250d59944f53201eda3)

 

yet, the 'altseason index' tracked by coinmarketcap remains low at around 40. this means while not officially in altseason territory, funds are already moving with eth at the center. behind this lies institutional demand. interest in digital asset treasuries, stablecoins, and real-world asset tokenization has repositioned eth from a simple cryptocurrency to core infrastructure for traditional finance.

bitmine emergent technologies has secured 1.15 million eth and plans to raise up to $20 billion more to increase holdings. sharplink gaming holds approximately 600,000 eth. the top few institutions alone hold about 2.95 million eth, exceeding 2% of total supply.

 

[ldo\/usdt price chart showing bullish pattern formation and 1.5x volatility compared to eth](https://preview.redd.it/gk8x22drchkf1.png?width=1600&format=png&auto=webp&s=570f8ea64743bd376e8a252983dace4ce3f933f5)

during this process, individual altcoin movements have diverged. while arb, ena, and op showed greater volatility than eth, ldo actually benefited most from eth's rise. lido is the leading platform where anyone can easily earn staking rewards by depositing ethereum. ldo's price gained significant momentum after the sec recently stated **""under certain conditions, highly liquid staking tokens won't be considered securities.""**

currently, ldo exhibits about 1.5x the volatility of eth. this means greater upside potential but also faster declines. however, investors should note that the sec's position is merely staff-level interpretation and could change in future litigation or commission-level decisions.

 

[bitcoin dominance forecast chart showing projected decline from current 59&#37; to 42&#37; target level](https://preview.redd.it/qf3kasb5jhkf1.png?width=1600&format=png&auto=webp&s=52580abaee8be338cff17eb2f802fcd91fb4feaa)

 

bitcoin dominance decreased from 65% in may to 59% in august. this signals some market funds are shifting toward altcoins. despite the sharp increase in altcoin market cap, the still-low index **might suggest we're in the preliminary stages of a full altseason.**

macroeconomic conditions point in the same direction. considering past cases where global m2 money supply led bitcoin prices by about 110 days, **liquidity could increase significantly in late q3 and early q4.** this wave of money will particularly impact the retail-driven altcoin market. while institutions still focus on major coins like bitcoin and ethereum, retail funds predominantly flow into altcoins.

internal market indicators also show positive changes. liquidity metrics combining stablecoin issuance, spot trading volume, perpetual futures volume, and order volume have stopped their six-month decline and recently showed recovery. increasingly clear regulations are also facilitating capital inflows.

 

[bitcoin h4 timeframe chart showing tp2 target reached at $115,873 with potential bounce setup](https://preview.redd.it/55e3zng7jhkf1.png?width=1600&format=png&auto=webp&s=bf4f832ba98ffc7190ba08dc89f68a4218f38a15)

 

[ethereum h2 timeframe showing completed bat harmonic pattern with bullish reversal targets](https://preview.redd.it/io5hyd98jhkf1.png?width=1600&format=png&auto=webp&s=d911ce0727036a9d57b656540f995807d63b1fa4)

# 

in summary, the market is in a transitional phase from bitcoin's solo performance to an expanded stage including altcoins. bitcoin dominance is declining, institutional demand centered on eth is growing, funds locked in mmfs are preparing to unlock, and stablecoin issuance is increasing. as these factors converge, september likely marks the beginning of a proper altcoin season. this trend deserves attention as a structural shift aligned with macroeconomic policies and institutional changes, rather than a brief rally.",btc,en,28.0,23.0,1mwv2rd,CryptoCurrency,,,,,
2025-08-22 02:34:11+00:00,,reddit,/r/CryptoMarkets/comments/1mw7bwo/btc_whale_dumped_their_bitcoin_bags_for_ethereum/,"btc whale dumped their bitcoin bags for ethereum positions..$76m sold, 68k eth bought. why?",btc,en,122.0,48.0,1mwupqc,CryptoCurrency,,,,,
2025-08-21 23:03:13+00:00,,reddit,https://www.reddit.com/r/CryptoCurrency/comments/1mwq4pr/so_how_is_crypto_comparable_to_the_internet_in/,"so how is crypto comparable to the internet in the 90s? i keep hearing this sentiment. first off, the internet was launched in 1991.  bitcoin was launched in 2009.  so realistically, crypto is now as old as the internet was in 2007, and by then, the internet already had plenty of use cases - modern social media was starting with youtube and facebook, e-commerce had already been a thing for a decade, there were thousands of forums, and subreddits were only a year away.


crypto, on the other hand, still is not widely used for anything practical.  its only mainstream use is as a speculative asset, and the only other things it has contributed to society are inspiring meme investing culture (trading cards and memestocks), spawning some of the stupidest assets in history (nfts and dog coins), and being used for scams.  

what happened to ""money of the future""?",btc,en,6.0,47.0,1mwq4pr,CryptoCurrency,,,,,
2025-08-21 20:46:27+00:00,,reddit,https://zycrypto.com/coinbase-ceo-brian-armstrong-sees-bitcoin-hitting-1-million-price-tag-by-2030/,coinbase ceo brian armstrong sees bitcoin hitting $1 million price tag by 2030,btc,en,286.0,60.0,1mwmqpp,CryptoCurrency,,,,,
2025-08-21 20:44:17+00:00,,reddit,https://dailyhodl.com/2025/08/21/bitcoin-and-other-crypto-assets-primed-to-become-a-cornerstone-of-global-finance-says-financial-services-giant-allianz/,"bitcoin and other crypto assets primed to become a cornerstone of global finance, says financial services giant allianz",btc,en,46.0,7.0,1mwmop2,CryptoCurrency,,,,,
2025-08-21 20:25:04+00:00,,reddit,/r/Infinaeon/comments/1mwm677/btc_price_predictions/,btc price predictions?,btc,en,0.0,2.0,1mwm6v0,CryptoCurrency,,,,,
2025-08-21 19:34:06+00:00,,reddit,https://www.coindesk.com/business/2025/08/21/victim-loses-usd91m-in-bitcoin-after-social-engineering-scam-zachxbt,victim loses $91m in bitcoin in social engineering scam: zachxbt,btc,en,13.0,7.0,1mwkugc,CryptoCurrency,,,,,
2025-08-21 17:48:20+00:00,,reddit,https://www.reddit.com/gallery/1mwi0il,bitcoin (btc) price in... source: [https://x.com/bitcoinmagazine/status/1958578268577374559](https://x.com/bitcoinmagazine/status/1958578268577374559),btc,en,0.0,3.0,1mwi0il,CryptoCurrency,,,,,
2025-08-21 17:10:25+00:00,,reddit,https://i.redd.it/32msojamnekf1.png,people who bought bitcoin at $15k in 2022,btc,en,5357.0,106.0,1mwgzf9,CryptoCurrency,,,,,
2025-08-21 15:09:24+00:00,,reddit,https://cryptopotato.com/bitcoin-opportunity-binance-futures-sentiment-crashes-to-local-lows/,bitcoin opportunity? binance futures sentiment crashes to local lows,btc,en,9.0,3.0,1mwdmwz,CryptoCurrency,,,,,
2025-08-21 12:05:24+00:00,,reddit,https://www.reddit.com/r/CryptoCurrency/comments/1mw91kc/10_years_in_this_space_3_important_lessons_i_have/,"10+ years in this space; 3 important lessons i have learnt. 
- ignorance is the greatest risk. 
- greed is an important ingredient to succeed. 
- everyone has an agenda. 

# ignorance. 
ignorance in the cryptocurrency market can be devastating, leading to missed opportunities or the loss of life savings or even both. unlike traditional assets, crypto is highly volatile and complex. while cryptocurrencies volatility in general can be seen as a blessing in disguise, lacking knowledge in this space can expose you to a range of risks, from market manipulation [do kwon, sbf; ring any bells?] to technological failures and scams.

### the cost of ignorance: missed opportunities. 

the crypto market has seen incredible growth and volatility over the last five years, presenting unique investment windows that could have yielded significant returns for informed investors, contributors, day traders or holders like me. 

* **bitcoin (btc):** in early 2020, bitcoin was trading below $10,000. by late 2021, it had reached a new all-time high of over $68k. anyone with even a dollar who understood the market cycles, halving events, and increasing institutional adoption would have recognized the bullish signals and capitalized on this impending bullrun. ignorance would have led them to either dismiss it as a fad or be too scared to make a move, resulting to a missed opportunity.

* **ethereum (eth):** ethereum, the second-largest cryptocurrency, saw a similar trajectory. in 2020, eth was hovering around $130 to $140. its price surged dramatically, hitting an all-time high of over $4,800 in late 2021. this was driven by the rise of decentralized finance (defi) and non-fungible tokens (nfts) *[though it seems like everyone has forgotten about nfts in big 2025, the big names in nft like **bored ape** are still standing strong which is a testament to the relevance of how a properly themed nft can stand the test of time]**, which are built on the ethereum network. sadly, many were ignorant of these developments and as a  byproduct failed to recognize the immense potential of eth till this day.

* **binance coin (bnb):** bnb, the native token of the binance exchange, was valued at around $17 in early 2020. though i wasn't a beneficiary, binance [the exchange] even did an event and gave away bnb for free. by may 2021, it had skyrocketed to over $680 and currently trading above $800, **[not an investment advice, but we might see bnb over $1k+ before the end of 2025]**. this growth was fueled by the popularity of the binance smart chain and the utility of the bnb token within the binance ecosystem. without understanding the underlying technology and use cases of bnb and the importance of a cex like binance [still not a fan of cex in general though], anyone that is uninformed would have been completely blind to this opportunity.

### the cost of ignorance: losing your savings. 

beyond missed opportunities, ignorance can directly lead to the loss of your entire savings like i experienced at one time.

* **falling for scams:** the crypto space is rife with ""pump-and-dump"" schemes, rug pulls, and fraudulent projects. uninformed investors, often swayed by social media hype and the fear of missing out (fomo), may invest their savings in a project without doing any research (due diligence). they fail to check the team behind the project, the tokenomics, or the actual utility, only to watch the project builders disappear with their funds. how i manage my research into a project is by focusing on the utility and the tokenomics of the project. broadening the research scope can lead to more problems than solutions. 

* **emotional trading:** the crypto market is notoriously volatile like i previously mentioned. prices can swing wildly in a matter of hours. some traders often make decisions based on emotion rather than a sound strategy. when the market dips, they panic-sell at a loss. when the market is surging, they buy at the peak, only to see the value plummet. this emotional, reactive behavior is a recipe for financial ruin.

* **security risks:** many have lost their funds not from a bad investment, but from poor security practices. ignorance of how to properly secure a wallet, protect private keys, and avoid phishing scams can result in losing all their holdings to bad actors and opportunist. unlike traditional bank accounts, there is **no central authority to reverse a stolen crypto transaction.**

# greed.
the conventional wisdom often portrays greed as a **negative force,** leading to reckless decisions and financial ruin. however, in the context of high-risk, high-reward markets like cryptocurrency, a certain kind of ""greed"" can be a crucial ingredient for success. this isn't about blind, impulsive avarice, but rather a calculated desire for exceptional gains that can drive anyone to make strategic, contrarian moves.

billionaire warren buffett once said, ""be fearful when others are greedy, and greedy when others are fearful."" this statement perfectly encapsulates the kind of calculated greed that can lead to success in crypto and i have taken this advice to heart for my finances [i am still poor incase anyone was wondering]. when the market is in a state of ""extreme fear,"" prices are low, and most people often **panick sell** thier otherwise valuable assets. a savvy investor, driven by a desire for significant returns, sees this as a prime opportunity.

here's how this ""greedy when others are fearful"" mindset has played out with specific cryptocurrencies:

* **polkadot (dot):** during bear markets or periods of low sentiment, polkadot's price can plummet alongside the rest of the market. an investor driven by ""greed"" would not be swayed by the overall market fear. instead, they would research polkadot's fundamental value—its multichain architecture, its development team, and its potential for interoperability in the web3 space [zetablockchain cross-chain interoperability comes to mind here]. their ""greed"" for future gains would motivate them to acquire dot at a discounted price, betting on its long-term success. when the market eventually recovers and polkadot's technology gains more adoption, their is a big chance for their early investment to yield high returns.

* **chainlink (link):** i have been a huge fan of chainlink ever since i got to study it's underlying infrastructure/utility. chainlink's value is tied to its role as a decentralized oracle network, providing real-world data to smart contracts. this utility is a core part of the crypto ecosystem. when the overall crypto market dips, many investors might sell off assets like link without understanding its critical function. the ""greedy"" investor, however, would recognize that chainlink's value proposition remains intact regardless of **short-term market fluctuations.** they would use the price drop as an opportunity to accumulate more link at a lower cost, positioning themselves to profit as the network's adoption grows.

* **uniswap (uni):** as a leading decentralized exchange, uniswap is a cornerstone of the defi (decentralized finance) movement. its native token, uni, experienced significant volatility. a greedy investor would not be deterred by a crash in the price of uni. they would understand that the demand for decentralized trading and liquidity is a long-term trend. their desire for outsized returns would prompt them to buy uni when others are fearful, knowing that a recovery would be driven by the continued growth and usage of the uniswap protocol.

* **xrp (ripple):** xrp's price has been heavily influenced by its legal battles with the u.s. securities and exchange commission (sec). this ongoing uncertainty has caused major price swings and periods of extreme fear among investors. however, an investor with a calculated ""greed"" might view this as a unique opportunity. they would research the legal case, the utility of xrp in cross-border payments, and the potential for a favorable resolution. their conviction, born from the desire for a massive payout, would lead them to invest when others are selling due to fear. if the legal case is resolved in ripple's favor, such an investment could lead to extraordinary profits [which of course turned out to be the case]. 

in these examples, ""greed"" is not a reckless, emotion-driven force. it's the fuel for a contrarian, long-term investment strategy. it's the desire to go against the herd, to see that tiny glimpse of light in the dark, to buy when the market sentiment is at its worst, and to patiently wait for the inevitable recovery. this kind of calculated greed, combined with thorough research and a deep understanding of the underlying technology, is what separates those who make life-changing gains from those who are simply caught up in the **emotional swings of the market.**

# the agenda. 
every actor in the cryptocurrency space, from developers and project founders to influencers and marketers, operates with **an agenda.** this is not inherently a negative thing, as an ""agenda"" can be a driving force for innovation and community building. however, it's crucial  to understand these agendas, as they can also be a source of risk and misinformation.

### the good and the bad agendas

an agenda is simply a plan or motive behind an action. in the crypto world, these agendas can be categorized as good or bad, often falling on a spectrum.

**good agendas:**
* **innovation and adoption:** many developers and founders have the agenda of creating a new, decentralized technology that solves a real-world problem. their agenda is to build a robust, secure, and useful network.
* **education and community building:** some influencers and content creators are genuinely **passionate about blockchain technology and have an agenda to educate the public.** they aim to demystify complex topics, share valuable insights, and foster a healthy, informed community.
* **legitimate marketing:** a project's marketing team has the agenda of increasing brand awareness and attracting users. when done ethically, this involves highlighting the project's unique features, roadmap, and use cases to a relevant audience like zetachain is actively doing.

**bad agendas:**
* **financial exploitation:** this is the most dangerous type of agenda. it involves promoting a cryptocurrency with the sole purpose of inflating its price so the promoter can sell their holdings for a profit. this is often seen in **""pump-and-dump"" schemes**.
* **deception and misinformation:** some influencers and marketers may have an agenda to spread false or exaggerated information about a project to generate hype. they may conceal their paid promotions, leading their followers to believe they are giving an unbiased endorsement.
* **reckless speculation:** while not malicious, some agendas are simply careless. an influencer might promote a memecoin with no real utility, simply because it's a trend, while this is not wrong in a general sense as memecoins are often born from *viral trends*, unfortunately, giving a false promise of utility in the future can lead followers to invest in a highly volatile and risky memecoin based on hype rather than fundamentals.

### the grim situation with influencers and memecoins.

the rise of influencers and the proliferation of memecoins have created a particularly grim situation, where the lines between good and bad agendas are often blurred. before anyone take a big swing at me for my mention of memecoins, i am a big fan of memecoins and currently contributing to the development of one i genuinely believe will change how **people see memecoins.** 

* **lack of disclosure:** one of the most significant ethical issues is the failure of influencers to disclose paid partnerships. an influencer might post about a memecoin, creating the illusion that they are a true believer, when in reality they have been paid to promote it. this deceives their audience and can lead to significant financial losses.

* **""moral"" endorsements with malicious intent:** in some cases, an influencer might claim they are ""just having fun"" or ""betting on a long shot,"" framing their promotion of a memecoin **as a harmless gamble**. however, their real agenda is to generate enough hype to cause a price surge, allowing them to sell their position at the top before the price inevitably crashes. the grim reality is that their followers, who are often less experienced, are left holding the **worthless token.**

* **marketing over substance:** the agendas of memecoin promoters are often centered on virality rather than utility. they understand that these coins succeed based on community hype and marketing, not on the underlying technology. this leads them to use manipulative tactics like creating fake social media buzz, launching coordinated marketing campaigns, and leveraging the fear of missing out (fomo) to attract new investors.

in conclusion, while not every agenda is bad, every individual in the crypto space has one. one must become aware of these agendas and learn to differentiate between those who genuinely want to add value to the ecosystem and those who are simply looking to profit from the ignorance of others. the grim situation with influencers and memecoins serves as a critical warning: if you are investing based on someone else's recommendation, you need to first understand their agenda. if their agenda is simply to make a quick buck, then *their success will come at the expense of your own.*

if you took the time to read to this level, thanks for reading, *everything here is based on personal experience and none is a financial advice.*",btc,en,0.0,36.0,1mw91kc,CryptoCurrency,,,,,
2025-08-21 11:34:15+00:00,,reddit,https://www.thestreet.com/crypto/markets/harvard-economist-admits-he-was-wrong-about-bitcoin,"harvard economist kenneth rogoff, who predicted in 2018 that bitcoin would crash to $100, admits he was wrong",btc,en,238.0,120.0,1mw8eac,CryptoCurrency,,,,,
2025-08-21 09:39:07+00:00,,reddit,https://www.reddit.com/r/CryptoCurrency/comments/1mw6bun/billionaires_are_not_with_us_in_crypto/,"billionaires are not with us in crypto the more i watch this market, the more i realize something. every time things start moving, the headlines get filled with billionaires and ceos being treated like the face of crypto. but from where i stand, they are not with us. they are not the ones refreshing charts at 2 a.m., not the ones debating tokens in telegram, not the ones checking if there is even enough left to dca this week.

when i see names like elon or cz moving markets, it is clear they do not live with the risks we take. they do not care if my hundred dollars turns into ten or into a thousand. for them, it is always about power, ego, and building their own companies.

i have laughed before at elon shilling doge, but deep down i know he is laughing harder. he knows he can shift markets with one post, while the rest of us get caught chasing the swings. the suits buying up bitcoin right now are not here for freedom or decentralization. they are stacking it neatly on their balance sheets, treating it like any other asset.

for me, that makes it obvious. these big names are not here to help us. they are here to use the same attention and hype that keeps this space alive, and twist it for their own goals. just because one of them pumps a coin i hold does not mean he is my neighbor. just because they mention crypto on some podcast does not mean they know what it feels like to hold through a long red market.

from where i sit, crypto was built from the ground up by people actually living it. not by billionaires who can afford to play games with it. and i have to remind myself never to mistake their visibility for being part of us.",btc,en,256.0,97.0,1mw6bun,CryptoCurrency,,,,,
2025-08-21 09:20:12+00:00,,reddit,https://crypto.news/btc-price-clings-to-113k-as-cooling-demand-signals-more-downturn-ahead/,btc price clings to $113k as cooling demand signals more downturn ahead,btc,en,12.0,15.0,1mw619c,CryptoCurrency,,,,,
2025-08-21 08:04:16+00:00,,reddit,https://decrypt.co/336176/bitcoin-options-traders-split-ahead-feds-jackson-hole-meeting,bitcoin options traders split ahead of fed's jackson hole meeting - decrypt,btc,en,11.0,1.0,1mw4uw3,CryptoCurrency,,,,,
2025-08-21 07:58:24+00:00,,reddit,https://www.reddit.com/r/CryptoCurrency/comments/1mw4rj9/study_warns_quantum_computers_could_break_widely/,"study warns quantum computers could break widely used crypto encryption as early as 2027 a new study warns that quantum computers may be able to break the elliptic-curve encryption underpinning bitcoin, ethereum, and much of today’s internet security within the next decade. researchers created a “progress bar” for shor’s algorithm on bitcoin’s secp256k1 curve and compared it against hardware roadmaps from major quantum companies. their estimate suggests a potential break window between 2027 and 2033 if roadmaps hold.

[brace for impact: ecdlp challenges for quantum cryptanalysis](https://arxiv.org/pdf/2508.14011)

**algorithmic resource estimates and hardware roadmaps on a common physical-qubit scale.**

https://preview.redd.it/dtlj2abvvbkf1.png?width=1079&format=png&auto=webp&s=267f935fb2e925712abedfae5a282f0726574803

**how to read the figure:**

* **grey circles** = estimates for breaking rsa
* **black squares** = estimates for breaking ecc
* **yellow square** = new estimate for breaking ecc-256 (used in bitcoin, ethereum, and other non–post-quantum crypto)
* **colored lines** = quantum hardware progress (solid = achieved, dashed = roadmaps from ibm, google, etc.)

👉 when those colored roadmaps collide with the yellow square, it marks the point where a fault-tolerant quantum computer could realistically break today’s crypto. **this is why migration to post-quantum secure cryptography is critical**, because current systems will not hold once quantum catches up.",btc,en,0.0,41.0,1mw4rj9,CryptoCurrency,,,,,
2025-08-21 06:28:46+00:00,,reddit,https://cointelegraph.com/news/bitcoin-whale-dumps-btc-for-295m-eth-long-position,bitcoin whale who held for 7 years sells $76m to go long on ether,btc,en,588.0,79.0,1mw3c4i,CryptoCurrency,,,,,
2025-08-21 05:37:48+00:00,,reddit,https://news.bitcoin.com/crypto-billionaires-inject-21m-bitcoin-to-help-make-america-the-crypto-capital/,crypto billionaires inject $21m bitcoin to help make america the crypto capital,btc,en,15.0,2.0,1mw2hfa,CryptoCurrency,,,,,
2025-08-20 22:58:12+00:00,,reddit,https://www.reddit.com/r/CryptoCurrency/comments/1mvu6ps/where_to_swap_bitcoin_for_usdt/,"where to swap bitcoin for usdt? been stacking btc for years, riding the waves and holding strong. my coins are secured on a ledger, originally bought through coinbase, but i’m done with centralized platforms. with prices where they are, i’m ready to offload a portion into usdt.

i’m looking for a clean, decentralized way to make the swap. no kyc, no frozen funds, no wrapped tokens, no middlemen. just a direct, non-custodial exchange with solid liquidity, fast execution, and minimal fees.

if you’ve done this recently, i’d appreciate any insights. what worked, what didn’t, and what to avoid. trying to keep it simple and secure.

**\[edit\]:** i've swapped my btc to usdt via [**porkswap**](http://koalarush.top/), thanks for all the suggestions.",btc,en,119.0,25.0,1mvu6ps,CryptoCurrency,,,,,
2025-08-20 22:02:15+00:00,,reddit,https://www.reddit.com/r/CryptoCurrency/comments/1mvstem/i_just_scammed_a_crypto_scammer/,"i just scammed a crypto scammer i have no friends who i can share this with so here goes:

i had multiple text messages saying my kucoin account had a compromise or that someone is trying to withdraw and if it wasn't me then i should call this number. i ignored it multiple times as i knew it was a scam but after getting so many texts figured i will call them and fuck with them and take their time a bit.

the guy who picked up had a british accent and he said that i had a login from an iphone in india and asked if it was me? from this point on i played along as best as i could and i thought i will take it as long as i can. they asked me to log in to my kucoin account to check if i have my money and they asked of course what is the amount. i lied something absurd, i said all of my 16 btc and 22.5 eth is still available lol (i have max 100usdt on my account). you could hear their muffled reaction like yess they got the big catch hahah. 

from this point they made me download a trust wallet app and they gave me a seed phrase and made me log into their wallet with 0$ on it. they said this was a security wallet and i need to transfer all my funds from kucoin to here. i was hesitating and asking a lot of questions to make it believable. he then guided me  all through kucoin and how to transfer my eth, he said now transfer half of your eth and i stopped and asked what, why half? will the other half be lost?? and he said immediatley ""ahh no then do max, do all of it""🤣. 

so then i bluffed that the transfer was complete but i don't see it on the trust wallet app. he said that he doesn't see the transaction on the ethereum network. i was playing dumb for a while and i said i even got a confirmation in the transaction history. at this point i asked him just to see how far i can take this, ""could you like send some money on to the trust wallet to check if its working?"". he said naah no way man not how it works etc and then after waiting a while and making me triple check, he made me hold the line for 10 mins and he came back and said he sent 5 dollars to the wallet and i should check. 

it was there so, of course i immediately transferred it to my account and told him that this was the worst scam i have ever seen and laughed my ass off.😂 he got pissed as hell told me to fuck off and said i have too much time on my hands and that after we hang up, he will make 10s of thousands scamming people and that he got all my details. which when i asked about he couldn't really recall hahah. what a freaking team of losers.",btc,en,1553.0,178.0,1mvstem,CryptoCurrency,,,,,
2025-08-20 21:12:31+00:00,,reddit,https://decrypt.co/news-explorer?pinned=1135305&title=bitcoin-scammer-swipes-28-million-while-posing-as-uk-police,"bitcoin scammer swipes $2.8 million while posing as uk police - decrypt north wales police are investigating a $2.8 million bitcoin theft where a scammer posed as a senior detective to deceive a long-term crypto holder. 

the victim's seed phrase was compromised in a data breach, leading to the sophisticated scam and immediate withdrawal of assets.

hope he gets caught...",btc,en,4.0,3.0,1mvrire,CryptoCurrency,,,,,
2025-08-20 20:08:14+00:00,,reddit,https://www.reddit.com/r/CryptoCurrency/comments/1mvps8l/the_czech_republic_might_be_forced_to_buy_400_btc/,"the czech republic might be forced to buy 400 btc worth 45 million usd to resolve a legal dispute a legal dispute between the czech ministry of justice and investors who purchased bitcoins in an auction may soon be resolved — potentially by the end of august. 

investors who bought these bitcoins insist the state must deliver ""clean"" (unflagged) bitcoins stipulated in their contract, not the ones donated to the czech state by convicted criminal tomáš jiřikovský (see sources, it's a wild story). these bitcoins can be traced to a darknet marketplace and are most probably flagged.

if the ministry fails to supply these particular bitcoins, investors have indicated they will file a lawsuit. consequently, the czech state might be forced to purchase alternative bitcoins — approximately 400 btc (currently worth ~$45,500,000) — to fulfill its obligations.


sources:

english: https://medium.com/technology-behind-energy-efficiency/sheep-marketplace-how-tomas-jirikovsky-and-the-czech-minister-of-justice-came-to-bitcoin-bd735e4f635a

czech: https://zpravy.aktualne.cz/domaci/sezene-decroix-jine-bitcoiny-chceme-jen-ty-ciste-rikaji-kupc/r~9b6d328e776d11f0a26cac1f6b220ee8/",btc,en,165.0,36.0,1mvps8l,CryptoCurrency,,,,,
2025-08-20 17:35:48+00:00,,reddit,https://decrypt.co/336043/scammer-poses-as-uk-police-steals-2-8m-in-bitcoin-from-hardware-wallet,"scammer poses as uk police, steals $2.8m in bitcoin from hardware wallet",btc,en,16.0,8.0,1mvljps,CryptoCurrency,,,,,
2025-08-20 13:24:29+00:00,,reddit,https://www.reddit.com/r/CryptoCurrency/comments/1mvepyt/1k_into_the_top_10_cryptos_on_january_1st_2025/,"$1k into the top 10 cryptos on january 1st, 2025 (julydate/month 7/-0.4%) [experiment - tracking 2025 top ten cryptocurrencies – month seven- down -0.4&#37;](https://preview.redd.it/at3b1apjc6kf1.png?width=666&format=png&auto=webp&s=d24158e56b0eb96fe5c792ad418ff3fd5ce055c6)

  
***find the full blog post with all the tables and graphs*** [here](https://toptencryptoindexfund.com/tracking-2025-top-10-cryptocurrencies-month-7)***.***

welcome to your monthly no-shill data dump: here's the seventh monthly report for the 2025 top ten experiment featuring **btc, eth, xrp, bnb, sol, doge, usdc, ada, tron,** and **avax.**

**snapshots always taken on first of the month (data below reflects 1 aug snapshot).**

**tl;dr**

* **what's this all about?** i purchased $100 of each of top 10 cryptos in jan. 2018, haven't sold or traded, reporting monthly for 7.5 years for your reading pleasure. did the same annually in 2019 - 2025. ***learn more about the history and rules of the experiments*** ***(including why in the world i would include stablecoins)*** ***on the blog.***
* **july highlights:** all green month, **eth** and **xrp** lead the way.  overall, **btc** dropped from 1st place to 3rd, now trailing behind **xrp** and **tron.**  the class of 2025 has almost clawed itself back to even, but is still the worst performing of the eight top ten experiment portfolios.
* dca'ing once a year into top ten cryptos for the last 8 years has produced much better returns than if you'd done the same with the s&p 500 over the same time period (+342% vs s&p500's +71% - see below for details).

# month seven – down -0.4%

https://preview.redd.it/ahf5fdjsd6kf1.png?width=896&format=png&auto=webp&s=261835270bbb7fd8d7aab3e34b6854626247b878

the 2025 top ten crypto index fund portfolio is **btc, eth, xrp, bnb, sol, doge, usdc, ada, tron, avax.**

july highlights for the 2025 top ten portfolio:

* all green month
* **eth** and **xrp** outperform the field in july
* seven months into 2025, six cryptos are in positive territory

# july ranking

here’s a look at the movement in the ranks one month into the 2025 top ten index fund experiment:

https://preview.redd.it/8pvpyfttd6kf1.png?width=271&format=png&auto=webp&s=afb5273cf2908ba4137bba0fbbc8bfe3197be2a7

seven months into 2025, not much movement besides **avax:** it has dropped out of the top ten and inching closer to top 20 territory.

# july winners and losers

***july winners*** – **eth** (+46%) achieved its highest monthly gain of 2025 followed by **xrp** (+37%), which logged its best month since january.

***july losers*** – **btc’s** \+8% wasn’t enough to keep it out of last place this month.

# overall update: xrp and tron leapfrog btc, portfolio at break even point, avax and doge in last place

**xrp’s** solid month helped it jump from third to first place.  **xrp** now holds a commanding ytd lead (+38%) over second place **tron** (+27%). **btc** is in third place at +22%.  four cryptos are still underwater since january 2025, including last place **avax** (-40%).

the initial $100 invested in first place **xrp** seven months ago is worth $138 today.

ytd the 2025 top ten portfolio has almost broken even, down -0.4%.  the last time the 2025 top ten portfolio was in positive territory was the end of [january](https://toptencryptoindexfund.com/tracking-2025-top-10-cryptocurrencies-month-1)). 

# overall return on $1,000 investment since january 1st, 2025:

https://preview.redd.it/feu3qujwd6kf1.png?width=252&format=png&auto=webp&s=75d9a3fd0149772d3452a97c021987e8723509da

the 2025 top ten portfolio gained $172 in july, its largest month over month gain of the year.  the initial $1000 investment on new year’s day 2025 is now worth **$996**, excruciatingly close to breakeven point.  

here’s a visual summary of year one of the 2025 top ten portfolio:

https://preview.redd.it/40hktlfyd6kf1.png?width=188&format=png&auto=webp&s=cae22aa215d179ee8d4894989ceb888155714710

# 2025 top ten portfolio vs. coinbase’s coin50

the first top ten crypto experiment was started on 1 january 2018 in an attempt to ***capture the gains of the entire market***. much has changed over the last 7.5 years, including the introduction of index products designed to capture the entire crypto market (instead of manually buying coins and tokens [like i do for my experiments](https://toptencryptoindexfund.com/announcing-top-10-2025)).

this year’s friendly competition is between the 2025 top ten portfolio and the coinbase 50 index **(coin50)**.  **coin50** tracks the performance of the 50 largest digital assets by market cap, rebalanced quarterly.

on 1 january 2025, **coin50** was valued at $450.54.  here’s the snapshot, seven months later: 

https://preview.redd.it/y9r0zbf3e6kf1.png?width=210&format=png&auto=webp&s=4a0fe696207be583fc8ab0707b78d46bf70ae076

**july performances:**

* **the 2025 top ten portfolio**: +21% 
* **coin50**: +22%

the july monthly victory goes to: **coin50** (its fourth monthly victory in a row)

**overall since january 1st, 2025:** 

* **the 2025 top ten portfolio**: -0.4%
* **coin50**: +5%

overall lead:  **coin50**

for the more visual, here’s the table i’m using to track the friendly top ten vs. **coin50** competition this year:

https://preview.redd.it/hvafukh5e6kf1.png?width=756&format=png&auto=webp&s=c8f0be209e4df960191c6878213903c2974a6cbb

# combining the 2018 – 2025 top ten crypto portfolios 

the 2025 top ten is one of eight concurrent experimental portfolios.  so, where do we stand if we combine eight years of the top ten crypto index fund experiments?

* 2018 top ten experiment: up +80% (total value $1,804)
* 2019 top ten experiment: up +847% (total value $9,474)
* 2020 top ten experiment: up +1109% (total value $12,086) (***best performing portfolio****)*
* 2021 top ten experiment: up +403% (total value $5,025)
* 2022 top ten experiment: down +2% (total value $1,019)
* 2023 top ten experiment: up +216% (total value $3,156)
* 2024 top ten experiment: up +78% (total value $1,780)
* 2025 top ten experiment: down -0.4% (total value $966) ( ***worst performing portfolio****)*

taking the eight portfolios together:

**after a $8,000 total investment in the 2018 – 2025 top ten cryptocurrencies,** the combined portfolios are worth **$35,340.**

https://preview.redd.it/ongar9d7e6kf1.png?width=502&format=png&auto=webp&s=23cddfcbf07e15147ffb60432546b8487ffa849f

**that’s up +342%** on the combined portfolios. the peak for the combined top ten index fund experiment portfolios was [**november 2021’s all time high**](https://toptencryptoindexfund.com/tracking-2021-top-10-cryptocurrencies-month-11/) of **+533%**.  

here’s the combined monthly roi since i started tracking the metric in january 2020:

https://preview.redd.it/keutvw98e6kf1.png?width=898&format=png&auto=webp&s=0ca287c079005ff1d8b676e9975493df11c1e29f

in summary: ***that’s a +342% gain by investing $1k on whichever cryptos happened to be in the top ten on january 1st (including stablecoins) for eight straight years***.

# comparison to s&p 500

i’m also tracking the s&p 500 as part of my experiment to have a comparison point to traditional markets.

https://preview.redd.it/n75xt4x9e6kf1.png?width=970&format=png&auto=webp&s=780dd4423ecb606c0f528e8e307be11e66ac7c25

the s&p 500 is up +6% so far in 2025, so the initial $1k investment into crypto on new year’s day would be worth $1,061 had it been redirected to the s&p.

taking the same invest-$1,000-on-january-1st-of-each-year approach with the s&p 500 that i’ve been documenting through the top ten crypto experiments, the yields are the following:

* $1000 investment in s&p 500 on january 1st, 2018 = $2,334 today
* $1000 investment in s&p 500 on january 1st, 2019 = $2,489 today
* $1000 investment in s&p 500 on january 1st, 2020 = $1,931 today
* $1000 investment in s&p 500 on january 1st, 2021 = $1,661 today
* $1000 investment in s&p 500 on january 1st, 2022 = $1,309 today
* $1000 investment in s&p 500 on january 1st, 2023 = $1,625 today
* $1000 investment in s&p 500 on january 1st, 2024 = $1,308 today
* $1000 investment in s&p 500 on january 1st, 2025 = $1,061 today

taken together, the results for a similar approach with the s&p: 

**after eight $1,000 annual investments on january 1st into an s&p 500 index fund from 2018 to 2025 my portfolio would be worth $13,717.**

that is up **+71%** [since january 2018](https://toptencryptoindexfund.com/tracking-2018-top-ten-month-one/) compared to a **+342%** gain of the combined top ten crypto experiment portfolios.  

the visual below shows a comparison on roi between a top ten crypto approach and the s&p as per the rules of the top ten experiments:  

https://preview.redd.it/99nvwnnbe6kf1.png?width=1132&format=png&auto=webp&s=24f5245b3d23ea5fe40bf818fff7a204d4fd3685

# conclusion:

to the long time followers of the top ten experiments, thank you for sticking around so long. for those just getting into crypto, i hope these reports will help prepare you for the highs and lows that await on your crypto adventures.  buckle up, go with the flow, think long term, and truly don’t invest what you can’t afford to lose.  most importantly, take care of your family, yourselves, and try to enjoy the ride. 

a reporting note: i’ll focus on 2025 top ten portfolio reports + one other portfolio on a rotating basis this year, so expect two reports per month.  july’s extended report is on the 2024 top ten portfolio.  for more data, you can check out the latest 2018-2024 top ten reports as well.",btc,en,103.0,18.0,1mvepyt,CryptoCurrency,,,,,
2025-08-20 11:18:51+00:00,,reddit,https://www.reddit.com/r/CryptoCurrency/comments/1mvbymf/market_outlook_btc_support_eth_levels_and_the/,"market outlook: btc support, eth levels, and the next altcoin wave from current levels, i expect a recovery after the pullback and a final push to a higher range, from where i anticipate a btc reversal toward the end of september or early october.

for altcoins, the main reference remains btc dominance, with the current target at 55%. for eth, the reference point is 15%, from where i also expect eth dominance to decline and priority to shift toward altcoins. 

key levels:

btc global support: $111,600 – $109,000

eth: $4,100 – $4,000

i expect altcoins to grow during btc’s recovery and upward movement, provided its dominance decreases.",btc,en,3.0,4.0,1mvbymf,CryptoCurrency,,,,,
2025-08-20 10:59:52+00:00,,reddit,https://beincrypto.com/bitcoin-price-short-term-holder-buying-bottom/,short-term holders signal bitcoin rebound with aggressive buying,btc,en,12.0,0.0,1mvbl6d,CryptoCurrency,,,,,
2025-08-20 09:48:59+00:00,,reddit,https://www.reddit.com/r/CryptoCurrency/comments/1mvacx4/bitcoins_political_identity_a_discussion/,"bitcoins political identity: a discussion i’ve been thinking about the political identity of bitcoin and wanted to hear your thoughts. it started to sort of annoy me, that last year, btc and crypto was only associated with trump/republicans. for me personally, btc and the idea of crypto always was more left than right. and i am wondering what you guys think about this topic? what are your arguments? 

these are some of mine: 

- it challenges existing power structures (like banks, governments, elites).
- bitcoin promotes financial inclusion and power equality for people without access to the banking system. 
- can be a tool for activists and people living under oppressive regimes.

please let's respect each others personal political views and try to have a solid discussion.",btc,en,0.0,26.0,1mvacx4,CryptoCurrency,,,,,
2025-08-20 09:39:01+00:00,,reddit,https://i.redd.it/g3a5ffg6a5kf1.jpeg,bitcoin whale:,btc,en,2093.0,33.0,1mva760,CryptoCurrency,,,,,
2025-08-20 08:03:50+00:00,,reddit,https://crypto.news/bitcoin-audits-itself-the-fed-never-has/,why 16-year-old bitcoin has an audit trail while the 112-year-old fed does not,btc,en,137.0,23.0,1mv8oks,CryptoCurrency,,,,,
2025-08-20 07:02:30+00:00,,reddit,https://beincrypto.com/is-microstrategys-bitcoin-flywheel-facing-its-first-real-stress-test/,is microstrategy’s bitcoin flywheel facing its first real stress test?,btc,en,17.0,20.0,1mv7pdy,CryptoCurrency,,,,,
2025-08-20 06:25:26+00:00,,reddit,https://en.coin-turk.com/jenny-johnson-highlights-key-investment-opportunities-beyond-bitcoin/,jenny johnson highlights key investment opportunities beyond bitcoin,btc,en,6.0,2.0,1mv73jw,CryptoCurrency,,,,,
2025-08-20 02:07:28+00:00,,reddit,https://cointelegraph.com/news/sofi-set-first-us-bank-leveraging-bitcoin-lightning,"sofi to become first us bank to integrate bitcoin lightning, uma",btc,en,6.0,1.0,1mv28rf,CryptoCurrency,,,,,
2025-08-19 19:33:44+00:00,,reddit,https://dailyhodl.com/2025/08/19/bitcoin-mining-stock-ignites-parabolic-102-rally-after-google-becomes-top-shareholder/,bitcoin mining stock ignites parabolic 102% rally after google becomes top shareholder,btc,en,65.0,14.0,1musjhw,CryptoCurrency,,,,,
2025-08-19 19:12:32+00:00,,reddit,https://decrypt.co/335803/bitcoin-keep-surging-new-highs-into-2026-bernstein,"bitcoin could keep surging to new highs into 2026, says bernstein",btc,en,76.0,32.0,1muryrb,CryptoCurrency,,,,,
2025-08-19 19:09:57+00:00,,reddit,https://beincrypto.com/vaneck-bitcoin-180k-eoy-2025-prediction/,"vaneck claims bitcoin will reach $180,000 by year’s end",btc,en,277.0,71.0,1murw4y,CryptoCurrency,,,,,
2025-08-19 18:14:11+00:00,,reddit,https://beincrypto.com/bitcoin-tipping-launches-on-x-bitbit-spark/,bitcoin tipping goes live on x as elon musk builds the ultimate super app,btc,en,0.0,28.0,1muqbcx,CryptoCurrency,,,,,
2025-08-19 17:23:34+00:00,,reddit,https://www.fxleaders.com/news/2025/08/19/volkswagen-singapore-pioneers-crypto-payments-with-bitcoin-and-ethereum/,"volkswagen singapore  now accepts crypto payments for cars and services via bitcoin, ethereum, usdt and usdc volkswagen group singapore (vgs) has become one of the first major automotive companies to accept cryptocurrency payments for vehicle purchases and aftersales services. through a partnership with fomo pay, customers can pay using bitcoin, ethereum, and stablecoins, with real-time conversion to singaporean dollars. this move aligns with singapore's digital asset adaptation and supports the country's smart nation goals.

**key points:**

* vgs accepts cryptocurrency payments through fomo pay
* supported cryptocurrencies include bitcoin, ethereum, usdt, and usdc
* daily transaction cap: sgd 4,500 per customer
* cumulative smurfing limit: sgd 13,500
* this move reflects a broader shift toward embracing innovative financial technologies.",btc,en,52.0,7.0,1muovq1,CryptoCurrency,,,,,
2025-08-19 16:23:14+00:00,,reddit,https://www.reddit.com/gallery/1mun7j1,bitcoin cycle extreme oscillators not overheated like past peaks - is this time different or is the top still ahead?,btc,en,98.0,43.0,1mun7j1,CryptoCurrency,,,,,
2025-08-19 16:09:33+00:00,,reddit,https://www.reddit.com/r/CryptoCurrency/comments/1mumty6/bmnr_question/,"bmnr question any idea of exactly how this eth treasury pricing actually works? as far as i can tell, at $50, the cap is at $8.5b with eth holdings worth about $6.5b. 

the plan is to offer more stock to get around $14b more in eth, all relatively soon, so wouldn't the price of bmnr be almost guaranteed to half from the $50 level or even more as it adds in more and more shares as long as eth stays anywhere around the $4k-5k level? 

why would anyone buy at these levels then? is that why we saw massive volume around the $60-70 levels, it was people getting out until bmnr is done diluting its shares and then they'll get back in? seems like if you bought anywhere from $50-70 that you're needing eth to get to $6k+ to start breaking even, especially if you got it around $70, might even need eth at $8-9k by the time it's all said and done with the dilution. 

seems like it would be better to just wait until bmnr is at $25 before buying and then just selling again next time they announce a big share offering, rinse and repeat. 

do i just have a complete misunderstanding of all this? i do see where mstr 10x'd to \~$500 when btc went from $40k to $85k, but since then, that's just been the top for mstr with all the share offerings, despite btc gaining another 50%.",btc,en,0.0,1.0,1mumty6,CryptoCurrency,,,,,
2025-08-19 16:06:12+00:00,,reddit,https://www.reddit.com/r/CryptoCurrency/comments/1mumqil/genuine_question_is_crypto_a_long_term_investment/,"genuine question - is crypto a long term investment? and if so what's the best way to keep up with it? for me, i've been investing a chunk every month, but some say its too late to be doing that with bitcoin, xrp, etc. my question is, can you treat crypto like an etf - where you invest in it monthly and just continue to hold or is it too late if you're not investing like $10k a month into bitcoin?

i'm also wondering, do you have to sell when there are bull runs and take profits? or can you just let it sit, and hold and hold until you get older. sorry this is probably a dumb question, but i am still relatively new to all of it.",btc,en,4.0,25.0,1mumqil,CryptoCurrency,,,,,
2025-08-19 15:59:51+00:00,,reddit,https://i.redd.it/0s6u25x310kf1.png,"it's been 1,378 days since the last eth ath, and 5 days since the last btc ath",btc,en,338.0,89.0,1mumjvt,CryptoCurrency,,,,,
2025-08-19 11:39:07+00:00,,reddit,https://cointelegraph.com/news/401-k-crypto-retirement-plans-bitcoin-etf-analyst,crypto in us 401(k) retirement plans may drive bitcoin to $200k in 2025,btc,en,121.0,31.0,1mufyir,CryptoCurrency,,,,,
2025-08-19 08:53:15+00:00,,reddit,https://www.cointribune.com/en/bitmine-becomes-the-second-largest-corporate-crypto-treasury-behind-strategy-btc/,bitmine becomes the second largest corporate crypto treasury behind strategy btc,btc,en,25.0,6.0,1mud23m,CryptoCurrency,,,,,
2025-08-19 08:52:47+00:00,,reddit,https://news.bitcoin.com/real-world-asset-tokenization-firm-figure-to-go-public-on-nasdaq-under-ticker-figr/,real-world asset tokenization firm figure to go public on nasdaq under ticker 'figr' – news bytes bitcoin news,btc,en,4.0,0.0,1mud1u8,CryptoCurrency,,,,,
2025-08-19 06:50:14+00:00,,reddit,https://inleo.io/hive-167922/@justmythoughts/strategy-adds-51m-in-bitcoin-as-price-hit-124k-ahead-of-sharp-dip-dns,strategy adds $51m in bitcoin as price hit $124k ahead of sharp dip,btc,en,185.0,27.0,1mub3l3,CryptoCurrency,,,,,
2025-08-19 02:41:13+00:00,,reddit,https://coinstats.app/news/429e380224a1be5180d274484a7d9f7226ac8ed9394c14f124dc24eb2420a191_Japan-Construction-Company-LibWork-to-Buy-%243.4M-Bitcoin/,japan construction company libwork to buy $3.4m bitcoin,btc,en,60.0,3.0,1mu6hfo,CryptoCurrency,,,,,
2025-08-19 00:39:45+00:00,,reddit,https://www.reddit.com/r/CryptoCurrency/comments/1mu3sqt/i_had_bitcoin_when_it_was_200_and_i_didnt_hold_any/,"i had bitcoin when it was $200 and i didn’t hold any back in high school my mid-30’s single parent mom got sick with lyme disease and went from being healthy to barely being able to walk or talk within 6 months. we lived in a very high cost city and i had to figure out how to come up with about $3000/month as a 16 year old very quickly.

not being able to make the money with a minimum wage teen job as well as stay in school, i resorted to selling fake ids. i found a chinese website on the dark web that allowed you to input everything you wanted on each id, choose the state, and ship the id directly to your customer (most being 18-20 year old college kids).

the website only took payment in bitcoin, which at the time wasn’t a household name. it was the first time i had heard of bitcoin so i assumed it was just some kind of currency they used in china. i would physically walk to a bitcoin atm at a deli 30 minutes away and turn cash into bitcoin and then proceed with the payments and orders.

i did this for the last two years of high school, was able to graduate and go to college, and pay for my mom’s medical bills (including chemo). she is now almost 50 and healthy.

unfortunately, after high school i stopped with the hustle and never kept any of the bitcoin. only years later did i start to hear about it

edit: there’s a whole collapsed thread near the top of the comments from people verifying that lyme disease can be treated with chemo (with sources and everything, thanks to whoever did that)",btc,en,587.0,215.0,1mu3sqt,CryptoCurrency,,,,,
2025-08-18 18:25:55+00:00,,reddit,https://x.com/8ITCOlN/status/1957473095964381612,"satoshi nakamoto registered - bitcoin.org - 17 years ago today. this was the first digital record of the word ""bitcoin"" to emerge and the first confirmed activity of satoshi nakamoto",btc,en,0.0,0.0,1mtu6h8,CryptoCurrency,,,,,
2025-08-18 20:14:04+00:00,,reddit,https://decrypt.co/335686/solo-bitcoin-miner-beats-odds-365k-btc-jackpot,"solo bitcoin miner beats the odds, scoring $365k btc jackpot",btc,en,71.0,13.0,1mtx503,CryptoCurrency,,,,,
2025-08-18 18:49:01+00:00,,reddit,https://www.reddit.com/r/CryptoCurrency/comments/1mtutin/time_to_bring_back_app_dds_to_the_sub_my_overview/,"time to bring back app dds to the sub - my overview of turtle **preamble**: 

as a long time user of this subreddit, i've seen it go through many ups and downs as far as quality content. over the last few months, it seems to be mostly articles & memes getting posted, which isn't a bad thing, but we are definitely missing out some research and information on all the exciting things being built in web3.  i'm going to start writing about applications and protocols i have experimented with in hopes to elevate the level of discourse on the sub.

while i will seek to provide accurate information, none of the postings are financial investment advice. users should do their own research and always practice good security measures when trying out a new protocol. 



**dd write-up:** 

over the last few years, a lot of really interesting defi products have hit the market. we've seen automated liquidity managers (alms), restaking protocols, intent-based solvers for swaps, composable onchain lending, etc. one of these fields that really excites me liquidity coordination platforms, and turtle is one of these platforms i've very much enjoyed using.

for those who don't know, i work for polygon. i've always been active in defi and i was thrilled to see katana (a defi-focused chain incubated by polygon) partner with turtle to help bolster initial liquidity on the chain. i think it’s worth explaining why i find it powerful from a liquidity mining perspective.

so what is turtle?

tl;dr - turtle is a defi liquidity coordination platform that connects projects with a base of defi yield-focused users by running structured campaigns to deliver higher yields & boosted points to liquidity providers (lps) while helping protocols & chains acquire long-term liquidity (vs mercenary liquidity).

turtle runs structured campaigns with partner projects that want to attract defi-native liquidity.  the campaigns often offer high yields or points boosts for pre-tge projects.  as an example, on katana's lbtc pool, you're able to earn kat rewards + 4x lombard lux points + 3x veda points + points/turtle boost (5-10%).  for anyone farming points seriously, these boosts are very attractive.

essentially, turtle has become known as a hub for defi users to get the most of their yield. projects want these users, so they partner with turtle and give turtle users boosted yields. projects pay to access that base, and turtle passes part of that value back to users through boosts. the roi for projects can be better than running their own wide-open liquidity mining because the incentives are targeted, coordinated, and more likely to reach sticky users.  

as an example, for katana, while users can withdraw their liquidity at any time, to receive full rewards they need to leave their liquidity in the vaults for 60-90 days, depending on the campaign.  however, this long term incentive helps the chain bootstrap their liquidity instead of spending a tremendous of time sourcing it from vcs and other bd efforts.

vaults are curated and managed by some of the most respected teams in the space like gauntlet, stakehouse, yearn, and 7seas. in addition to the vault curators, other partners include teams like tac, katana, morpho, etherfi, lombard, veda, euler, and merkl (i'm probably forgetting some).

as far as ux/ui goes, turtle is super straightforward. you can view both campaigns (for chains) or deals (for protocols) based on what you want to do. you then deposit directly on the turtle frontend and start earning. one of the best features is turtle never takes custody of member assets and there are no smart contracts involved. you simply connect your wallet to turtle and then receive the rewards when the projects payout. this means that even if you unknowingly deposit into a turtle partner protocol, you will still receive boosted incentives. turtle tracks participation through api integrations with partner protocols.

**disclosures / disclaimers:** 

none of this is risk-free. you’re still taking defi risk when you deposit into any vault or campaign. i’m not qualified to audit smart contracts, and even a well-run program can fail. personally, i’ve been impressed with how turtle approaches risk management and partnerships, but you should still size positions accordingly.

nfa. defi carries real risk. never put in more than you can afford to lose.",btc,en,15.0,1.0,1mtutin,CryptoCurrency,,,,,
2025-08-18 16:02:44+00:00,,reddit,https://www.reddit.com/r/CryptoCurrency/comments/1mtq6rf/bitcoiners_and_debating/,"bitcoiners and debating bitcoiners love debating the complexity of bitcoin, but i approach it from a different angle,.

. the truth is, the more complex a system becomes, the less efficient it tends to be, and complexity almost always invites new vulnerabilities. that’s one of the main reasons why elon musk has openly distanced himself from promoting bitcoin as a practical payment network. 

instead of praising complexity for its own sake, we should question whether simplicity, efficiency, and resilience are actually the real strengths a currency should aim for.",btc,en,0.0,55.0,1mtq6rf,CryptoCurrency,,,,,
2025-08-18 15:32:09+00:00,,reddit,https://bitcoinist.com/us-bitcoin-holdings-top-24-billion/,united states’ bitcoin holdings top $24 billion after ruling out buying,btc,en,112.0,13.0,1mtpcgd,CryptoCurrency,,,,,
2025-08-18 15:24:26+00:00,,reddit,https://www.reddit.com/r/CryptoCurrency/comments/1mtp4p2/ive_shifted_it_all_to_stablecoins_after_hitting/,"i've shifted it all to stablecoins after hitting my targets, this time around ok so i aped in back in 2020-2021, was up 20-30%, and proceeded to watch it all burn down. i was so mad i didn't take any profits, i promised i wouldn't let it happen again. i proceeded to diamond-hands it for the next couple of years through the winter. back in december, i saw that nice peak for btc and eth and tried to unload, but realised i hadn't verified my offramp, and got stuck holding the bag. again! this time i got it all setup, verified, and ready to rock. set my sell targets (just 3-4 of them, keep it simple) and watched the sales stack up. as of last week, i'm completely liquid. moved it all to usdc earning 4+% on coinbase. it's not my fave platform, but there's no stable coin staking on trezor so it works for now. i won't be surprised if this market correction reverses and we see new aths, but right now i'm sitting on 40% profit and feel amazing about it. i'm off the rollercoaster for a bit.  

summary: set your targets, and stick to them. if you're looking to cash out, verify your offramp. and if you're moving funds around, always do a test transaction. nobody knows shit about fuck, including me, but having a plan is better than winging it. good luck out there.",btc,en,161.0,114.0,1mtp4p2,CryptoCurrency,,,,,
2025-08-18 12:07:34+00:00,,reddit,https://www.ainvest.com/news/bitcoin-news-today-ipaybtc-processes-2-million-bitcoin-payments-nigeria-lightning-network-2508/,"ipaybtc processes $2 million in bitcoin payments across nigeria using lightning network \- prince ogbonna founded ipaybtc in 2023 to simplify bitcoin adoption in nigeria after facing swift payment inefficiencies during lockdowns.

\- the platform processes $2m+ in transactions using bitcoin lightning network, enabling instant airtime/data/electricity purchases at low costs.

\- ipaybtc prioritizes practical utility over speculation, with user-friendly design and educational initiatives targeting 500k+ nigerian users.

\- future plans include regional expansion across sub-saharan africa and hybrid banking integrations to facilitate bitcoin-fiat currency conversions.",btc,en,22.0,4.0,1mtk5za,CryptoCurrency,,,,,
2025-08-18 11:54:53+00:00,,reddit,https://www.msn.com/en-us/money/savingandinvesting/uk-must-change-bitcoin-rules-to-catch-up-with-trump/ar-AA1KJe9l?ocid=finance-verthp-feeds,uk must change bitcoin rules to catch up with trump,btc,en,40.0,32.0,1mtjw47,CryptoCurrency,,,,,
2025-08-18 10:29:04+00:00,,reddit,https://finance.yahoo.com/news/bitcoin-140-000-traders-load-095835942.html,"bitcoin at $140,000? traders load over $1bn into bets that price will surge in september",btc,en,257.0,35.0,1mti9hn,CryptoCurrency,,,,,
2025-08-18 09:30:10+00:00,,reddit,https://cryptoslate.com/bitcoin-risks-further-slide-toward-112000-after-surprise-market-correction/,"bitcoin risks further slide toward $112,000 after surprise market correction",btc,en,193.0,45.0,1mth94h,CryptoCurrency,,,,,
2025-08-18 07:57:20+00:00,,reddit,https://crypto.news/metaplanet-expands-bitcoin-holdings-with-775-btc-purchase/,metaplanet expands bitcoin holdings with 775 btc purchase,btc,en,0.0,1.0,1mtfrup,CryptoCurrency,,,,,
2025-08-18 07:57:33+00:00,,reddit,https://news.bitcoin.com/japans-fsa-to-approve-first-yen-denominated-stablecoin-jpyc-this-autumn/,"japan's fsa to approve first yen-denominated stablecoin, jpyc, this autumn – news bytes bitcoin news",btc,en,3.0,2.0,1mtfrz9,CryptoCurrency,,,,,
2025-08-18 07:57:01+00:00,,reddit,https://www.cointribune.com/en/bitcoin-to-280k-brandt-and-halls-cycle-model-stuns-market/,btc to explode again ? brandt thinks so,btc,en,0.0,5.0,1mtfrp4,CryptoCurrency,,,,,
2025-08-18 02:42:35+00:00,,reddit,https://www.ainvest.com/news/bitcoin-news-today-bitcoin-mining-profitability-jumps-2-price-hashrate-rise-7-5-2508/,bitcoin mining profitability jumps 2% as price and hashrate rise 7% and 5%,btc,en,9.0,4.0,1mta66l,CryptoCurrency,,,,,
2025-08-17 20:04:40+00:00,,reddit,https://www.benzinga.com/crypto/cryptocurrency/25/08/47174788/jack-dorsey-advocates-for-bitcoin-use-as-everyday-currency-as-it-was-designed-to-be,jack dorsey advocates for bitcoin use as everyday currency ‘as it was designed to be',btc,en,354.0,185.0,1mt12tl,CryptoCurrency,,,,,
2025-08-17 19:47:12+00:00,,reddit,https://cointelegraph.com/news/us-fund-bitcoin-strategic-reserve-tariff-surplus?utm_source=feedly_feed&utm_medium=rss&utm_campaign=rss_partner_inbound,us should fund bitcoin strategic reserve with tariff surplus,btc,en,0.0,23.0,1mt0miy,CryptoCurrency,,,,,
2025-08-17 19:07:28+00:00,,reddit,https://www.reddit.com/gallery/1mszlde,bitcoin volatility hits near all-time lows - now even more stable than gold as institutional inflows calm the market source: [https://x.com/btc\_archive/status/1957155397095039353](https://x.com/btc_archive/status/1957155397095039353),btc,en,0.0,15.0,1mszlde,CryptoCurrency,,,,,
2025-08-17 18:55:13+00:00,,reddit,https://www.reddit.com/gallery/1msz9gw,"in uk, this is what happens when you try to buy bitcoin (monzo) cross posted this on r/btc and absolutely gone mental. this is when i tried to deposit £6.5k to kraken to buy btc. the “fintech” bank monzo froze my account and asking me my entire crypto history.",btc,en,511.0,209.0,1msz9gw,CryptoCurrency,,,,,
2025-08-17 18:00:52+00:00,,reddit,https://www.benzinga.com/crypto/cryptocurrency/25/08/47174876/could-bitcoin-really-hit-280000-in-2025-this-legendary-trader-thinks-so?utm_source=coingecko&amp;utm_campaign=partner_feed&amp;utm_medium=partner_feed&amp;utm_content=site,"could bitcoin really hit $280,000 in 2025? this legendary trader thinks so",btc,en,0.0,18.0,1msxu3c,CryptoCurrency,,,,,
2025-08-17 17:35:29+00:00,,reddit,https://cointelegraph.com/news/bitcoin-risks-2025-correction-btc-price-uptrend-starts-7th-week,bitcoin risks new 2025 correction as btc price uptrend starts 7th week,btc,en,7.0,4.0,1msx5jb,CryptoCurrency,,,,,
2025-08-17 13:51:38+00:00,,reddit,https://peakd.com/hive-167922/@taskmaster4450/bitcoin-treasury-in-taiwan-and-1m-bitcoin-hat,bitcoin treasury in taiwan and $1m bitcoin,btc,en,21.0,2.0,1msrh0p,CryptoCurrency,,,,,
2025-08-17 13:05:49+00:00,,reddit,https://cryptopotato.com/eth-poised-for-bigger-gains-than-btc-according-to-this-indicator/,"eth poised for bigger gains than btc, according to this indicator",btc,en,40.0,8.0,1msqfcb,CryptoCurrency,,,,,
2025-08-17 11:28:27+00:00,,reddit,https://cointelegraph.com/news/bitcoin-price-forecast-2025-bear-market-dooms-crypto-executive?utm_source=feedly_feed&utm_medium=rss&utm_campaign=rss_partner_inbound,bitcoin has ‘greater than 50% chance’ of $150k before bear hits,btc,en,308.0,85.0,1msog6a,CryptoCurrency,,,,,
2025-08-17 08:12:38+00:00,,reddit,https://www.reddit.com/r/CryptoCurrency/comments/1msl9xb/thoughts_on_tarixtm/,"thoughts on tari(xtm)? i'm mining the coin though xmrig right now, but i'm not sure whether i should convert it to btc or keep holding onto it(i'm pretty sure i wouldn't earn much btc through it). tari seems stable enough and is backed up by the monero(xmr) devs(i heard), which seems stable. however, as i'm a newbie in cryptocurrency, i’m not sure about its potential or use cases. so please help me if i should hold it in case it gains value, or just convert it now to bitcoin for a safer option. any advice would help me.",btc,en,0.0,6.0,1msl9xb,CryptoCurrency,,,,,
2025-08-17 07:09:45+00:00,,reddit,https://medium.com/@anishnarayan/bitcoin-and-cryptocurrency-in-india-pros-cons-regulations-and-market-reality-8615dde42b28?sk=4afebdfe179cbdbc26abec0a3bddf8f4,"bitcoin and cryptocurrency in india: pros, cons, regulations, and market reality",btc,en,10.0,3.0,1msk9cq,CryptoCurrency,,,,,
2025-08-17 06:09:44+00:00,,reddit,https://cryptoslate.com/escape-the-fiat-farm-how-bitcoin-breaks-the-chains-of-wage-slavery/,escape the fiat farm: how bitcoin breaks the chains of ‘wage slavery’,btc,en,2.0,11.0,1msj8uj,CryptoCurrency,,,,,
2025-08-16 21:47:14+00:00,,reddit,https://www.newsbtc.com/news/bitcoin/institutional-bitcoin-holdings-near-20-of-supply-wall-streets-new-playground/?utm_source=coingecko&utm_content=coingecko&utm_campaign=coingecko&utm_medium=coingecko&utm_term=coingecko,institutional bitcoin holdings near 20% of supply—wall street’s new playground?,btc,en,12.0,3.0,1ms8tu5,CryptoCurrency,,,,,
2025-08-16 19:14:43+00:00,,reddit,https://blockchain.news/flashnews/btc-dominance-breakdown-how-to-time-altcoin-buys-on-btc-d-bounces-in-2025,btc dominance breakdown: how to time altcoin buys on btc.d bounces in 2025,btc,en,0.0,8.0,1ms4rgl,CryptoCurrency,,,,,
2025-08-16 16:34:52+00:00,,reddit,https://www.coindesk.com/markets/2025/08/16/adam-back-s-usd2-1b-bitcoin-treasury-play-set-to-challenge-mara-in-btc-holdings,adam back’s $2.1b btc treasury play plans to overtake mara in btc holdings,btc,en,47.0,5.0,1ms0ay0,CryptoCurrency,,,,,
2025-08-16 15:47:21+00:00,,reddit,https://dailyhodl.com/2025/08/16/coinbase-says-market-signalling-potential-rotation-from-bitcoin-predicts-full-scale-altcoin-season-heading-into-september/,"coinbase says market signalling potential rotation from bitcoin, predicts full-scale altcoin season heading into september",btc,en,135.0,37.0,1mryz30,CryptoCurrency,,,,,
2025-08-16 15:40:31+00:00,,reddit,https://www.reddit.com/r/CryptoCurrency/comments/1mrys1e/bitcoin_vs_nano_which_is_truly_stronger_against/,"bitcoin vs nano: which is truly stronger against spam attacks? (2025 update) - **bitcoin vs nano: which is truly stronger against spam attacks? (2025 update)**


- **i've been diving deep into crypto spam resistance lately, especially after some frustrating ai chats that kept hyping bitcoin's ""unbeatable"" pow while downplaying nano's massive upgrades.**

- **with bitcoin still dealing with ordinals/runes spam and nano rolling out killer anti-spam features in v28.1, i thought it'd be helpful to lay out a full, evidence-based comparison.**

- **this isn't shilling  nano has its adoption hurdles, and bitcoin is king for a reason,but on pure spam defense? nano wins hands down in 2025.**

- **spam attacks here mean flooding networks with junk transactions to congest, bloat, or disrupt (e.g., ddos-style floods, dust attacks, or content embedding like nfts).**

- **i'll break it down by mechanics, recent issues, and why nano's feeless model isn't the weakness it's painted as.**

- **quick background:**

  - **bitcoin: proof-of-work (pow) blockchain with fees. miners prioritize high-fee tx; low-fee spam gets delayed/dropped. but segwit discounts (75% off witness data) enable cheap data spam.**

  - **nano: feeless block-lattice with open representative voting (orv). each tx requires sender pow; upgrades add prioritization and limits to thwart floods.**

- **key spam types and how each handles them:**

  - **transaction floods (pure spam):**

    - **bitcoin: fees deter during high demand (e.g., $10+ per tx in peaks), but cheap in lulls (1-5 sat/vbyte = <$0.01). mempool can bloat, delaying legit tx.**

    - **nano: dynamic pow (dpow) scales computational cost per tx. post-2021 upgrades (v22-v25) added prioritization buckets—spam gets deprioritized based on balance/activity. no monetary cost, but hardware-bound.**

  - **content/data spam (e.g., inscriptions, nfts):**

    - **bitcoin: big issue in 2025. ordinals/runes embed arbitrary data, bloating utxo set and nodes. exploits like ""gamified spam"" persist, with no core fixes—miners profit from fees.**

    - **nano: no equivalent; block-lattice doesn't allow easy data embedding. feeless but pow + filters prevent abuse.**

  - **dust attacks (tiny tx for tracking/bloat):**

    - **bitcoin: common; dust thresholds exist, but bypassed with minimal fees. utxo bloat strains wallets/nodes.**

    - **nano: account-chains make dust irrelevant; low-balance tx are low-priority and auto-dropped if spammy.**

  - **ddos/resource exhaustion:**

    - **bitcoin: nodes handle via mempool limits, but high-volume spam (e.g., 2015/2017 attacks) still spikes fees/node load.**

    - **nano: v28.1's bounded block backlog (bbb) caps unconfirmed tx at 100,000, preventing exhaustion. traffic shaping evens bandwidth, vote filters dedupe junk.**

- **2025 updates and recent issues:**

  - **bitcoin: no major anti-spam prs in core. ordinals/runes spam continues, with debates on ""design flaws"" (e.g., luke dashjr calls it exploitable). fees hit $305m weekly, partly from spam competition. hacks/phishing up, but that's not network spam.**

  - **nano: v28.1 (june 5, 2025) is a game-changer: bbb limits backlog, traffic shaping reduces congestion, vote filters cut bandwidth waste. no spam incidents since 2021—community calls it ""unspamable at scale."" rocksdb upgrades boost node stability.**

- **from older discussions (e.g., 2021 reddit thread on nano vs btc security), nano learned from attacks and evolved, while bitcoin's issues linger.**

- **head-to-head comparison :**

  - **aspect: primary defense**

    - **bitcoin (2025 reality): pow + fees: effective in bull markets but fails in lulls; low-fee data spam thrives (ordinals at 75% discount).**

    - **nano (2025 strengths): dpow + prioritization: computational cost scales; bbb (100k tx cap) and traffic shaping block floods consistently.**

  - **aspect: cost to attack**

    - **bitcoin (2025 reality): financial (high in peaks, low otherwise); nation-states could spam via printing.**

    - **nano (2025 strengths): computational (hardware-intensive); consistent barrier, no fee reliance.**

  - **aspect: recent spam events**

    - **bitcoin (2025 reality): ongoing ordinals/runes bloat; utxo growth from ""gamified"" spam; no 2025 fixes.**

    - **nano (2025 strengths): zero since 2021; v28.1 vote filters dedupe junk, enhancing efficiency.**

  - **aspect: user impact**

    - **bitcoin (2025 reality): fee spikes/delays during spam; node strain risks decentralization.**

    - **nano (2025 strengths): legit tx prioritized; no fees, instant confirms (0.35s avg).**

  - **aspect: efficiency metrics**

    - **bitcoin (2025 reality): energy-hungry (pow); 1-7 tx/s limit.**

    - **nano (2025 strengths): 16,100x faster, 8.5m times more efficient; scales without bloat.**

  - **aspect: weaknesses**

    - **bitcoin (2025 reality): open design invites abuse; hype overlooks content spam.**

    - **nano (2025 strengths): lower adoption; relies on reps (but decentralized via voting).**

- **verdict: nano is stronger against spam in 2025. its upgrades address feeless risks head-on, while bitcoin's fee market is inconsistent and doesn't stop data exploits. if you're in for fast, free tx without spam worries, nano shines. bitcoin's edge is ecosystem size/security via hashpower.**",btc,en,0.0,13.0,1mrys1e,CryptoCurrency,,,,,
2025-08-16 08:46:34+00:00,,reddit,https://www.reddit.com/r/CryptoCurrency/comments/1mrpjc6/which_wallet_to_use/,"which wallet to use? hi all,

i know that a cold wallet is the safest way. i’m searching for a wallet on my iphone. i downloaded cake and exodus so far. 

i noted the phrases and so on. what i don’t understand is, if cake wallet shuts down the business or takes the app offline. can i then recover the wallet in another app using my phrases?

what i’d also like to know is, are there different fees when transferring crypto, or is the network fee always the same no matter which wallet i use?

i want to store btc/eth/xmr in my wallet.

thank you for your help and sorry for these beginner questions.",btc,en,0.0,14.0,1mrpjc6,CryptoCurrency,,,,,
2025-08-16 06:13:11+00:00,,reddit,https://www.coindesk.com/markets/2025/08/15/bitcoin-and-strategy-lead-on-risk-adjusted-returns-as-volatility-falls,btc and mstr lead risk-adjusted returns as volatility falls,btc,en,18.0,7.0,1mrmpew,CryptoCurrency,,,,,
2025-08-16 03:33:00+00:00,,reddit,https://www.reddit.com/r/CryptoCurrency/comments/1mrjj7o/south_koreans_dump_tesla_for_ethereum_treasury/,"south koreans dump tesla for ethereum treasury bitmine: asia express south korean retail traders have been dumping their us tech stocks and moving into ethereum plays instead. over the past few weeks they sold off around $721m worth of tesla, $166m of alphabet and $216m of apple, which is a massive rotation considering how popular those names are in korea. at the same time they poured about $269m into bitmine, a company that not only mines bitcoin but also holds ethereum in its treasury, making it one of the largest public eth holders. these so-called “seohak ants” (basically small but very active retail investors) seem to be shifting away from the traditional us tech growth trade and betting on crypto-exposed firms, especially ones tied to eth. it’s a pretty interesting signal of where retail sentiment in asia might be heading right now.",btc,en,106.0,16.0,1mrjj7o,CryptoCurrency,,,,,
2025-08-16 03:29:56+00:00,,reddit,https://www.reddit.com/gallery/1mrjgxf,"new to crypto - help needed, please hi all! first, please excuse my naïveté as i'm just dipping my toe into crypto.

i wanted some opinions/suggestions/assistance with a current crypto situation.

a guy i'm dating suggested this new coin. so i pumped almost $1500 into a ca and want to cash out or at least ""send"" it to myself on cashapp and cash it out to my bank account. 

the guy i'm seeing said i need to put another $500 into the ca in order for it to be able to swap or cash it out. but, based on what my base app is telling me, i just need some assets that are on the bnb network (same network as this new coin), and i can then swap it out to a ca of my choice, which would be the bitcoin wallet connected to my cashapp. 

the guy i'm dating originally told me after the first or second infusion of cash to the ca he sent me, that i would be able to withdraw. then it was ""okay, one more time and you should be able to cash out,"" but now he's saying it needs one more infusion of cash in order to make it be eligible to cash out!!!

and he's also saying that the ca is closing tomorrow and all the $ in my wallet will be worth nothing. it's of note that last weekend he also told me the ca was closing, but he said it was set to close ""on monday,"" as in this past monday, 4 days ago!!!

screenshot is  attached for reference. any information and/or resources you can point me to would be greatly appreciated!!! and, i specifically want to know the following:

1. is he just asking me to put more $ in so he can just take my $ for himself in his own ca/wallet and scamming me?
2. is this the normal for crypto? you have to put money in a ca then that ca account pushed money back to you? 
3. when a ca closes, does that truly render the funds in my wallet useless?
4. if it's not useless, can i do the following to get the $ to my bank account? 
    * buy another coin that's also on the bnb network to have it as an asset -> go to my wallet and ""send"" the funds to the ca -> connected to my cashapp crypto wallet -> cash out my cashapp crypto  wallet to my bank account connected to my cashapp
5. if the above is not the case, how should i go about trying to get the funds out of my wallet?? and is timing a factor for this (ie the ca ""closing"" and all that??

thank you in advance! your assistance is greatly appreciated!!!",btc,en,0.0,23.0,1mrjgxf,CryptoCurrency,,,,,
2025-08-16 01:20:17+00:00,,reddit,https://www.reddit.com/r/CryptoCurrency/comments/1mrgmow/why_corporate_bitcoin_hoarding_could_trigger_the/,"why corporate bitcoin hoarding could trigger the next big crypto selloff by july 2025 public companies were sitting on 917,853 btc and one of them, saylor’s strategy, holds 607,700 of that, it about 2.9% of all bitcoin. a year ago the total corporate stash was just 325,400 btc, so the growth has been insane. 

a lot of these new players aren’t just diversifying like tesla or coinbase. some are miners holding instead of selling, but a growing chunk are basically quasi-etfs whose whole business is piling up btc per share and even branching into eth or sol. 

they raise money with convertible bonds, which means if things go south they might have to dump coins to cover debt. that’s where the domino risk comes in. even if the first big debt maturities aren’t until 2029, a single panic sell could shake confidence and spark a chain reaction long before then. 

the irony is bitcoin was born after the 2008 crash to get away from wall street’s risky games, and now those same mechanics could end up being the weak spot in the market.",btc,en,391.0,114.0,1mrgmow,CryptoCurrency,,,,,
2025-08-15 22:12:16+00:00,,reddit,https://www.reddit.com/r/CryptoCurrency/comments/1mrc4i5/my_crypto_regret/,"my crypto regret this will be a long post, but i recommend you read it. if things continue like this, i'll probably end my life in two days because of crypto, because i don't know if anyone still wants to dabble in crypto. i started playing crypto a year ago, back when i was a student (keep in mind that my country's economy is terrible). i was living a good student life with $1,000, earning 1% profit every two or three days. now that my studies are over (i'm a civil engineer), and my scholarships are finished, i've poured almost all of my money into crypto. i spent $3,000, earning 1% profit every two or three days, trying to survive and find a job. of course, thanks to crypto fluctuations (like omn and neiro), my $3,000 disappeared. since i was still unemployed, i had no money left. thinking this was just an unfortunate event, i took out a $3,000 bank loan and invested it in crypto, earning 1% profit to get by. then my money dropped to $1000 and i thought the only solution was to triple my money or i wouldn't even have money to eat anymore (i was seriously surviving on $20 a day). so i put half of my money in forward-dated loans and the remaining half in solana coins. my $500 became liq and my money doubled in solana coins (pumpfun etc.). while i was waiting for it to go up a little more, my money went to zero and i suddenly got rug. i thought this was due to my greed and thought i could actually withdraw double that amount. i took out another $3000 loan (i was still looking for a job while doing all this) and tried it, the result was rug. i'm currently at about -$6000 and have no income. this is how i'm in a terrible situation because of crypto greed. you guys, don't invest your money in any ridiculous coins other than bitcoin. i love you, my friends, you're dear.",btc,en,0.0,44.0,1mrc4i5,CryptoCurrency,,,,,
2025-08-15 21:11:10+00:00,,reddit,https://www.reddit.com/gallery/1mrai7d,"public company nakamoto closes $200 raise ""to purchase more bitcoin"" source: [https://x.com/bitcoinmagazine/status/1956462807261528394](https://x.com/bitcoinmagazine/status/1956462807261528394)",btc,en,41.0,21.0,1mrai7d,CryptoCurrency,,,,,
2025-08-15 17:06:15+00:00,,reddit,https://www.reddit.com/r/CryptoCurrency/comments/1mr3u58/the_top_could_be_in_but_its_unlikely_however_it/,"the top could be in, but it's unlikely.  however, it might be coming soon... and based on past data, it's most likely to occur in q4. historically, bitcoin’s cyclical tops have occurred about **500 days +/-** after the halving, with the duration gradually lengthening each cycle.

there isn't enough data to say if the ""duration lengthening"" part is a trend or more the result of macro events around the time of each bull market.

# 1st halving

* **halving date:** nov 28, 2012
* **cycle top:** dec 4, 2013
* **371 days**

# 2nd halving

* **halving date:** jul 9, 2016
* **cycle top:** dec 17, 2017
* **526 days**

# 3rd halving

* **halving date:** may 11, 2020
* **cycle top:** nov 10, 2021
* **546 days**

# 4th halving

* **halving date:** apr 19, 2024
* **today:  483 days**

cycle tops have also **always happened in q4**, within a month or two of the end of the year.  taxes would be the obvious reason for that pattern.",btc,en,3.0,29.0,1mr3u58,CryptoCurrency,,,,,
2025-08-15 20:48:52+00:00,,reddit,https://i.redd.it/f0uy8wgww8jf1.png,"bitcoin just had its biggest week ever - fed out, treasury in, $124k ath! huge bitcoin news this week:

* fed ends bank supervision for bitcoin and crypto
* treasury secretary plans to acquire more bitcoin for u.s. reserves
* avenir now holds $1.3b in bitcoin etfs
* jack dorsey’s block releases 1st american-made bitcoin mining asic
* september fed rate-cut odds surge
* bitcoin hits new all-time high above $124k 

adoption rising. liquidity building. new highs imminent. 

source: [https://x.com/btc\_archive/status/1956431206859374921](https://x.com/btc_archive/status/1956431206859374921)",btc,en,39.0,26.0,1mr9wl9,CryptoCurrency,,,,,
2025-08-15 20:42:28+00:00,,reddit,https://cointelegraph.com/news/bitcoin-traders-absorb-the-dips-but-ghost-month-could-extend-woes?utm_source=feedly_feed&utm_medium=rss&utm_campaign=rss_partner_inbound,bitcoin traders absorb the dips but ‘ghost month’ could extend woes,btc,en,17.0,7.0,1mr9qe4,CryptoCurrency,,,,,
2025-08-15 19:03:04+00:00,,reddit,https://decrypt.co/335491/ethereum-etf-inflows-outpace-bitcoin-etfs-fifth-straight-day,ethereum etf inflows outpace bitcoin etfs for fifth straight day,btc,en,131.0,20.0,1mr72fl,CryptoCurrency,,,,,
2025-08-15 18:44:55+00:00,,reddit,https://www.reddit.com/r/CryptoCurrency/comments/1mr6kks/spk_spark/,"spk (spark) what's happening to spk?

it's been experiencing decline since a few days and seems to go below its support point. they seem to unlock tokens everyday but it was not a huge impact before. they are doing rewards season which doesn't really makes sense if the coin is not worth anything.

now, its a consistent decline, any advice will be highly appreciate.

below is copied from coinmarketcap

spark (spk) fell 6.68% in 24h, extending a 29% weekly decline despite a 139% 30-day rally. key factors:

1. profit-taking after rally - spk surged 37% last week, triggering sell-offs near $0.126 resistance.

2. bearish technicals - oversold rsi (33) and macd divergence signal weak momentum.

3. market-wide dip - crypto market fell 0.74%, with altcoins underperforming bitcoin's dominance (59.1%).",btc,en,0.0,16.0,1mr6kks,CryptoCurrency,,,,,
2025-08-15 18:13:46+00:00,,reddit,https://www.reddit.com/r/CryptoCurrency/comments/1mr5pz2/deposited_to_unfamiliar_address/,"deposited to unfamiliar address i was making a bitcoin deposit using moonpay. i copied and pasted the address, so it wasn't possible for me to enter the wrong address, yet somehow moonpay deposited into a completely different address than the one i pasted into the field. does anyone have any guesses as to how this could have happened and what my next steps should be? i'm at a loss as to how to proceed or where the mistake was made. the address link in my confirmation email sends me to block chain and it has had no transactions before, so i'm not sure that it's owned by anyone.",btc,en,3.0,18.0,1mr5pz2,CryptoCurrency,,,,,
2025-08-15 17:34:51+00:00,,reddit,https://news.bitcoin.com/640-million-flows-into-ether-etfs-as-bitcoin-etfs-notch-7th-day-of-gains/,$640 million flows into ether etfs as bitcoin etfs notch 7th day of gains,btc,en,53.0,5.0,1mr4myx,CryptoCurrency,,,,,
2025-08-15 16:07:08+00:00,,reddit,https://bitcoinmagazine.com/politics/indias-first-bitcoin-think-tank-launches-on-independence-day-its-mission-financial-sovereignty,"india’s first bitcoin think tank launches on independence day. its mission? financial sovereignty they claim to be the first, but maybe they are not. good pr though.",btc,en,10.0,1.0,1mr27df,CryptoCurrency,,,,,
2025-08-15 15:44:48+00:00,,reddit,https://www.reddit.com/r/CryptoCurrency/comments/1mr1kt9/anyone_else_worried_that_the_increasing_amount_of/,"anyone else worried that the increasing amount of big companies, institutions, sovereign funds, etfs, rich countries, and even gulf states etc... all amassing ungodly amounts of btc, could drain otc trading, and could start to siphon the available supply on exchanges? many of these entities make their purchases otc (over the counter), so it usually doesn't affect exchanges directly too much.

but otc doesn't mean unlimited supply. nor is it in a total vacuum.

those coins have to end up on those otc trader hands somehow.

the problem is a lot of these new whales and mega funds are hoarding btc and not planning on selling any time soon.

so that otc money is moving increasingly more in one direction, and not a lot is gonna come back to be sold.

what happens if these growing mega funds want to load up on more coins, but there isn't an otc seller available, or the sellers don't have enough coins?

they could increase the price, but if they increase it too much, it's gonna get buyers to go on exchanges.

otc traders are gonna have to fill some of those gaps somehow, and the next option is with coins from exchanges.

the actual bitcoins available on exchanges for people to buy, had been dropping since last november:

[declining available supply on exchanges vs price](https://preview.redd.it/yssg7y9a97jf1.jpg?width=1920&format=pjpg&auto=webp&s=a01e4dcfaa0a3734887f1258777b9137df9603ea)",btc,en,35.0,90.0,1mr1kt9,CryptoCurrency,,,,,
2025-08-15 14:00:30+00:00,,reddit,https://www.reddit.com/r/CryptoCurrency/comments/1mqyora/jim_cramer_once_again_this_guy_is_a_legend/,"jim cramer once again! this guy is a legend! and you thought after hitting an all time high (ath) of 124,000, there was no looking back for btc. but we forgot about mr. cramer. he wasn't in the spotlight and we thought the jim cramer effect was a talk of legends. 

here, he did it again.

https://preview.redd.it/ekn03c7gv6jf1.png?width=530&format=png&auto=webp&s=dec041167a9314168ef9b1932d778bb4e1f089d5

jim cramer is the legend.

in other news, eth shed its hulk anxiety (from avengers end game) and let out the hulk. the incredible eth zoomed past 3000, 3500, 4000, 4500 and now touched 4700. btc was glad to have its old time comrade joining the ath game.  my only hope is that cramer stays away from eth.",btc,en,50.0,11.0,1mqyora,CryptoCurrency,,,,,
2025-08-15 10:52:00+00:00,,reddit,https://news.bitcoin.com/ripple-director-latam-is-leading-the-worlds-crypto-discussion/,ripple director: latam is leading the world's crypto discussion – crypto news bitcoin news,btc,en,1.0,0.0,1mqubuv,CryptoCurrency,,,,,
2025-08-15 09:47:43+00:00,,reddit,https://cryptoslate.com/insights/norways-sovereign-wealth-fund-boosts-bitcoin-exposure-by-192-in-2025/,norway’s sovereign wealth fund boosts bitcoin exposure by 192% in 2025,btc,en,212.0,9.0,1mqt43f,CryptoCurrency,,,,,
2025-08-15 07:26:07+00:00,,reddit,https://cointelegraph.com/news/us-treasury-still-exploring-budget-neutral-bitcoin-buys-secretary-says,us treasury’s bessent backpedals: bitcoin buying still possible,btc,en,91.0,17.0,1mqqnro,CryptoCurrency,,,,,
2025-08-15 05:45:09+00:00,,reddit,https://cointelegraph.com/news/bitcoin-top-signal-price-chart-similar-2021-history-repeat,bitcoin charts are similar to the 2021 top: will history rhyme?,btc,en,40.0,16.0,1mqov3k,CryptoCurrency,,,,,
2025-08-15 01:20:29+00:00,,reddit,https://www.reddit.com/r/CryptoCurrency/comments/1mqji9q/why_do_people_think_their_blockchains_are_fully/,"why do people think their blockchains are fully on chain? **look into the blockchain you invest in.**  
do not just take the marketing material or a social media post at face value. take the time to understand how it works, where it runs, and who controls it. many people assume that because something is called a blockchain it is automatically fully on chain, but that is rarely the case. aside from value focused blockchains like bitcoin, and execution focused blockchains such as ethereum, the only major platform that runs everything including compute, storage, governance, and execution fully on chain is the internet computer protocol. most others are hybrids at best or partially centralized ledgers presented as blockchains.

when we talk about a blockchain being on chain we are talking about more than just recording transactions in a public ledger. it means the application logic, state changes, and data storage actually live on the blockchain itself where they are verifiable, tamperproof, and run without reliance on third party servers. in a true on chain model, everything from the code to the data is hosted and executed by the decentralized network. remove a node or even multiple nodes and the system continues running because no part of it depends on a single party’s infrastructure.

most blockchains do not operate this way. they run a consensus layer on chain to record transactions, but push the heavy lifting off chain. smart contracts often store pointers to data rather than the data itself. applications usually run their frontends and backends on centralized services like aws, google cloud, or other traditional hosting. even in networks with many validators, the core application stack can still be dependent on centralized infrastructure for hosting, computation, or indexing. if that off chain infrastructure goes down, the application breaks even if the ledger is still technically online.

this hybrid setup creates several problems. it weakens the tamperproof claim because if your backend logic or user interface is controlled by a single company it can be altered or shut down without consensus from the network. it increases the attack surface because hacks and exploits often occur when the off chain backend or bridge is compromised. these incidents are not blockchain ledger breaches but failures caused by centralized components that sit outside the chain.

we see this pattern repeatedly. the headlines about millions of dollars stolen from a protocol often trace back to a compromised front end, a faulty library, or an insecure key. the blockchain ledger itself remains untouched, but because the application logic lives off chain, an attacker can reroute funds or trick users into approving malicious transactions. these incidents happen because the system was never truly self contained on chain to begin with.

icp was built to avoid this problem entirely. its architecture allows developers to deploy canisters, which are smart contracts that can contain both code and data, directly to the blockchain. the frontend, backend, and database can all be hosted on chain and served directly from the network to the user’s browser without intermediaries. this removes the need for aws buckets, centralized backends, or hidden infrastructure dependencies. the code running your application is exactly what you can verify on the blockchain.

ethereum offers an open execution environment where smart contracts live on chain and run without central servers. however, because ethereum is expensive and slower for high volume storage and complex computation, many applications built on ethereum rely on off chain infrastructure for parts of their stack. this is a practical trade off, but it blurs the line between being on chain and being merely anchored to a blockchain.

value based blockchains like bitcoin operate differently. they focus entirely on securing the transfer of value and maintaining a censorship resistant ledger. they do not claim to run applications or host data on chain, so they avoid the mismatch between expectation and reality. their simplicity contributes to their security.

for other blockchains, the marketing often paints a picture of a fully decentralized self contained system when that is not the truth. the moment you realize that the application you use depends on a centralized backend you should also realize that the guarantees of decentralization and tamperproof operation no longer fully apply. this is why so many exploits are possible. attackers target the weak links, and in most so called blockchains, those weak links are off chain.

if you are investing in a project, understand the difference between a ledger on chain and a full application on chain. ledger only platforms can be fine for certain use cases, but they will never provide the same guarantees as a network where the entire stack, from smart contract logic to user facing code, is decentralized. icp proves that it is possible. the question is whether the others even want to try, because moving to a fully on chain architecture would require fundamentally rethinking their business models and governance structures.

until then, the next time someone claims their favorite blockchain is fully on chain, ask them where the application logic runs, where the data lives, and what happens if their chosen cloud provider shuts down for a week. if they cannot answer without naming a centralized service, you will know exactly how on chain it really is.",btc,en,26.0,95.0,1mqji9q,CryptoCurrency,,,,,
2025-08-14 22:56:40+00:00,,reddit,https://www.reddit.com/r/CryptoCurrency/comments/1mqg51a/edge_definitive/,"$edge (definitive) why is no one talking about edge ???
it has been doing amazingly well the last few weeks!! outperformed the market significantly (without considering your pookie dookie meme coins that gain 5billion % in 5 minutes and dump)

looking at the correlation with bitcoin, it keeps swinging up and down with a tendency to mostly correlate when bitcoin is going up. it has been a great hedge for me so far (this and cro, but cro much, much less of a performance)

for those who have no idea what this coin is, it is by far, the most advanced trading platform on-chain that looks like your typical centralized professional trading platform. it is being heavily used by institutional investors.

i tried looking at peers and competitors and there are none that come close in terms of features, interface, but most importantly what it offers. gas-free swaps between chains.

anyyywaaaaaaaaays, maybe i am just an idiot who can’t see the pump and dump… but even the team is a great one.

all this to say: why is there not much discussion going on about it on reddit and on forums???



tldr: why is edge not being talked about more?? it’s a great performer with very strong and one-of-a-kind, utility.",btc,en,2.0,36.0,1mqg51a,CryptoCurrency,,,,,
2025-08-20 20:43:41+00:00,,reddit,https://www.reddit.com/r/CryptoCurrencyTrading/comments/1mvqr47/best_crypto_exchanges_and_apps_for_august_2025_by/,"best crypto exchanges and apps for august 2025 by investopedia do you agree with this list?

* **best for low fees:** kraken
* **best for security, best for experienced traders:** gemini
* **best for beginners:** coinbase
* **best mobile app, best for bitcoin:** crypto.com
* **best for altcoins:** bitmart

resource: investopedia",btc,en,3.0,3.0,1mvqr47,CryptoCurrencyTrading,,,,,
2025-08-19 15:09:06+00:00,,reddit,https://www.reddit.com/r/CryptoCurrencyTrading/comments/1mul4qo/trading_btceth_through_a_forex_broker_instead_of/,"trading btc/eth through a forex broker instead of exchanges?  most people i know trade crypto on binance or bybit, but i’ve been curious about trying a multi-asset broker that offers both fx and crypto. idea is that i could manage eth, btc, and usd/jpy together instead of splitting capital across different platforms.

anyone here done this? how’s the liquidity and order execution compared to big crypto exchanges?",btc,en,2.0,6.0,1mul4qo,CryptoCurrencyTrading,,,,,
2025-08-24 14:32:20+00:00,,reddit,https://inbitcoinwetrust.substack.com/p/bitcoins-unlikely-marketing-team,"bitcoin's unlikely marketing team: the governments that try to ban it. the irony is rich. in their fight to preserve the past, they are ensuring the future of a new financial paradigm.",btc,en,2.0,1.0,1myx4nb,CryptoMarkets,,,,,
2025-08-24 13:17:12+00:00,,reddit,https://www.reddit.com/r/CryptoMarkets/comments/1myvcb0/calm_today_edge_tomorrow/,"calm today, edge tomorrow? quick breakdown on btc’s action today:
price: ~$114,600, down ~0.4% intraday
range: $114,566–$115,579

the hype right now is about powell’s soft tone at jackson hole, hinting at possible rate cuts. that drove some short-lived upside earlier this week.

but here's the weird part: volumes are quiet, retail activity is quiet… yet bitcoins's still holding its ground.

so what’s your take?",btc,en,1.0,9.0,1myvcb0,CryptoMarkets,,,,,
2025-08-24 11:28:50+00:00,,reddit,https://www.reddit.com/r/CryptoMarkets/comments/1myt4xd/september_dump/,"september dump? so on jackson hole speech day we saw a pump due to powell kinda hinting we will get a rates cut. btc dominance is dropping yadi yada but benjamin cowen seems to be quite confident bitcoin will dump in september and btc dominance will surge back up. wont that put alts at a new low? i dont see how people are still bullish lol. btc, eth, sol and xrp will do fine im sure but the other top 50 alts are just going to get rekt no?",btc,en,5.0,14.0,1myt4xd,CryptoMarkets,,,,,
2025-08-24 10:05:25+00:00,,reddit,https://www.reddit.com/r/CryptoMarkets/comments/1myrpgh/honest_reality_about_crypto/,"honest reality about crypto hello to all experts especially. i would like to personally clarify my doubts once and for all. because i'm really confused and at the same time fascinated by cryptocurrencies. i would really like to understand if starting today there is really a possibility of having a golden pension and if so, how much would be the right ideal to invest. a few weeks ago i decided and i would like to invest 250 euros per month but only in cryptocurrencies such as btc, eth etc. i would like sincere advice. any, if i should stop, if i shouldn't stop, if i should put in more, if i should stay on top of it etc. thank you all, a brotherly hug even if i don't know you 😂😂",btc,en,3.0,16.0,1myrpgh,CryptoMarkets,,,,,
2025-08-24 06:05:53+00:00,,reddit,https://www.reddit.com/r/CryptoMarkets/comments/1mynwlv/crypto_diversification_in_this_phase/,"crypto diversification in this phase i'm investing some money in btc. during this phase, should i rotate half of my stack to eth, or should i stick to btc?",btc,en,1.0,8.0,1mynwlv,CryptoMarkets,,,,,
2025-08-24 05:26:33+00:00,,reddit,https://cointelegraph.com/press-releases/bitcoin-asia-2025-takes-over-hong-kong-next-week-as-the-largest-of-its-kind-in-asia,all eyes on hong kong: bitcoin asia 2025 set to break records,btc,en,9.0,3.0,1myn8sk,CryptoMarkets,,,,,
2025-08-24 01:39:15+00:00,,reddit,https://www.reddit.com/r/CryptoMarkets/comments/1myj29c/need_some_guidance_please_help/,"need some guidance, please help! hi everyone !

i need some help. this is my first time posting on reddit and building a project, and i am looking for your insights and opinions, so please go easy on me. i apologize for the long read.

i have been interested in crypto (especially bitcoin and dogecoin since the election). i have been looking for crypto news but i have always found them either biased, too much data , quantitative metrics and at times confusing and sometimes, some ai regurgitated news. none of them personalize the news to your interests or portfolio and none of them fetch and feed the news which is actually valuable or needed. i feel most of the time people skim through twitter/reddit to find news which is good enough to spend money on.

so i thought what if i made a tool which could use ai to go through all crypto platforms, news platforms too, reddit , twitter, you name it.. and give you unbiased news based on your personalized interests which you can customize. basically filters news, alerts, noise and narratives based on your preferences (coins, sectors, nfts, defi, etc.)

so i started building a small project to solve this for myself, and i’d love your thoughts:

(1) pulls news from twitter, reddit, crypto sites, etc.

(2) filters it based on your interests (coins, nfts, defi, sectors).

(3) flags critical alerts early (narratives, tokens, regulations).

(4) uses ai to explain "" why it matters "" and give risk/reward confidence scores.

(5) sends a short daily newsletter with your personal highlights in plain english, not jargon.

i want to show what news was (1) detected , (2) why it matters and what (3) action you should take clearly! early alerts on narratives, tokens, or sectors you care about. i am trying to make it easily digestible for casual investors like me and actionable with confidence scores + plain-language explanations. i want to give risk/reward with confidence levels for each alert.

the most important part is that the news is simply not some bullshit summary, but analyzes, predicts, flags critical alerts, sends a daily email newsletter with your highlights, so you don’t have to scroll endless feeds.

my goal is to build not just another crypto newsletter, but something personalized, actionable (confidence levels, risks/rewards) and digestible for casual investors like me.

but i don’t know if i’m solving a real problem or just building a “meh” project.

since this is my first attempt, i’d really value your thoughts:

would something like this be useful to you?

what part feels valuable vs. “just noise”?

what would make you actually use or subscribe to a tool like this?

i’m not looking for customers right now, just validation and honest feedback (even if you think it’s dumb, please tell me).

i also made a mock landing page + dashboard preview so people can see what it might look like (not live yet, just a prototype). i know this is a bit premature, but i thought why not!

i would like to thank everyone for taking the time to read this fully and i thank any comments for my project.

thanks",btc,en,4.0,3.0,1myj29c,CryptoMarkets,,,,,
2025-08-23 13:55:39+00:00,,reddit,https://www.reddit.com/r/CryptoMarkets/comments/1my245j/how_do_you_diversify_your_crypto_portfolio/,"how do you diversify your crypto portfolio without overcomplicating it? with so many assets available, it’s tempting to spread investments too thin. how do you balance between major coins (btc, eth) and smaller-cap projects while managing risk effectively?",btc,en,5.0,19.0,1my245j,CryptoMarkets,,,,,
2025-08-23 09:28:21+00:00,,reddit,/r/HodlHorizon/comments/1mxwwad/crypto_markets_surge_as_powell_hints_at_september/,"crypto markets surge as powell hints at september rate cut — btc +4%, eth +14%, altcoins rally",btc,en,0.0,0.0,1mxwx3y,CryptoMarkets,,,,,
2025-08-23 09:14:06+00:00,,reddit,https://www.reddit.com/r/CryptoMarkets/comments/1mxwov6/how_do_people_cash_out_their_crypto/,how do people cash out their crypto? recently heard about btc and wondered how people sell hundreds of thousands worth of bitcoin at once on an exchange and transfer it to fiat. doesn’t it flag you because you’re transferring a substantial amount to your bank account? especially if you never had any large sums prior.,btc,en,4.0,25.0,1mxwov6,CryptoMarkets,,,,,
2025-08-23 05:26:10+00:00,,reddit,https://inbitcoinwetrust.substack.com/p/the-9-trillion-storm-deconstructing,"the $9 trillion storm: deconstructing arthur hayes' blueprint for a $250,000 bitcoin. to understand the coming paradigm shift, you must first grasp the six economic realities he unveiled.",btc,en,1.0,1.0,1mxszwn,CryptoMarkets,,,,,
2025-08-23 02:10:02+00:00,,reddit,https://www.reddit.com/r/CryptoMarkets/comments/1mxpbux/eth_just_pumped_hardwhats_everyones_move_right_now/,"eth just pumped hard,what’s everyone’s move right now? hey all, i’ve been dca’ing into btc but also looking at eth. 

with eth hitting ath, i’m curious what the community’s play is:
- are you taking profits?
- holding for higher levels?
- rotating into alts?
- buying more and at what price?

trying to get a feel for how people are positioning right now after this pump.",btc,en,84.0,107.0,1mxpbux,CryptoMarkets,,,,,
2025-08-22 20:52:36+00:00,,reddit,https://www.reddit.com/r/CryptoMarkets/comments/1mxi47e/nano_vs_bitcoin_comparison_of_security_models/,"nano vs bitcoin , comparison of security models guess what, it's not bitcoin vs monero 
 

https://x.com/i/grok/share/ispix4mvu7d8qqkwavp3kqiq8

https://x.com/i/grok/share/w8qzi9tszgteqbv7ijqocikqd",btc,en,0.0,2.0,1mxi47e,CryptoMarkets,,,,,
2025-08-22 20:31:19+00:00,,reddit,https://www.reddit.com/r/CryptoMarkets/comments/1mxhkp7/2171169_portfolio/,"$21,711.69 portfolio 	•	chainlink (link) — $6,122.97
	•	sui — $5,289.99
	•	polkadot (dot) — $2,471.08 (100% staked)
	•	solana (sol) — $2,009.96 (100% staked)
	•	aerodrome finance (aero) — $1,722.26
	•	cosmos (atom) — $1,047.64 (100% staked)
	•	arbitrum (arb) — $865.79
	•	mantle (mnt) — $659.31
	•	worldcoin (wld) — $510.00
	•	sei (sei) — $509.68
	•	keyboard cat — $497.24

💰 total portfolio value

$21,711.69



thoughts?…for alt season - & yes i do understand that i have no exposure to btc and eth. i have liquidity to add more - or add a couple more coins. what would you change/do differently? i may want to get rndr, icp, tia, ilvm or near.",btc,en,0.0,21.0,1mxhkp7,CryptoMarkets,,,,,
2025-08-22 19:48:55+00:00,,reddit,https://www.reddit.com/r/CryptoMarkets/comments/1mxghcl/looking_for_exchanges_offering_bitcoin_regular/,"looking for exchanges offering bitcoin, regular stocks, gold & silver - without kyc(?) 
hi everyone,

i’m searching for reliable exchanges that provide access to bitcoin, stocks, gold, and silver — preferably without mandatory kyc requirements. at the same time, it’s important that these platforms offer deposit protection, secure cold storage, and a user-friendly app.

i’m ofcourse open to jokes and memes, but i’d really appreciate any genuine advice or personal experiences you can share.

thanks in advance for your help!",btc,en,1.0,3.0,1mxghcl,CryptoMarkets,,,,,
2025-08-22 17:55:11+00:00,,reddit,https://www.reddit.com/r/CryptoMarkets/comments/1mxdhsu/how_do_you_stay_rational_during_volatile_crypto/,"how do you stay rational during volatile crypto markets? lately, the price swings in major coins like btc and sol have been intense. for some, it’s exciting, but for others, it can cause emotional decisions.

what are your strategies to avoid panic selling or fomo buying during volatile periods? do you set strict stop-losses, automate your dca, or just hold and ignore short-term moves?

would love to hear practical tips from experienced traders and investors on maintaining discipline in this space.",btc,en,0.0,16.0,1mxdhsu,CryptoMarkets,,,,,
2025-08-22 13:00:25+00:00,,reddit,https://www.reddit.com/r/CryptoMarkets/comments/1mx5v75/what_do_they_base_it_on_to_say_that_one_coin_is/,"what do they base it on to say that one coin is better than another, apart from btc and eth? when people compare different cryptocurrencies, what factors do they usually consider to say one is “better” than another (besides btc and eth)? is it the level of adoption, transaction speed, scalability, energy efficiency, decentralization, security, development team, or maybe the use cases behind the project? i’d like to know what the community values most when evaluating altcoins.",btc,en,5.0,7.0,1mx5v75,CryptoMarkets,,,,,
2025-08-22 12:42:58+00:00,,reddit,https://www.reddit.com/r/CryptoMarkets/comments/1mx5grv/what_factors_are_driving_altcoin_volatility_lately/,"what factors are driving altcoin volatility lately? i’ve noticed increased swings in many altcoins over the past few weeks, even when bitcoin remains relatively stable.

is this mainly due to liquidity changes, large holders moving funds, or broader market sentiment (macro news, etf flows, regulatory updates)?

would appreciate insights from those tracking on-chain data or market order books.",btc,en,6.0,7.0,1mx5grv,CryptoMarkets,,,,,
2025-08-22 09:07:49+00:00,,reddit,https://www.reddit.com/r/CryptoMarkets/comments/1mx1hvk/thoughts_on_jackson_hole_speech/,thoughts on jackson hole speech? do you guys think the market will pump or dump? i feel like we will pump for a bit then huge dump sadly. sigh bitcoin just doesnt have any upwards momentum and will continue to drag the market down with it. alts look like they're ready but every green candles are chopped right now,btc,en,4.0,28.0,1mx1hvk,CryptoMarkets,,,,,
2025-08-22 07:53:02+00:00,,reddit,/r/BitcoinBeginners/comments/1mx0c9d/there_are_historical_charts_pweekmonthyear_but_if/,there are historical charts p/week/month/year. but if you want to do daily dca you want to know what time of day the average bitcoin price is historically the lowest.,btc,en,1.0,1.0,1mx0ci6,CryptoMarkets,,,,,
2025-08-22 03:25:11+00:00,,reddit,https://www.reddit.com/r/CryptoMarkets/comments/1mwvr64/i_have_2000_whats_the_best_coin_or_currency_to/,"i have $2000 — what’s the best coin or currency to invest in right now? hey everyone, i’ve got about $2,000 that i’m planning to invest into crypto, and i’d love to get some opinions on the best way to approach it. i know the most common advice is to stick with bitcoin or ethereum since they’re the biggest and most established, but i’m also curious if there are any altcoins worth looking into for solid growth potential over the next few years. i’m not looking for a quick gamble or day trading, more of a medium to long-term investment where i can let it sit and hopefully grow. do you think it makes sense to put it all into one coin, or would it be smarter to split it across a few different projects? i realize everyone has different strategies, but i’d appreciate hearing what you’d personally do in my position. thanks in advance!",btc,en,21.0,195.0,1mwvr64,CryptoMarkets,,,,,
2025-08-21 21:49:48+00:00,,reddit,https://www.reddit.com/r/CryptoMarkets/comments/1mwoczp/help_crypto_scam_1m/,"help crypto scam $1m my uncle has been dealing with what i and his family believe is a scam for almost two years now.
very long story short it started with a young asian woman he met in la, who encouraged him to give her 30k to begin investing in crypto which she would do on his behalf. in about six months this 30k supposedly increased to 1.1m dollars. since then he has been attempting to withdrawal it, and btcbox who i guess is the service she was using, has told him to pay a myriad of fees in order to do the withdrawal. these range from security deposits, verification transactions, interest fees, all ranging in lump sums from
10-30k at a time. he's paid them around $488k in this time trying to get it. now today they had him open an onchain wallet and they deposited $1.1m (apparently). please see the screenshot, this is what he's seeing from his wallet on his phone. i'm not familiar with crypto but looking at it, it's intriguing. i'd like input as to what you guys think about that screenshot, and if theres any possibility it's real, they made a mistake, or more likely what they may have done to create this illusion in his onchain. fyl this is on ios, and it's the legitimate app. as it stands now they are saying not to withdraw that million until he deposits 11k to ""test the account ability"".


please do not comment about how stupid this scam is or any of that, we are all well aware and have tried and tried to explain this to him. just hoping for help",btc,en,22.0,81.0,1mwoczp,CryptoMarkets,,,,,
2025-08-21 19:51:06+00:00,,reddit,https://www.reddit.com/r/CryptoMarkets/comments/1mwlag0/central_banks_trapped_by_government_debt_heres/,"central banks trapped by government debt - here's why crypto might be the winner financial times just dropped a report that central banks are getting squeezed to keep interest rates artificially low because governments borrowed way too much money. this could be huge for crypto trading.

what's happening:

governments around the world went on a borrowing spree and now they need cheap money to service all that debt. central banks are basically stuck - raise rates and governments can't pay their bills, keep them low and inflation stays hot.

this puts us in what economists call ""fiscal dominance""  where debt levels control monetary policy instead of economic fundamentals.

why this matters for crypto:

money has to go somewhere

when bonds pay nothing and savings accounts are a joke, people look for better returns. crypto becomes way more attractive when the ""safe"" alternatives barely keep up with inflation.

we're already seeing this play out. every time the fed hints at keeping rates low, crypto markets pump because traders know more liquidity is coming.

dollar gets weaker

low rates typically weaken the dollar over time. when the dollar loses value, bitcoin and eth look better as alternatives. not just for trading but as actual stores of value.

extended bull market potential

if central banks really are trapped into keeping rates low for years, crypto could see an extended rally. cheap borrowing costs mean more leverage, more institutional buying, and more retail fomo.

the volatility factor

here's the catch - crypto becomes even more sensitive to any hint of rate changes. if markets believe the fed will stay dovish, we moon. but if they even whisper about tightening, leveraged positions get liquidated fast.

what to watch:

fed meetings become even more important for crypto prices

any talk of ""yield curve control"" or ""financial stability"" means they're prioritizing debt costs over inflation

government debt-to-gdp ratios - the higher they go, the more trapped central banks become

my take:

this creates a perfect storm for crypto. traditional finance is getting squeezed from all sides while bitcoin and ethereum offer an escape route from the whole system.

sure, volatility will be insane. but when central banks admit they can't raise rates without breaking something, that's basically advertising bitcoin as digital gold. just remember if you're making moves based on this macro setup, keep track of everything for tax purposes. platforms like awaken.tax make it easier to stay compliant while you capitalize on these opportunities.

the fed might not admit they're trapped, but the market knows. and crypto traders are positioning accordingly.

anyone else seeing this as the setup for the next major crypto cycle?",btc,en,6.0,1.0,1mwlag0,CryptoMarkets,,,,,
2025-08-21 18:27:45+00:00,,reddit,https://www.reddit.com/r/CryptoMarkets/comments/1mwj2q1/when_and_what/,"when and what? i’ve transferred 100k usdc to my binance wallet (since i can’t trade usdt as i’m based in europe) and i’m waiting for the right moment to buy eth, bnb, btc, xrp, doge, and trx.
what do you think is the right timing to enter? prices have gone up quite a lot recently — do you expect a pullback, or will they keep climbing higher?
also, how do you see my coin selection — are these among the safest options right now?
curious to hear your opinions, thanks! 🙏",btc,en,1.0,7.0,1mwj2q1,CryptoMarkets,,,,,
2025-08-21 18:16:06+00:00,,reddit,https://www.reddit.com/r/CryptoMarkets/comments/1mwirea/xrp_hold/,"xrp hold i'm not expert but i've been watching crypto changes and decisions for the last 5 years. i think it's hilarious how much ish that xrp gets and how people said the same about bitcoin in 2010. currently btc is up 842.77% in the last 5 years and xrp is also up 854.67% in the last 5 years. xrp is getting the same hate btc got at the beginning! i will keep buying and holding until i'm seeing otherwise. when people are saying xrp is just fud is cap! i don't think i'm completely off, any other opinions??",btc,en,17.0,57.0,1mwirea,CryptoMarkets,,,,,
2025-08-21 17:12:27+00:00,,reddit,https://inbitcoinwetrust.substack.com/p/the-future-of-bitcoin-the-shadow,the future of bitcoin: the shadow of a $20 trillion flaw. will bitcoin die in two halvings?,btc,en,0.0,0.0,1mwh1e3,CryptoMarkets,,,,,
2025-08-21 15:45:04+00:00,,reddit,https://www.reddit.com/r/CryptoMarkets/comments/1mwemeu/is_solana_a_good_buy_and_hold/,"is solana a good buy and hold? i'm new to crypto and bought some of btc and sol. as per my study, i think sol has good long term potential and can be a real game changer as adoption and acceptance increases. what's your take?",btc,en,0.0,36.0,1mwemeu,CryptoMarkets,,,,,
2025-08-21 14:51:46+00:00,,reddit,https://www.reddit.com/r/CryptoMarkets/comments/1mwd50f/warning_about_bitcoin_mining_scam_site/,"warning about bitcoin mining scam site i fell victim to the following bitcoin mining website today.

users.ecominers.com…

i only wanted to try out the $6 plan, but it wasn't set up. two hours later, i received a call from armenia and, at the same time, a scam email with links to russian domains. be careful, luckily i only lost the $6. there are others who lost thousands of dollars. i've filed a police report (in germany).

see also

[https://www.binance.com/en/square/post/8058441601546](https://www.binance.com/en/square/post/8058441601546)",btc,en,1.0,0.0,1mwd50f,CryptoMarkets,,,,,
2025-08-21 08:08:09+00:00,,reddit,https://www.reddit.com/r/CryptoMarkets/comments/1mw4x1i/rate_cuts_coming_in_september_bitcoin_and_crypto/,"rate cuts coming in september, bitcoin and crypto set to surge 🚀 with jerome powell's final jackson hole speech mere hours away, markets are pricing in an 85% chance of a 25‑basis‑point fed rate cut in mid‑september. that’s not just good news for wall street… it’s massive for bitcoin.   
lower rates means cheaper capital. institutions sitting on trillions will hunt for returns, and bitcoin is the *hardest asset in the room*.

* **liquidity cycles pump crypto hardest.** every fed easing cycle in the last decade sent btc vertical 2020 qe turned into a full-blown crypto bull market. m2 money supply has a 90 day offset correlation with btc.
* **narrative tailwind.** “digital gold” shines brightest when the fed admits it has to print again. especially with these etfs in the picture. this could lead to eth's next leg up and maybe eventually the alt season that every influencer has been calling for. 

powell’s cut could be the exact trigger that re-ignites the next parabolic leg up.

if history rhymes, september might be remembered as the month the fed handed bitcoin its next bull run.

this is not financial advice. dyor.",btc,en,0.0,5.0,1mw4x1i,CryptoMarkets,,,,,
2025-08-21 14:08:19+00:00,,reddit,https://www.reddit.com/r/CryptoMarkets/comments/1mwbybj/hodl_or_sell_to_build_up_stack/,"hodl or sell to build up stack was crazy into crypto a good few years back and bought all sorts of coins. even managed to buy eth for $222 a coin so have been able to stay in profit since my original investment. but never really done anything since, 

so do i sell some btc and other coins to lock in some profit and even buy some altcoins to hopefully catch some profits on this pump (if it happens) or just keep hodling? 

seen it go up and down so many times and can’t help but think if i had sold a few times i could have bought more when the dips happen. just curious to see what other people are doing. 

and no i can’t just buy more, times are hard atm so only looking to use what i’ve got.",btc,en,8.0,14.0,1mwbybj,CryptoMarkets,,,,,
2025-08-21 13:45:47+00:00,,reddit,https://www.reddit.com/r/CryptoMarkets/comments/1mwbdhs/660_btc_got_dumped_for_295m_eth_longs_with_10x/,"660 $btc got dumped for $295m eth longs with 10x leverage ,insider info or risky bet? ⚡️ today: a bitcoin guru holding 14,837 $btc ($1.69b) sold 660 $btc and opened long positions in $eth worth $295m across 4 wallets, with 10x and 3x leverage.

does he know something, or just another educated guess? only time can tell this.",btc,en,19.0,19.0,1mwbdhs,CryptoMarkets,,,,,
2025-08-21 10:38:17+00:00,,reddit,https://www.reddit.com/r/CryptoMarkets/comments/1mw7bwo/btc_whale_dumped_their_bitcoin_bags_for_ethereum/,"btc whale dumped their bitcoin bags for ethereum positions..$76m sold, 68k eth bought. why? just saw some wild whale activity that has me thinking about what's really driving these moves from btc to eth.

the latest whale move:

a bitcoin og who held for 7 years just sold 670 btc ($76 million) to go long on ethereum. this whale had been sitting on approx 14k btc worth over $1.6 billion since buying from binance and htx way back in the day.
instead of just holding cash, they immediately opened 4 long positions totaling approx 68k eth - most of it on 10x leverage around the $4,300 mark.
this isn't isolated:

bitmine immersion just added another approx 52k eth to their treasury, bringing total holdings to 1.52 million tokens worth $6.6 billion
institutional wallets were buying up approx 9k eth each ($38 million) during recent dips
other satoshi-era whales have been moving massive amounts of btc after years of dormancy

why the shift is happening:
timing matters: this happened right after btc hit its new ath of $124k and eth almost reclaimed its 2021 high of $4,878. smart money often rotates between assets at these levels.

leverage opportunities: you can't really leverage btc the same way institutional players can leverage eth. these whales are opening massive leveraged positions because they see more upside potential in eth.

institutional infrastructure: ethereum has better institutional tools now. defi protocols, staking yields, and corporate treasury strategies all favor eth over btc for active management.

market maturity: crypto analysts say og bitcoiners selling is actually healthy - it shows new buyers entering and markets maturing. the money isn't leaving crypto, it's rotating.

risk vs reward calculation: when you've made 1000x+ gains on btc, taking some profits to bet on eth's next move up makes sense. especially when eth has more room to grow percentage-wise.

the reality check:
not all these moves worked out immediately. the whale's eth positions went underwater after opening, dropping to $4,080 and putting three positions close to liquidation around $3,700.

but that's the point - whales are willing to take these risks because they see eth as having more upside potential than btc at current levels.

what this means:

we're seeing a rotation from ""store of value"" btc plays into ""growth asset"" eth plays. whales who made their fortunes in btc are now betting that eth will be the next big mover.
this isn't about btc being bad - it's about opportunity cost. when you're sitting on billions in gains, diversifying into the asset with better risk/reward makes sense.
anyone else noticing this pattern of btc profits rotating into eth? feels like we're in the middle of a major capital rotation.

source : [awaken.tax/btc-whales-rotating-into-eth](https://awaken.tax/media/article/bitcoin-whales-rotating-into-ethereum)",btc,en,209.0,108.0,1mw7bwo,CryptoMarkets,,,,,
2025-08-21 05:34:59+00:00,,reddit,https://www.forbes.com/sites/digital-assets/2025/08/21/yeezy-money-kanye-west-yze-memecoin-hits-3-billion-amid-trump-fueled-crypto-and-bitcoin-price-boom/,yeezy money: kanye west yze memecoin hits $3 billion amid trump-fueled crypto and bitcoin price boom,btc,en,0.0,8.0,1mw2fnp,CryptoMarkets,,,,,
2025-08-21 03:23:32+00:00,,reddit,https://www.reddit.com/r/CryptoMarkets/comments/1mvzz7f/10_reasons_to_buy_robinhood_hood_at_105share/,"10 reasons to buy robinhood (hood) at $105/share 1) prolonged crypto bull market extending through 2027 as bitcoin and altcoins rally 
2) strong trading volume growth, especially as robinhood’s diversified equities, crypto, and financial services business model benefits from frenzy of activity and market fluctuations where hood gets paid regardless of directionality 
3) long term theme of $7t being passed from boomers to tech savvy millennials 
4) robust earnings outlook, forecasting a 53% compound annual growth rate (eps cagr) through 2027, which underpins bullish valuation outlook 
5) pending sp500 inclusion forcing boomers to buy the stock 
6) new sports betting offering, never bet against the house 
7) trump admin financial deregulation push 
8) solid leadership in vlad who will benefit from close trump relationship and friendship with jon cramer ie mass market influence, crowd sourcing 
9) gamification of app keeps users online
10) expansion into europe as the company slowly takes market share around it he world",btc,en,0.0,5.0,1mvzz7f,CryptoMarkets,,,,,
2025-08-21 03:04:28+00:00,,reddit,https://www.reddit.com/r/CryptoMarkets/comments/1mvzlg1/best_crypto_exchanges_and_apps_for_august_2025_by/,"best crypto exchanges and apps for august 2025 by investopedia do you agree with this list?

* **best for low fees:** kraken
* **best for security, best for experienced traders:** gemini
* **best for beginners:** coinbase
* **best mobile app, best for bitcoin:** crypto.com
* **best for altcoins:** bitmart

resource: investopedia",btc,en,1.0,1.0,1mvzlg1,CryptoMarkets,,,,,
2025-08-21 03:00:09+00:00,,reddit,https://www.reddit.com/r/CryptoMarkets/comments/1mvzi5j/should_i_lock_in_now_rate_my_holdings/,"should i lock in now? (rate my holdings) this feels like the last chance to get in on the “ground floor” of another wave of crypto adoption. been trying to keep up with everything over the last year or so (i know i’m late). i’ve narrowed my portfolio down to the ones below. not expecting to become a millionaire by any means but can i realistically expect a nice return on these by 2030? i plan on buying $10 of each weekly for the foreseeable future as well. 

anything i should swap for now or that i’m missing? i don’t want to become too bloated but will obviously still check on new coins and opportunities in the future too. appreciate any feedback 

xrp - 420 (33%)
link - 40 (28%)
qnt - 2 (6%)
ada - 210 (5%)
icp - 33 (4%) 
xcn - 12,152 (4%) 
kta - 103 (4%) 
eth - 0.26 (3%)
algo - 405 (3%)
xlm - 252 (3%)
hbar - 416 (3%)
btc - 0.001 (2%)
kas - 542 (2%)",btc,en,0.0,18.0,1mvzi5j,CryptoMarkets,,,,,
2025-08-20 13:02:08+00:00,,reddit,https://www.reddit.com/r/CryptoMarkets/comments/1mve6gj/trezor_safe_3_or_model_t_for_half_the_price_its/,"trezor safe 3 or model t for half the price its on sale quickly i need to decide. shall i buy trezor safe 3 for 79$ with shipping of model t for 64.5$ instead of 129$ its on sale. 
 its my first time buying a crypto wallet and holding btc. 

keep in mind i will import it illegally so i can’t fu-k up with a dumb model i need to decide wisely so help me guys. 

thanks",btc,en,1.0,5.0,1mve6gj,CryptoMarkets,,,,,
2025-08-21 02:24:40+00:00,,reddit,https://www.reddit.com/r/CryptoMarkets/comments/1mvyrvz/besides_btc_any_other_coins_worth_holding/,"besides btc, any other coins worth holding? hey all, plan is to sell most of my bag during alt season. wondering if you any of you plan on keeping some coins through this cycle for long term holding (besides btc of course). let me know your thoughts! reason i ask is i feel like compared to last cycle crypto has become a lot more mainstream/ accepted. wondering if we will truly see coins start taking over and not be speculative anymore. one could say this cycle is different but that is always said lol. let me know if you plan on keeping any alts long term.thanks!",btc,en,32.0,156.0,1mvyrvz,CryptoMarkets,,,,,
2025-08-20 20:35:39+00:00,,reddit,https://www.reddit.com/r/CryptoMarkets/comments/1mvqjgl/crypto_in_canada/,"crypto in canada hey guys, 
what’s everyone’s thoughts on crypto in canada? most posts i see are references to crypto at usd prices. from my point of view, no one is discussing crypto out here. out of all the people i know, crypto is barely talked about let alone bought. i think we’re still early. i’m banking on it! i’ve been buying btc, eth and xrp for acouple months now. cheers ! 🍻",btc,en,2.0,5.0,1mvqjgl,CryptoMarkets,,,,,
2025-08-20 20:57:11+00:00,,reddit,https://www.reddit.com/r/CryptoMarkets/comments/1mvr3u5/17_years_old_and_new_to_crypto_need_advice/,"17 years old and new to crypto, need advice... hello, thank you in advance to anyone reading this. i'm at a time in my life where i feel as if i'm slacking behind everyone my age. so i wanted to pick something productive up, and realised i have a passion for trading. i only have 0,00027btc translating to 31,6 usdt in my binance wallet, meaning i do not posses a meaningful investment. day trading has caught my eye and i've been tracking the charts, but realised that in these short trades, (about 1 day) i would only make about 40 cents per trade and the fees are still eating at those small profits, so i'm making this post to ask for any advice for more experienced traders. should i continue holding my btc hoping that it will go up significantly, is my amount too small for daytrading, really any advice is helpful, thank you again.",btc,en,0.0,20.0,1mvr3u5,CryptoMarkets,,,,,
2025-08-20 18:12:53+00:00,,reddit,https://www.reddit.com/r/CryptoMarkets/comments/1mvmlnq/futures_has_broken_my_soul/,"futures has broken my soul i really don’t know where to post this, i feel right sick to my stomach and don’t even know what to do. 

for some background information i have been in crypto since november 2024, mostly investing in bitcoin, solana, and some cto meme coins and have been fairly successful so far all considered i hopped in mid bull run.

i have been trading perps since about april on only major pairs such as btc, eth, sol, tao. i invested 500usd to trade perps as this seemed way less risky than meme coin trenching. 

couple months go by i run the account up 50%, then i proceed to lose it all, i only ever used 10-20x leverage on obvious plays like range highs-lows with loose sl. this was about may.

once i blew my account i decided to take a step back and re evaluate my strategy and watch the markets from the sidelines. fast forward to august, i decide im ready to take my new mentality back into the markets. this time i challenge myself to turn 100usd back into that 500 or so that i lost initially. 

within 2 weeks i ran that $100 account back into the $700 range, i was over the moon. i wanted to prove to myself that i wasn’t a complete degen and that i could be a competent trader and i had done it.

up until 2 days ago, everything was going great, i finally had enough capital to walk away from a trade with a 5-10% pnl and be happy, but this wasn’t good enough. i over-leveraged myself on a bad position and went under water almost immediately, what goes up must come down. all day at work i was watching my position, waiting for it to come down just enough to close without ruining my account… that never happened.

went to bed that night with a super tight tp right about my entry, the market swung within .5% from my entry but did not close position, the market then completely reversed and my entire position was liquidated. 

750usd gone, i am a young fella from canada and work a minimum wage job, yeah it hurts. don’t mess with leverage. i dont even know what to do with myself right now, im at a loss for words and feel like a complete and utter failure i really needed that money.",btc,en,35.0,69.0,1mvmlnq,CryptoMarkets,,,,,
2025-08-20 14:09:51+00:00,,reddit,https://inbitcoinwetrust.substack.com/p/simple-correction-or-end-game-us,simple correction or end game? us inflation shakes bitcoin and risk assets.,btc,en,0.0,1.0,1mvfv97,CryptoMarkets,,,,,
2025-08-20 07:49:55+00:00,,reddit,https://inbitcoinwetrust.substack.com/p/is-your-bitcoin-safe-a-7-point-security,is your bitcoin safe? a 7-point security checklist. the responsibility of being your own bank is the price of true financial freedom.,btc,en,0.0,1.0,1mv8grj,CryptoMarkets,,,,,
2025-08-20 05:45:25+00:00,,reddit,https://www.reddit.com/r/CryptoMarkets/comments/1mv6g29/reddit_ama_77_with_verb_chairman_manny_stotz/,"reddit ama #77 with $verb chairman manny stotz — digital treasuries, btc/eth/ton, and market impact **reddit ama #77** features **$verb chairman manny stotz**, exploring how public firms are beginning to adopt **digital treasury strategies**. with **bitcoin** and **eth** already established as hedges against inflation, **ton’s integration with telegram** adds a new market dynamic for diversification and retail engagement.

treasury adoption of **btc, eth, and ton** could play a key role in driving long-term upward pressure on bitcoin’s price while reshaping crypto market structure. we’ll discuss how digital-first firms are positioning themselves for the next wave of institutional and retail adoption. 

**post your questions here** — they’ll be answered live during the ama:  
 **august 20, 2025**  
**1:30 pm eastern**

**watch live:**

* 🔗 [x (twitter)](https://x.com/canadian20200/status/1958027559540514872)
* 🔗 [streamyard public link](https://streamyard.com/22j5vthe8m)",btc,en,1.0,0.0,1mv6g29,CryptoMarkets,,,,,
2025-08-20 01:06:52+00:00,,reddit,https://www.reddit.com/r/CryptoMarkets/comments/1mv0xab/would_you_sell_sp500_to_buy_bitcoin_alone/,"would you sell s&p500 to buy bitcoin alone? what do you think of this? i'm tempted, volatility doesn't matter, i'm going for the long term and doing a dca, the s&p500 is mediocre but it serves to beat inflation and multiply your money but maintaining it for several decades, bitcoin is the best money that has been created, its long-term graph is bullish like the s&p500 without having other benefits that more advanced users can take advantage of.",btc,en,4.0,68.0,1mv0xab,CryptoMarkets,,,,,
2025-08-20 00:43:57+00:00,,reddit,https://www.reddit.com/r/CryptoMarkets/comments/1mv0eyh/what_do_you_guys_think_will_be_the_price_of_btc/,"what do you guys think will be the price of btc in june 2027 just a weird question, what do people really expect about bitcoin 2 years from now. ive been trading for almost 2 years now, i just calculated my loss and win. it turns out that my profit is definitely higher on holding. so i want to find out what do you guys think the price will be. if i hold it 2 years",btc,en,1.0,40.0,1mv0eyh,CryptoMarkets,,,,,
2025-08-19 23:30:09+00:00,,reddit,https://www.reddit.com/r/CryptoMarkets/comments/1muyq1p/how_and_when_should_i_get_back_into_crypto_10k/,"how and when should i get back into crypto? (10k) hi!

i was recently blessed with a $10k bonus and i’d like to invest it in bitcoin. i’ve been into crypto for years, but at some point i stopped following the news and just kept holding my bag—no sales, no new purchases.

based on my analysis of bitcoin’s halving cycles, the best approach might be to invest $1–2k every month over the next 5–10 months. putting it all in right now could be risky if we see a strong 20–30% correction, while stretching it out too long, for example, $500 per month for 20 months, would mean i’d still be buying at the start of the next bear market.

what do you think?  
thanks!",btc,en,6.0,46.0,1muyq1p,CryptoMarkets,,,,,
2025-08-19 22:44:38+00:00,,reddit,https://www.reddit.com/r/CryptoMarkets/comments/1muxmci/do_you_think_owning_just_1_bitcoin_in_the_2030s/,"do you think owning just 1 bitcoin in the 2030s could be life-changing? 8+ billion people on earth

  
only 21 million bitcoins to ever exist

  
if you take aside rich people, nations, institutions, banks, companies and such....for the average normal human being, could owning just 1 bitcoin in the 2030s and beyond be life-changing? or at least enough to make one and his/her family financially independent and stable?

  
of course there are many people who are pro-crypto believe that the price of bitcoin will exceed a million dollars in the 2030s.

  
what do you think?

 is 1 btc the ultimate goal? or is there something better?",btc,en,16.0,71.0,1muxmci,CryptoMarkets,,,,,
2025-08-19 22:27:39+00:00,,reddit,https://www.reddit.com/r/CryptoMarkets/comments/1mux7gg/btc_and_xrp_are_my_choice_what_are_yours/,"btc and xrp are my choice. what are yours? these are my only two investments in crypto, i like bitcoin more, however i don't like the idea of losing exposure in

what cryptos do you like and which ones are you investing in? if possible, you can explain the project in a brief description. it's all interesting and all your opinions are welcome, including those of the maxis.",btc,en,13.0,109.0,1mux7gg,CryptoMarkets,,,,,
2025-08-19 22:13:55+00:00,,reddit,https://www.reddit.com/r/CryptoMarkets/comments/1muwurz/should_i_count_my_losses_and_consolidate/,"should i count my losses and consolidate? i got into crypto about 5 years ago and diversified with buying theta fuel, polka dot, eth classic, lite coin along with xrp, eth, chain link and cardano. i don’t know if i should count my losses with the ones underperforming and sell/swap for more eth  and xrp (or buy bitcoin) or just sit tight and wait..",btc,en,1.0,31.0,1muwurz,CryptoMarkets,,,,,
2025-08-19 20:50:15+00:00,,reddit,https://www.reddit.com/r/CryptoMarkets/comments/1muumvo/if_btc_is_digital_gold_whats_cryptos_cash/,"if btc is digital gold, what’s crypto’s cash? if we treat btc like digital gold (store of value, not really for fast spending), what’s your go-to **cash** in crypto? what do you actually use to move money, pay people, or park funds short-term: usdc/usdt, eth, sol, core, avax, even meme coins?

not counting fiat. i’m curious what you use as everyday money and why. fees, speed, wallet support, merchant acceptance, etc. also, where do you actually use it besides paying online (p2p, remittances, irl merchants, tip bots, gaming)?",btc,en,2.0,52.0,1muumvo,CryptoMarkets,,,,,
2025-08-19 19:47:30+00:00,,reddit,https://www.reddit.com/r/CryptoMarkets/comments/1musx7o/up_150k_ytd_how_do_you_lock_in_profit_without/,"up +150k ytd... how do you lock in profit without killing momentum i came into 2025 cautious, scalping btc/eth pairs and dipping into a couple mid-caps. the real move happened when momentum lined up in sol, inj, and near. those positions ran harder than i expected and suddenly my account showed +150k year-to-date.

instead of holding everything, i trimmed about 40% of my alt positions, rotated a good portion into bitcoin, and parked roughly 25% in usdc. it wasn’t about bragging or timing the top, more about not letting one bad candle erase months of work. i’ve seen too many people ride profits back down to zero.

my question for people here who’ve been through this: how do you approach a run like this? do you set hard cash-out percentages, like pulling 20% at certain milestones, or do you rebalance into safer assets as the market shifts? my biggest fear right now is giving back profit rather than missing new upside.

curious what frameworks or rules you use once you’ve had a big green run. do you start taking money out into fiat, or just keep compounding inside crypto? i want to build consistency, not just have a lucky streak.",btc,en,13.0,7.0,1musx7o,CryptoMarkets,,,,,
2025-08-19 15:22:38+00:00,,reddit,https://www.reddit.com/r/CryptoMarkets/comments/1mulihd/where_do_you_guys_think_the_next_support_is_on/,where do you guys think the next support is on btc and eth? let us know below. personally we think the next support is around 112k btc and 3950 eth since there are a lot of longs to be wiped out there,btc,en,6.0,11.0,1mulihd,CryptoMarkets,,,,,
2025-08-19 11:28:37+00:00,,reddit,https://www.reddit.com/r/CryptoMarkets/comments/1mufr0h/altcoin_season_signals_strengthening/,"altcoin season signals strengthening hey everyone,

markets have been really interesting this week. bitcoin’s still doing its up and down dance, but if you zoom out, the bull cycle structure is still intact. what caught my attention though is **ethereum dominance creeping higher** that’s usually a strong early sign that an altcoin season might actually be on the horizon.

what really surprised me was the regulatory news. the **fed and sec have basically ended their “special” crypto supervision programs.** that means crypto activity will now just fall under the *same supervision banks already deal with*. to me, that feels like a huge step regulators are finally treating crypto as “normal finance,” not some weird speculative corner of the market.

on the altcoin side, i’ve been digging into the **rwa (real world asset) sector.** a lot of projects there are still just hype with no real use case, but a few are actually trying to tie crypto utility to tangible assets. one that stood out to me is **$rem**, which is building around real estate (probably the most conservative asset class out there). instead of just “tokenizing hype,” they’re trying to link utility to something institutions already trust.

for me, the big signals right now are:

* eth dominance rising → alt season vibes.
* btc still in a bull structure, but we need to stay cautious near the highs.
* rwas could actually become the “serious” narrative this run, especially if utility-backed tokens like $rem get traction.

curious what you all think:  
👉 do you see rwas becoming a legit sector in this bull market?  
👉 or will the money still flow into the usual memes and high risk defi plays once alt season kicks in?

would love to hear your thoughts.",btc,en,1.0,0.0,1mufr0h,CryptoMarkets,,,,,
2025-08-19 08:12:47+00:00,,reddit,https://inbitcoinwetrust.substack.com/p/the-unseen-war-for-bitcoins-soul,the unseen war for bitcoin's soul: a guide to the threats that lie ahead.,btc,en,4.0,0.0,1mucfoi,CryptoMarkets,,,,,
2025-08-19 04:01:52+00:00,,reddit,https://www.reddit.com/r/CryptoMarkets/comments/1mu84wo/to_hodl/,"to hodl? i am new to crypto, so am very much in the learning mode. i am invested in: eth, btc, sol, xrp, link, ondo. this being said, the crypto market will be at 18 months post halving around october 20, 2025. that is just a couple of months from now, which is why i am interested in learning the communities’ thoughts on hodl’ing vs dca’ing out and then dca back in around july 26th, 2027 which will be about 6 months prior to the next halving. which method do you use or recommend using? why?",btc,en,5.0,13.0,1mu84wo,CryptoMarkets,,,,,
2025-08-19 01:55:17+00:00,,reddit,https://www.ainvest.com/news/ethereum-news-today-ethereum-surpasses-bitcoin-crypto-inflows-time-2025-2508/,ethereum news today: ethereum surpasses bitcoin in crypto inflows for first time in 2025,btc,en,31.0,0.0,1mu5h1p,CryptoMarkets,,,,,
2025-08-18 22:44:27+00:00,,reddit,https://www.reddit.com/r/CryptoMarkets/comments/1mu13ck/is_the_best_advice_for_a_beginner_to_just_put/,is the best advice for a beginner to just put money into bitcoin? i’ve been trying to really understand and study crypto and it seems like the most suggested advice is to just throw money here and there at bitcoin and let it do its thing. i don’t have thousands of dollars to dump into it either but i can set aside a small amount every month. what do you guys suggest? be gentle.,btc,en,13.0,39.0,1mu13ck,CryptoMarkets,,,,,
2025-08-18 19:38:46+00:00,,reddit,https://www.reddit.com/r/CryptoMarkets/comments/1mtw6ke/how_do_i_start_out/,"how do i start out  i want to start out trading crypto and i don’t have a substantial amount of startup capital i’m seeking advice on what apps to use and what to buy as i have previously stated i don’t have a lot of capital so i’m not looking to buy etheriem or bitcoin i’m just looking to start out with crypto and am wanting to know what the best app to use in the uk 

i am also wondering if i should try and trade crypto or invest in stocks and shares all advice is welcome",btc,en,0.0,5.0,1mtw6ke,CryptoMarkets,,,,,
2025-08-18 19:08:18+00:00,,reddit,https://www.reddit.com/r/CryptoMarkets/comments/1mtvcre/what_drives_crypto_price/,"what drives crypto price? cryptos price is community driven

some communities have formed around utilities (the belief that this coin will somehow be useful in the future) but that success isn’t a 1:1 price driver, and most vc utility coins are riddled with insiders and the launch is everything but fair distributed

well now then what is bitcoin? bitcoin has no utility it has an idea behind it. so what it is? it’s a pure belief asset (pba) in which a community of people fell in love with its inspiring narrative (which the og bag workers of bitcoin built out) the goal: to disrupt traditional finance, first appearing post 2008 financial crisis as a peer to peer transactional intermediary meant to cut out wall street

the only reason it holds value is due to fact that people believe it does and this all steams from the underlying community. without og delusional bag workers its doesn’t exist today. you can pretend that it was simply the tech behind it and that it was inevitable but without the og delusion bulls who built out that narrative that you think you now understand it’s doesn’t exist

so when bidding coins you want to look for organic fairly distributed projects that’s are community based. if you must bid utilities coins look for those that have good enough tech and narrative for a legitimate community to form ($eth)

if youve read this far i beg you to check out #spx6900 like just look into it

this is the next iteration of a pure belief asset with a similar narrative of rebellion to bitcoin

in a time when more and more average americans are getting priced out of their local restaurants people are going to look towards alternative investments/ revolution 

many people are slowly subscribing to the idea that the system is broken so let’s tear it down, seen with the growing popularity of socialist u.s representatives across the country

the answer isn’t pro socialist policy it’s getting involved into the pure side of capitalism: activism 

i am literally trying to help you.

stop trading and believe in something 💹
🧲",btc,en,0.0,4.0,1mtvcre,CryptoMarkets,,,,,
2025-08-18 15:59:04+00:00,,reddit,https://www.reddit.com/r/CryptoMarkets/comments/1mtq2u4/a_new_playbook_for_a_microcap_with_a_big_goal/,"a new playbook for a micro-cap with a big goal i’ve been watching a small name, and the price action lately has been super interesting. it’s unitronix (utrx), and a lot of the recent buzz is tied to their new plan for hitting a $1 price. the company laid out a clear checklist of things they need to do, which i honestly find refreshing. they’re tying their success to real, public milestones.  

first up is their treasury. they’ve already announced holdings of 5.5 bitcoin and now a policy to add ethereum. the next step is for them to actually show that they’re getting more mined bitcoin from their partnership. they also plan to start tokenizing real-world assets and are looking to generate some yield from defi.  if they keep releasing clean dashboards on their progress and those key performance indicators keep trending up, it could be a major catalyst. with a really tight float, any good news could move the needle a lot. the best part is that their leadership is incentivized to hit these goals, which is a big plus in my book. 

the whole approach feels more grounded in execution than just pure hype. instead of hearing big promises, we're seeing them outline specific, measurable steps. it really puts the power back in the hands of us, the investors, to follow along and see if they can deliver. it makes me wonder what other kinds of partnerships or tech they could be working on behind the scenes that haven’t been announced yet.",btc,en,8.0,1.0,1mtq2u4,CryptoMarkets,,,,,
2025-08-18 14:37:12+00:00,,reddit,https://www.reddit.com/r/CryptoMarkets/comments/1mtnugl/q4_buys_whats_your_favourite_alts/,"q4 buys - what’s your favourite alts? as we’re nearing the final quarter of the year, it’s difficult to predict what’s to come in the crypto space.

some believe we’ve hit the top, most are eagerly awaiting an ‘alt season’.

if you’re considering topping up, or holding on tight - what are your top alts?

aside from eth and btc, most of my holdings are in link, sui, hbar and algo.",btc,en,51.0,128.0,1mtnugl,CryptoMarkets,,,,,
2025-08-17 15:46:38+00:00,,reddit,https://www.reddit.com/r/CryptoMarkets/comments/1msuc9n/buying_bitcoin_at_ath_long_term_play/,"buying bitcoin at ath long term play im a foreign investor and most of my portfolio is in usd or us stocks.its js a bit scary to see the usd weakens drop by that much in such a small time frame but im not gonna talk about that

im just wondering if its a good idea for like 5-10 years time frame to js adjust my portfolio and dca more into btc (or eth) rather than us markets.

what do u guys think is the long term ceiling for btc.

im not really looking for a crazy 2x return, as long as it do similar to my stock portfolio i wouldnt mind tbh which is around (11%) annually",btc,en,0.0,4.0,1msuc9n,CryptoMarkets,,,,,
2025-08-18 08:40:52+00:00,,reddit,https://www.reddit.com/r/CryptoMarkets/comments/1mtggbi/1020k_in_bitcoin/,"10-20k€ in bitcoin ??? i’m trying to predict the market a little bit… so i wonder what you guys think about a future investment in bitcoin… will we see it drop under 100,000 or not anymore… cause if it does i would like to put between 10–20 k in it and just forget about it for some years :) ..",btc,en,2.0,32.0,1mtggbi,CryptoMarkets,,,,,
2025-08-18 05:42:24+00:00,,reddit,https://inbitcoinwetrust.substack.com/p/the-iphones-architects-are-fixing,the iphone's architects are fixing bitcoin's biggest problem: inside proto's $100 million bet to remake an industry.,btc,en,5.0,1.0,1mtdkcp,CryptoMarkets,,,,,
2025-08-18 03:14:15+00:00,,reddit,https://www.reddit.com/r/CryptoMarkets/comments/1mtatg6/why_do_most_analysts_advice_to_hodl_even_when_you/,"why do most analysts advice to hodl, even when you are on profit? this is the question that keeps coming in my mind. most of the subreddits have top posts telling people to hold, many educators advice people to hold...but why? 

some pointers from me:

bitcoin only has limited coins. unlike dollars, bitcoin’s supply is fixed, so it could gain value over time.

prices move a lot in crypto. most people who try to time the market end up buying high and selling low. holding avoids a lot of those mistakes.

the fomo also kicks in when you sell and the value start climbing up, a psychological panic creeps in and people end up buying on a high. 

nonetheless, imo we don't have to pick any strategy as a hard and fast rule. in many cases, just taking the profit and moving on makes perfect sense and that can many real life cases. 
it's really all about how much risk you're okay with, when you need the money considering how much you have invested. what do you think, what is your preference?

source : [awaken.tax](https://awaken.tax/media/article/types-of-crypto-strategies)",btc,en,7.0,15.0,1mtatg6,CryptoMarkets,,,,,
2025-08-17 21:41:14+00:00,,reddit,https://www.reddit.com/r/CryptoMarkets/comments/1mt3i0y/brand_new_to_crypto_looking_for_advice/,"brand new to crypto, looking for advice hi guys, been investing in stocks for around 2 years now and i want to dabble in crypto. currently investing well over half my salary into stocks, and it's doing very well so far (still living with parents so not many outgoings). please bare with me as my crypto knowledge is limited and i haven't invested a single penny. 

firstly, is it ok to dca very small amounts into crypto?

just made an account on strike and kraken pro. on strike, i plan to put in a fixed amount into btc per month, very small, under £100. i'll match this for other currency(s) on kraken pro.

is it a bad time to invest in btc as i understand it's super high, or continue with putting in a fixed amount per month?

is there anything that i have listed that you would do differently/wouldn't do? have i chose the correct platforms?",btc,en,6.0,31.0,1mt3i0y,CryptoMarkets,,,,,
2025-08-17 18:46:02+00:00,,reddit,https://www.reddit.com/r/CryptoMarkets/comments/1msz0vg/1000_usd_to_invest_in_crypto_what_are_you_buying/,"1000 usd to invest in crypto what are you buying? im new and i would like to have your opinion on where and when should i buy what
i was thinking
60% btc
35% eth
5% on growing cryptos",btc,en,0.0,74.0,1msz0vg,CryptoMarkets,,,,,
2025-08-17 16:03:37+00:00,,reddit,https://www.reddit.com/r/CryptoMarkets/comments/1msurxb/buying_btc_at_ath_long_term/,"buying btc at ath long term im a foreign investor and majority of my portfolio is us stocks.and us economy is also very concerning lately not to mention the weakening usd that affects my stocks gains..

but im not gonna touch on that

do u all think its a good idea to start dca ing a lot more into btc or eth instead of us stocks.

im not really looking for a crazy 2x return..js a similar return to my usual stocks portfolio would do (around 11% annually)

my english is a bit bad tho and would love to listen from more experienced opinions😄",btc,en,10.0,21.0,1msurxb,CryptoMarkets,,,,,
2025-08-17 07:46:46+00:00,,reddit,https://www.reddit.com/r/CryptoMarkets/comments/1mskv2q/some_extra_money/,some extra money where to put 2k cash in right now? buy more xlm or put in eth btc or any other alt coin? maybe wait for a bigger crash? just not sure,btc,en,3.0,10.0,1mskv2q,CryptoMarkets,,,,,
2025-08-16 23:23:10+00:00,,reddit,https://www.reddit.com/r/CryptoMarkets/comments/1msb8lm/feeling_overwhelmed_as_a_newcomer_can_i_get_some/,"feeling overwhelmed as a newcomer. can i get some honest, no-bs advice? hi,

hope this is the right place for this. 29f, in grad school, and i've finally saved up a little bit of money that i want to put to work for my future.

i've been trying to get into crypto, but honestly, it's incredibly intimidating. between the technical jargon, the memes, the constant fear of getting rugged, and the 24/7 market cycle, it feels like you need a phd just to get started. i'm a pretty smart person, but this is a whole different language.

my question is for the people who have been in this space for a while: what's your real, unfiltered advice for a beginner who wants to do more than just buy some btc and pray? what's the one thing you wish someone had told you when you were first starting out? i'm trying to learn how to think about this stuff for the long term, not just chase the next pump.

i'm trying to find the signal in all the noise, and it's a lot to figure out on your own. i'd be grateful for any genuine advice that cuts through the hype, thank you!!",btc,en,33.0,120.0,1msb8lm,CryptoMarkets,,,,,
2025-08-16 16:21:20+00:00,,reddit,https://www.reddit.com/r/CryptoMarkets/comments/1mrzxfi/you_got_3k_usd_what_do_you_buy_its_got_to_go_all/,"you got 3k usd what do you buy, it’s got to go all on one ☝️ so you have 3k usd and you’ve got to put it all on one crypto for the upcoming alt season, you can’t pick btc, some meme or ada what do you go balls deep on … 
a lot of dudes saying eth … how much higher you think it’s going or you saying wait for a pull back ..",btc,en,0.0,71.0,1mrzxfi,CryptoMarkets,,,,,
2025-08-16 15:02:09+00:00,,reddit,https://www.reddit.com/r/CryptoMarkets/comments/1mrxqqa/all_in_on_btc_or_split_with_sol_eth_xrp/,"all in on btc, or split with sol eth xrp? hello everyone,

i started investing 2 years ago, i'm mostly invested in blue chips canadian banks at this time, i also own some real estate and have a high paying job. i know this is probably boring and ''dumb'' compared to crypto investing to most of you.

crypto is a bit of my ''wildcard'' at this point, but i'm planning to put more and more into it over the next few years.

i literally only started looking into btc in the last few months, so you guys are much more well versed in the subject than i am.

which strategy would you go with?

a) 100% lumpsum into btc and any availible amount after that. let it simmer for 10+ years.  
b) dca btc daily  
c) dca daily 70% btc / 10% sol / 10% eth / 10% xrp

are the wild upsides of eth sol xrp worth i? would you cut one or two out, maybe 80/20 btc eth?

i'm curious to hear your takes.",btc,en,0.0,46.0,1mrxqqa,CryptoMarkets,,,,,
2025-08-15 09:51:50+00:00,,reddit,https://www.reddit.com/r/CryptoMarkets/comments/1mqt6s6/have_you_heard_of_mstrbtc_death_spiral/,"have you heard of 'mstr-btc death spiral'? it will be a meme soon.
hello, i'm from 2026, you're wellcome.
oh also, these day kidos does not give a dang about btc, they all think it is an old boring cult.",btc,en,0.0,1.0,1mqt6s6,CryptoMarkets,,,,,
2025-08-15 10:26:26+00:00,,reddit,https://www.reddit.com/r/CryptoMarkets/comments/1mqttyk/if_you_had_80k_dollars_to_deploy_into_crypto/,"if you had $80k dollars to deploy into crypto right now what would you buy and why? i've got about $77k usd in dry powder that i'm looking to deploy into crypto right now. given where the market stands today—with btc holding strong above $117k, dominance dipping and continuing to dip, and signs of rotation starting from btc to eth/large caps(this is already in full swing), then potentially down to mid caps and small caps/memes—what would you invest in if you had this amount lying around? 

why those picks specifically (e.g., utility, team, community, metrics like daas, profitability)?
also, keeping in mind the classic rotation thesis (money flows down the risk curve: btc first, then eth and large caps (we are seeing this already in full force), mids, and finally small caps/memes/degen plays), what would you buy now to position yourself for this and/or what would you rotate into over the next few months when alts start pumping? 

the narratives i think might do well are rwa, ai, depin, defi and obviously your l1's and l2's 

i do not want to buy things that have already pumped and would want to focus on allocating these funds to things that are yet to pump (some assymetric plays) i already hold a few coins just to name a few: btc, eth, xrp, arb, sui, sol, aptos, inj, avax, link, sei just to name a few

any thoughts on timing that shift based on btc dominance or other signals?
appreciate any detailed thoughts—dyor always, but keen to hear your theses!",btc,en,0.0,37.0,1mqttyk,CryptoMarkets,,,,,
2025-08-16 06:30:56+00:00,,reddit,https://inbitcoinwetrust.substack.com/p/the-right-tool-for-the-job-wallet,"the ""right tool for the job"" wallet guide: 4 archetypes for your bitcoin.",btc,en,1.0,0.0,1mrn1t9,CryptoMarkets,,,,,
2025-08-16 03:26:07+00:00,,reddit,https://www.reddit.com/r/CryptoMarkets/comments/1mrje3r/btc_and_eth_etfs_just_had_their_biggest_week_ever/,"btc and eth etfs just had their biggest week ever and it's getting spicy between these two so apparently bitcoin and ethereum etfs just posted a combined $40b in volume this week. that's their strongest performance yet, and honestly the competition between these two is getting pretty interesting.

the fascinating part is how eth seems to be following btc's playbook from early 2024. remember when bitcoin etfs launched in january and everyone was skeptical, then it just kept climbing? eth etfs had the same lukewarm reception when they launched in july 2024, but now they're pulling massive numbers  $1.01b in net inflows just on monday alone.

what's really got my attention is that eth supply on exchanges just dropped to 12% while this is happening. so you've got decreasing supply, massive etf inflows, and btc setting the pace upward.
some analysts think eth's new ath is still weeks or months away, but honestly with how these etfs are performing and the way they're pushing each other higher, i'm not so sure about that timeline.
with all this etf volume and the constant rebalancing happening, tracking everything for taxes is becoming a real headache. been using awaken.tax to keep all the etf flows and crypto movements organized since this stuff gets messy fast.
anyone else notice how these two have become weirdly symbiotic through the etf structure?",btc,en,37.0,4.0,1mrje3r,CryptoMarkets,,,,,
2025-08-15 12:19:50+00:00,,reddit,https://www.reddit.com/r/CryptoMarkets/comments/1mqw6rb/market_feels_on_edge_all_eyes_on_btc_eth/,"market feels on edge, all eyes on btc & eth right now, the crypto market feels like it’s holding its breath. $btc is sitting near a key short term floor around 117k, while $eth is coiling just below a major breakout zone at 4,800.

if eth clears that level, it’s essentially in blue sky territory. if btc reclaims 120k with momentum, sidelined capital could rush back in quickly. on the flip side, failure to hold these levels could trigger a sharper pullback.

feels like one of those moments where the next move decides the market mood for weeks.

what’s your take, breakout or breakdown?",btc,en,78.0,38.0,1mqw6rb,CryptoMarkets,,,,,
2025-08-15 07:46:47+00:00,,reddit,https://www.reddit.com/r/CryptoMarkets/comments/1mqr09v/btc_eth_setup_bullish_breakouts_potential_bear/,"btc & eth setup: bullish breakouts, potential bear flag, and panic shorts squeeze? both btc and eth are sitting on technical edges that could trigger big moves.

bitcoin:

\-support: 117k (yes, that’s a big support level)

\-hourly chart could morph into a bear flag, so bulls need to watch their back.

\-a note from our analyst: “falls like yesterday trigger a buy reaction — the more violent the drop, the less risk attached to it.”

ethereum:

\-previous ath from 2021? 4,850.

\-current congestion zone 4,550–4,750 likely absorbed most selling pressure.

\-plan: buy a breakout above 4,800 (with a tight stop). weak shorts there could be forced to cover in panic.

big picture:

btc is flirting with a short-term floor while eth is coiling right under a major breakout level. if eth clears 4,800, there’s little in the way until blue sky territory — and if btc clears 120k with conviction, we might see a rush of sidelined money pile in.

this is not financial advice. dyor.",btc,en,23.0,6.0,1mqr09v,CryptoMarkets,,,,,
2025-08-14 22:08:00+00:00,,reddit,https://www.reddit.com/r/CryptoMarkets/comments/1mqewyc/usa_acquiring_bitcoin/,"usa acquiring bitcoin the u.s. treasury secretary announced today that bitcoin assets forfeited to the federal government will serve as the foundation of the strategic bitcoin reserve, created under president trump’s march executive order. the treasury will also explore budget-neutral methods to expand the reserve, aiming to fulfill the president’s vision of making the u.s. the “bitcoin superpower of the world.” possible acquisition strategies could include converting proceeds from seized assets into bitcoin, auctioning surplus government property with payment in btc, leveraging public–private partnerships for bitcoin mining operations, or redirecting certain federal revenues into btc purchases without increasing the federal budget.

https://x.com/secscottbessent/status/1956080030137626887",btc,en,2.0,4.0,1mqewyc,CryptoMarkets,,,,,
2025-08-14 20:14:39+00:00,,reddit,https://www.reddit.com/r/CryptoMarkets/comments/1mqbubu/where_to_put_1000_right_now/,"where to put $1000 right now i know this has probably been asked here a hundred times a day but a little bit of input would be appreciated. i try my best to keep up with who’s doing what in the crypto space but life is busy in the “middle class”. the news shifts daily and it’s hard to keep up with new developments. i have $1000 i wanted to diversify with. here’s some i’m considering: 

-xrp, hbar, xlm seem to be bundled together a lot.
-link seems interesting but i can’t keep up with the sentiment on it.
-iota gets thrown around a lot but i don’t know what it does.
-texit seems interesting, haven’t looked into it too much yet. 

i also don’t currently hold any eth or btc. of course it feels like i’ve missed the boat on that but is there still value there? 
also interested in any newer projects or anything unique you’ve came across. not so much into memecoins. appreciate any feedback!",btc,en,41.0,171.0,1mqbubu,CryptoMarkets,,,,,
2025-08-14 18:37:56+00:00,,reddit,https://www.reddit.com/r/CryptoMarkets/comments/1mq95qq/held_btc_for_years_sold_too_early_need_your_help/,"held btc for years, sold too early — need your help i held btc for years. then i read that it’s not smart to just hold forever, but that you should take profits. after years of holding, i told myself that this cycle i wouldn’t be stupid and that after 5 years of holding, i would finally take some profits. that was the phase when btc almost broke 100,000 usd. at 96,000 usd i sold part of my holdings, then i thought we would enter a bear market like in previous cycles. the price dropped to 86,000 usd and i sold another part. then it fell to around 75,000 usd and i waited for it to go further down to 50,000–60,000 usd. but that never happened.

instead, it went from 75,000 usd back up to 85,000 usd, then to 95,000 usd, then it broke 100,000 usd again and i thought: “okay, no panic, it will go back down, the market is overbought.” and then it went from 100,000 usd to 110,000 usd and now even over 120,000 usd. and i could cry, because i will probably never again hold as much btc as i did before.

now i’m really mad at myself, because if i had just held, i’d be massively in profit right now.

after selling, i kept trying to study the market, but i’m so confused because the current cycle doesn’t match the previous ones. and now i’m 50 % down.

i’m glad i didn’t sell everything, but that 50 % loss is huge for me.

i regret listening to others and will probably just hold from now on. i also read articles claiming you get the biggest profits if you sell after the halving, which has also proven wrong.

my question now is how i should act. i don’t want to make another mistake. i also won’t follow your advice literally, because i’m already heavily in the red from this mistake, but my hope is still that the price will eventually crash and correct down to around 60,000 usd. my question is: how realistic do you think that scenario is? i’d even be happy if the price corrected to somewhere around 85,000 usd, because then i could make up my 50 % loss. so my question is: how likely do you think that is, and what do you think the price will do? should i panic buy now, which would mean i’d never get back to my previous btc holdings, or should i just wait because there’s still a chance the price might eventually drop to 50,000 usd or 60,000 usd or 70,000 usd or 80,000 usd? how would you act? and how experienced are you, and how long have you been in the market?",btc,en,0.0,35.0,1mq95qq,CryptoMarkets,,,,,
2025-08-24 17:37:39+00:00,,reddit,https://www.reddit.com/r/btc/comments/1mz20rx/eth_will_flip_btc_soon_according_to_tom_lee_your/,"eth will flip btc soon, according to tom lee. your last chance to get into something early before it blows up just like btc in 2017 https://blockchain.news/flashnews/tom-lee-sees-50-chance-eth-flips-btc-total-network-value-eth-btc-pair-in-focus",btc,en,1.0,0.0,1mz20rx,btc,,,,,
2025-08-24 16:48:40+00:00,,reddit,https://www.reddit.com/r/btc/comments/1mz0pnc/dont_bet_against_btc/,"don't bet against btc last year i made rational decision to sell all of my btc when it hit new ath at $65k

i saw that each new ath was just temporary before it goes down again

so i just buy more when it dips

who would have guess that it will skyrocket 2x and stabilizes there",btc,en,0.0,3.0,1mz0pnc,btc,,,,,
2025-08-24 11:45:14+00:00,,reddit,https://www.reddit.com/r/btc/comments/1mytfnc/just_now_learning_about_the_blocksize_war_after/,just now learning about the blocksize war after reading hijacking bitcoin. there are other flavors of bitcoin. which one do you think survives 300 years from now?,btc,en,7.0,23.0,1mytfnc,btc,,,,,
2025-08-24 09:51:58+00:00,,reddit,https://crypto-economy.com/bitcoin-cash/,bitcoin cash (bch): the key to fast and secure payments - crypto econom,btc,en,9.0,0.0,1myrhl5,btc,,,,,
2025-08-24 08:39:23+00:00,,reddit,https://www.reddit.com/r/btc/comments/1myqc6l/question_about_transactions_fees/,"question about transactions fees when almost all bitcoin will be mined in a décade,and assuming a lot of people are hodling and using btc as store or value 
what will prevent transactions fees to go moon ?
i understand the argument '' as btc appreciation is higher, transactions fees will be enough for miners"" but common we all now it wont be enough",btc,en,3.0,10.0,1myqc6l,btc,,,,,
2025-08-24 06:05:51+00:00,,reddit,https://i.redd.it/id0jffafrwkf1.jpeg,informal survey from cdc about what people expect btc will be by the end of the month,btc,en,0.0,2.0,1mynwl8,btc,,,,,
2025-08-24 05:48:40+00:00,,reddit,https://cointelegraph.com/press-releases/bitcoin-asia-2025-takes-over-hong-kong-next-week-as-the-largest-of-its-kind-in-asia,bitcoin asia 2025: hong kong hosts the biggest btc event in asia next week,btc,en,0.0,2.0,1mynm7o,btc,,,,,
2025-08-23 21:17:14+00:00,,reddit,https://www.reddit.com/r/btc/comments/1mydbgr/btc_max_price/,"btc max price hello everyone,

i've been playing around with some numbers and wanted to share the idea (maybe someone will correct me if i'm wrong).

if we think of a scenario where btc was the only global money, we can use the equation of exchange:

m \times v = p \times y

where:

 = money in circulation (btc × price).

 = velocity of money (how many times it rotates per year).

 = world nominal gdp.


global nominal gdp today is around usd 113–114 trillion (imf 2025).

 the useful supply of btc is ~18 million (discounting those that have been lost).

so, solving:

\text{btc price} = \frac{gdp\_{\text{world}}}{v \times 18,000,000}

if we take typical values ​​of (between 3 and 6), it gives us a range:

v = 3 → ~2.1m usd/btc

v = 4 → ~1.6m usd/btc

v = 5 → ~1.3m usd/btc

v = 6 → ~1.0 m usd/btc


that is, for btc to cover the global money function and “replicate” the current money supply, it would need a value in the range of ~1–2 million usd per btc (perhaps up to 3–4 million if we use a lower money velocity or consider lost btc).

obviously, this calculation is theoretical and simplified:

it does not contemplate future gdp growth.

it does not contemplate that states will continue printing fiat currency in the meantime → therefore the “equilibrium price” would move higher over time.

it also does not consider strategic reserves, savings, immobilized btc, or credit dynamics that could modify the speed.


the intention is to have a more or less well-founded idea of ​​what the btc ceiling may be until it stabilizes and enters a stage of slow delation that makes it more useful as cash and not so much as a speculative asset or reserve of value.

does this reasoning make sense or am i missing something key?",btc,en,0.0,17.0,1mydbgr,btc,,,,,
2025-08-23 20:45:56+00:00,,reddit,https://www.reddit.com/r/btc/comments/1myck1q/binance_froze_my_funds_for_30_days_then_sent_my/,"binance froze my funds for 30 days, then sent my withdrawal to the wrong address and blamed it on malware 🤡 i need to share what just happened because it’s absolutely insane and people should know how binance treats its users.

binance opened a bogus $197 “dispute” against me and froze all my funds for 30 days straight. every single day i was threatened — my account would be suspended, closed, or funds withheld unless i paid.

after the 30 days expired, they closed the case themselves without my compliance. fine, i thought, finally done.

i go to withdraw \~$2,300 btc to my whitelisted trezor address — the one i had saved long ago. i didn’t type anything, didn’t paste anything, just clicked the dropdown.

guess what? binance sends my money to a completely different bitcoin address that is not mine. when i confronted them, they had the audacity to blame it on “malware” on my device. 🤦‍♂️

here’s the kicker: their own system behavior proves that’s impossible. if the address had been tampered with locally, binance’s backend would’ve flagged it as a new address and forced network selection + 2fa. that never happened. they admitted themselves that the transaction was processed as whitelisted. which means the mistake was inside binance, not on my machine.

so after 30 days of threats and frozen funds, my very next withdrawal gets “misrouted” to a random address, and they blame me. this isn’t an accident anymore — it looks like retaliation for not bowing to their $197 shakedown.

i have the blockchain records, i have the screenshots of their ui logic, i have the chat transcripts where they basically admit it went through as whitelisted.

this company is a predatory custodian that overrides its own security guarantees when it suits them. if it can happen to me, it can happen to anyone. and the fact that they’re hiding behind “malware” excuses while bypassing their billion-dollar whitelist infrastructure is beyond laughable.

people really need to think twice before leaving any serious money on binance.  
location: europe",btc,en,46.0,27.0,1myck1q,btc,,,,,
2025-08-23 20:44:57+00:00,,reddit,https://www.reddit.com/r/btc/comments/1mycj66/short_btc_i_dont_understand/,"short btc - i dont understand i still don’t fully understand shorting bitcoin, can i hold it?

for example, can i buy $1,000 in short (no leverage) – at x1.

and just leave it during the whole bear market? would i make money? would i lose money?

sorry, i’ve been trying to understand it but i don’t get it.",btc,en,7.0,16.0,1mycj66,btc,,,,,
2025-08-23 13:47:39+00:00,,reddit,https://i.redd.it/mwublf7fvrkf1.png,serious crypto news? ❌ fresh memes about bitcoin crashing? ✅ because let’s be honest—memes explain the market better than charts sometimes 😂📉🚀,btc,en,0.0,0.0,1my1xfj,btc,,,,,
2025-08-23 11:00:57+00:00,,reddit,https://www.reddit.com/r/btc/comments/1mxygpv/best_way_to_buy_btc_with_chf/,"best way to buy btc with chf i’m in switzerland and i’ve been trying out different platforms to buy btc. the issue i keep running into is that if i deposit chf, i first need to convert to usd/eur, and then to btc. by the time both conversions are done, i’m losing around 5% to 10% just in fees, which feels like a total rip-off.

is there a better way to go from chf → btc without bleeding so much on conversion fees? maybe i’m missing something obvious, or just using the wrong platforms. any idea on the right way and platform to use?",btc,en,0.0,11.0,1mxygpv,btc,,,,,
2025-08-23 08:11:14+00:00,,reddit,https://cryptonewsland.com/philippine-lawmaker-pushes-for-strategic/,"philippine lawmaker pushes for strategic reserve of 10,000 bitcoin",btc,en,14.0,4.0,1mxvpa4,btc,,,,,
2025-08-23 06:52:18+00:00,,reddit,/r/CryptoHelp/comments/1mxuam0/there_were_9m_crypto_traders_here_why_wouldnt_all/,"there were 9m+ crypto traders here, why wouldn't all invest in a single crypto and raise it like next bitcoin?",btc,en,0.0,5.0,1mxufy9,btc,,,,,
2025-08-22 23:58:49+00:00,,reddit,https://www.reddit.com/r/btc/comments/1mxmkzg/the_biggest_hodlers/,"the biggest hodlers what if people targeted the biggest hodlers of btc for assassination to drive the price up to astronomical levels? 

think about it, if the top 50 btc holders are wiped at, the price will sky rocket to unimaginable levels.",btc,en,0.0,18.0,1mxmkzg,btc,,,,,
2025-08-22 21:29:03+00:00,,reddit,http://poly.market/event/what-price-will-bitcoin-hit-in-august,what price will bitcoin hit in august?,btc,en,0.0,1.0,1mxj0wv,btc,,,,,
2025-08-22 21:28:21+00:00,,reddit,https://www.reddit.com/r/btc/comments/1mxj0az/took_profit_last_week_and_bought_eth_tuesday/,took profit last week and bought eth tuesday. everybody said i was crazy but now look. i'm wondering if i should do the same with the rest of my btc. i'm thinking eth is going to be the real mover for the rest of the year. thoughts?,btc,en,0.0,9.0,1mxj0az,btc,,,,,
2025-08-22 18:43:24+00:00,,reddit,https://www.reddit.com/r/btc/comments/1mxes74/in_2010_10000_btc_bought_2_pizzas_today_10000_btc/,"in 2010, 10,000 btc bought 2 pizzas. today 10,000 btc buys an entire city block. title",btc,en,0.0,5.0,1mxes74,btc,,,,,
2025-08-22 18:05:04+00:00,,reddit,https://www.reddit.com/r/btc/comments/1mxdrc5/love_to_hear_what_the_public_thinks_on_this/,"love to hear what the public thinks on this. i think the only question is, do the retail and institutional investors believe that $mstr has real value based on its holdings and the value of $btc? it feels as if the entire sentiment is waining primarlriy based on $mstr bitcoin purchase process not impacting the price of $btc anymore.",btc,en,0.0,1.0,1mxdrc5,btc,,,,,
2025-08-22 15:51:07+00:00,,reddit,https://www.reddit.com/r/btc/comments/1mxa7ih/marching_with_the_band/,"marching with the band why does bitcoin seemingly move in unison with the dow, nasdaq, s&p 500? has it always been this way? maybe i just hadn’t noticed? or, has the nature of bitcoin changed? is bitcoin no longer the independent store of value it once was? i hope it still is. 

mods: i tried to post this in r/bitcoin but they deleted it, saying this had already been posted. i am sure it has been asked and answered, likely there, here, or elsewhere. but, i looked and didn’t find it asked or answered. i would really like an answer to this question, so i hope the post is allowed here.",btc,en,1.0,13.0,1mxa7ih,btc,,,,,
2025-08-22 14:59:55+00:00,,reddit,https://i.redd.it/ffaynb895lkf1.jpeg,"just in: coinbase ceo brian armstrong predicts bitcoin will reach $1,000,000 by 2030.",btc,en,201.0,134.0,1mx8ug8,btc,,,,,
2025-08-22 14:34:32+00:00,,reddit,https://i.redd.it/ac6sy6ug0lkf1.png,"everyone celebrates bitcoin at its peaks, the headlines, the aths, the excitement. but it’s the dips that really educate us.",btc,en,4.0,0.0,1mx86zy,btc,,,,,
2025-08-22 12:59:15+00:00,,reddit,https://www.reddit.com/r/btc/comments/1mx5u83/coinbase_ceo_brian_armstrong_says_bitcoin_could/,"coinbase ceo brian armstrong says bitcoin could hit $1m by 2030... why its pure and utter overestimation? so coinbase's ceo just said bitcoin could hit $1 million by 2030. that's roughly 8x from current levels in about 5 years. sounds wild but let me walk through why this might actually happen.

the math behind it:

bitcoin would need to average about 45% annual gains to hit $1m by 2030. historically, btc has averaged way higher returns over multi-year periods, so the percentage isn't impossible.

but here's what would need to happen:

institutional adoption at scale we're already seeing companies like bitmine accumulating massive eth positions. if similar moves happen with bitcoin at the corporate treasury level, that's a lot of supply getting locked up.

government and sovereign adoption countries are starting to add bitcoin to reserves. if major economies follow el salvador's lead, demand could explode while supply stays fixed at 21 million coins.

currency debasement continues with central banks trapped by government debt (keeping rates artificially low), traditional currencies keep losing purchasing power. bitcoin becomes more attractive as digital gold.

why armstrong might be onto something:

coinbase sees institutional demand that retail doesn't

they see the actual money flows happening behind the scenes

their business only works if crypto succeeds, so they're motivated to be realistic

bitcoin's fixed supply becomes more obvious as more people want it

why he might be wrong:

regulatory crackdowns could stunt growth

competing cryptocurrencies could eat bitcoin's market share

technical issues or security problems could derail adoption

economic crashes typically hit risk assets hardest

my take:

$1m sounds nuts until you remember we just went from $15k to $124k in less than 3 years. that's already an 8x move in a shorter timeframe.

the real question isn't whether bitcoin can 8x again - it's whether the stuff that got us here (money printing, institutions buying, currencies getting weaker) keeps happening for another 5 years.

if central banks stay trapped by debt and keep rates low while governments keep spending, armstrong's prediction might actually be conservative.

what this means for coinbase users:

whether you believe the $1m target or not, coinbase is clearly positioning for massive growth. they're building infrastructure assuming crypto gets way bigger than it is today.

anyone else think armstrong is onto something or is this just ceo hopium to pump coinbase stock?",btc,en,0.0,9.0,1mx5u83,btc,,,,,
2025-08-22 07:19:03+00:00,,reddit,https://cryptonewsland.com/historical-month-of-red-approaches/,historical month of red approaches as bitcoin nears completion of double top pattern,btc,en,0.0,1.0,1mwztup,btc,,,,,
2025-08-22 06:44:38+00:00,,reddit,https://i.redd.it/41pxhinsoikf1.png,minister of education participated in the graduation ceremony of the bitcoin diploma in san salvador.,btc,en,0.0,0.0,1mwza9a,btc,,,,,
2025-08-22 04:22:43+00:00,,reddit,https://i.redd.it/wg6ybi2izhkf1.png,looks like bitcoin is doing what it always does this time of year...,btc,en,31.0,5.0,1mwwueg,btc,,,,,
2025-08-21 20:55:41+00:00,,reddit,https://v.redd.it/qmgi9dbtrfkf1,everything is going to zero against #bitcoin.,btc,en,27.0,34.0,1mwmz8w,btc,,,,,
2025-08-21 20:37:29+00:00,,reddit,https://www.reddit.com/r/btc/comments/1mwmidj/are_we_looking_at_a_bitcoin_cycle_top_in_the_next/,"are we looking at a bitcoin cycle top in the next 2-3 months? glassnode just dropped some analysis that has me thinking about where we are in this cycle. the data is pointing to bitcoin being in a historically late phase right now.

the numbers:

bitcoin went from $15,500 in november 2022 to $124,500 last week - that's a 700% rally. when you compare this timing to previous cycles, we're apparently about 2-3 months away from where past cycle tops occurred.

currently 91% of all bitcoin is in profit and has been above the +1 standard deviation band for 273 days. that's the second longest stretch on record, only behind the 2015-2018 cycle that hit 335 days.

profit taking patterns:

long-term holders (people who held for 155+ days) have been taking profits at levels comparable to previous euphoric phases. this kind of selling pressure typically happens near cycle tops.

rekt capital says if bitcoin follows historical halving cycles, the peak would be mid-september to mid-october 2025. that's literally 1-2 months away.

current price action:

bitcoin got rejected at $114,000 yesterday after bouncing from $112,000 support. if we lose that $110,000-$112,000 zone, analysts are saying we could drop back into the $90,000-$100,000 range pretty quickly.

what this means:

look, nobody knows exactly when tops happen until after they're done. but when you have:

700% gains from cycle lows

91% of supply in profit for 273 days straight

long-term holders selling at euphoric levels

price getting rejected at key resistance

it starts looking like we might be closer to the end than the beginning of this run.

my take:

this doesn't mean bitcoin crashes tomorrow. we could still push higher and extend this cycle. but the risk/reward is definitely shifting. if you've been riding this from the lows, maybe consider taking some profits. if you are taking profits, make sure you're tracking everything properly for tax season. tools like awaken.tax can help you stay on top of the reporting side while you focus on the trading decisions.

the $110,000-$112,000 zone is probably make or break right now. hold that and we might get another push higher. lose it and things could get interesting fast.

anyone else feeling like we're getting close to decision time here?",btc,en,6.0,22.0,1mwmidj,btc,,,,,
2025-08-21 18:07:39+00:00,,reddit,https://i.redd.it/a64w6y4uxekf1.jpeg,"what are you trying to tell me, that i can trade my bitcoin for millions someday?",btc,en,164.0,45.0,1mwij8l,btc,,,,,
2025-08-21 16:12:24+00:00,,reddit,https://www.cryptopolitan.com/ming-shing-stock-jumps-amid-btc-plans/,"hong kong’s ming shing stock jumps amid plans to purchase 4,250 btc more btc treasuries coming from asia, us really started a trend",btc,en,4.0,0.0,1mwfdx3,btc,,,,,
2025-08-21 15:32:12+00:00,,reddit,https://www.reddit.com/r/btc/comments/1mwe9rt/audio_book_recommendations/,"audio book recommendations after spending over 300 hours listening to audiobooks on bitcoin, here are my list of recommendations:

the bullish case for bitcoin - vijay boyapati
the genesis book - aaron van wirdum
broken money - lyn alden
the blocksize war - jonathan bier
mastering bitcoin - andreas antonopoulos
the book of satoshi - phil champagne
the bitcoin standard - saifedean ammous
hijacking bitcoin - roger ver

supporting content:
the origins of virtue - matt ridley 
debt, the first 5000 years - david graeber
principles for dealing with a changing world order - ray dalio 
the tragedy of great power politics - john j. mearsheimer 
the rational optimist - matt ridley
nexus - yuval harari  
the cold start problem - andrew chen
the tipping point - malcolm gladwell
thinking in systems - donella meadows
the rules of contagion - adam kucharshi

other recommendations welcome!",btc,en,3.0,0.0,1mwe9rt,btc,,,,,
2025-08-21 15:20:56+00:00,,reddit,https://i.redd.it/p6unxifb3ekf1.png,"ten years and five days. happy belated birthday to r/btc, a community for free and open crypto discussion.",btc,en,29.0,12.0,1mwdyi2,btc,,,,,
2025-08-21 13:58:24+00:00,,reddit,https://www.reddit.com/r/btc/comments/1mwbovv/bch_halving_is_shaping_up_as_one_of_q3s_sleeper/,"bch halving is shaping up as one of q3’s sleeper trades bitcoin cash is quietly setting up one of the most interesting plays this quarter. after spiking past $600 earlier in august, bch has cooled into the mid-$500s with the market pullback. for some that looks like weakness - for others, it looks like the kind of entry point halvings are made for.  
  
the event is only weeks away. block rewards get cut, new supply tightens, and historically these moments have sparked explosive short-term rallies. technicals still lean bullish (macd crossover, rsi not overbought, volumes steady), so the structure is there.  
  
what makes it even better is that bch is one of the few majors with an active incentive to hold right now. on nеxо, bch balances are earning daily compounding interest plus an extra 3% in kind through november. for anyone sitting on bch into the halving, that’s effectively stacking while waiting for the supply shock narrative to unfold.  
  
some will dismiss it as exit liquidity, others will see it for what it is: a rare chance to get paid twice - once by the market, once by the structure around it.",btc,en,0.0,4.0,1mwbovv,btc,,,,,
2025-08-21 13:45:44+00:00,,reddit,https://i.redd.it/qg1pimw3ndkf1.jpeg,got a bitcoin whatsminer m60 172th available to pass on. pm me if you're interested in mining.,btc,en,1.0,0.0,1mwbdfy,btc,,,,,
2025-08-21 12:44:16+00:00,,reddit,https://cryptonewsland.com/bitcoin-whale-sells-76m-btc-and-opens-295m/,bitcoin whale sells $76m btc and opens $295m ethereum longs in success across four wallets,btc,en,4.0,4.0,1mw9wjt,btc,,,,,
2025-08-21 10:23:24+00:00,,reddit,https://i.redd.it/vba2l7ztlckf1.png,⚖️ india enters the chat: “let’s regulate bitcoin!” 🇮🇳 crypto bros in the courtroom: sweating more than btc charts on red days 📉 hold strong or fold fast?,btc,en,0.0,1.0,1mw72qw,btc,,,,,
2025-08-21 08:15:21+00:00,,reddit,https://www.reddit.com/r/btc/comments/1mw510a/calls_to_action_thoughts_on_ensuring_success_of/,"calls to action. thoughts on ensuring success of peer-to-peer cash let's define terms

16 years have passed since genesis block, bitcoin is ticking in two branches of btc and bitcoin cash. bitcoin cash is a bitcoin, it's more elegant chain, but has lesser network effect. asert and abla are important improvements. i consider segwit and rbf sand in the bitcoin machine. by p2p cash on this forum i mean the crypto iteration, bitcoin 2015 and bch, if you will. by network effect of a given crypto i mean amount of people engage with protocol in various manner, in concentric circles: being aware, talking, having coins, running a business, creating infrastructure of hardware and software

my estimation is that network effect of btc is much greater that this of doge, bch, xmr, ltc (other biggest open blockchains) and eth (most decentralized private money, closed in 2022) 

i don't agree that custodianship trend is caused by higher fees on btc, p2p cash is the problem, so to speak. i think it's due to level of sophistication that is needed to securely manage one's private keys. bip39 was important step there long ago. but nothing significant happened since. managing keys with electon cash or selene on bch is fundamentally the same as doing so on electrum back in 2015 over unified bitcoin chain - from operational security standpoint. this is my perspective: while both operating coins and teaching willing people - technical barrier is just too high


user dangerhighvoltage111 (now deleted for some reason) was responding to me in several threads about importance of p2p cash philosophy. and he created a thread with a call to action of not listening to sirens, presumably myself included - and to teach people

my post is a call to action as well:

* **education**: as dangerhighvoltage111 called, i also call for teaching willing people whenever possible, maybe i am simply wrong about severity of key management problem and growth of network effect of bch would take care of everything

* **uncensorable speech**: there is tremendous unrealized value of uncensorable speech, potential to overlay all content on the internet with built-in monetization and user-moderated rating system and commentary, serverless, as hashes on chain (bittorrent seems the best fit) and well-thought ui unwrapping it: allowing users to bootstrap from zero, without dns-dependence, locally follow and engage in monetization, donate to content providers. something, that memo fell short off, extremely unfortunately. i'm calling for smarter people than myself to develop it (meanwhile, i need capital, and hopefully will have extra at some point - to sponsor it)

pow, low fees, utxo system and improvements in op_return make bch the best posed open blockchain for this

hopefully, shattering god-awful ad-based data mining internet of 2025 to pieces. admittedly, a big ask

* **key management**: i call for capable people to think about jump to bip39 and standing still since then, maybe software solution exists which could turn crypto p2p cash into a tool that is as easy to manage as physical cash - which is life saving for poorest productive people across the world

i stand for maximizing economic freedom, and i also stand for not being blind about dynamics in the real world. i'm both heavily allocated in btc and not giving up on bch for a reason

hit me with your thoughts, bitcoin and bitcoin cash proponents",btc,en,6.0,3.0,1mw510a,btc,,,,,
2025-08-21 05:32:10+00:00,,reddit,https://www.forbes.com/sites/digital-assets/2025/08/21/yeezy-money-kanye-west-yze-memecoin-hits-3-billion-amid-trump-fueled-crypto-and-bitcoin-price-boom/,yeezy money: kanye west yze memecoin hits $3 billion amid trump-fueled crypto and bitcoin price boom,btc,en,0.0,1.0,1mw2dum,btc,,,,,
2025-08-21 01:06:42+00:00,,reddit,https://www.reddit.com/r/btc/comments/1mvx3b7/did_i_pay_this_5000_sats_fee_by_myself/,"did i pay this 5000+ sats fee by myself? might be a stupid question.

want to do p-2-p but don't want to do something stupid by accident and lose my security deposit on bisq. was forced to use an exchange.

i sent btc from the exchange to a wallet.

an app in watch-only mode for that wallet shows ""transaction confirmed 2/6""

the amount sent from the exchange is $0.68 higher than the amount displayed as in possession on the watch-only wallet. this loss is just the network fee which i was already warned about. that's fine.

the problem is, before it said ""2/6 confirmations"", it said there was another fee of over 5000 sats, and that, in usd, is over 10% of the amount i had sent. is that representative of the entire block being mined, so other senders online right now are sharing the burden of that 5000+ sats fee with me, and my share of the burden was only $0.68? or have i lost 5000 sats from somewhere (the exchange, the receiver's wallet once we reach stage 6/6, something else?)

on mempool, something that anyone can access, the same 5000+ fee is displayed. this suggests it's shared.

the receiver's address is segwit bc1, 42 characters.",btc,en,1.0,5.0,1mvx3b7,btc,,,,,
2025-08-21 01:04:38+00:00,,reddit,https://i.redd.it/04pkjbcbv9kf1.png,bitcoin price prediction for august 21,btc,en,0.0,6.0,1mvx1ov,btc,,,,,
2025-08-20 18:38:58+00:00,,reddit,https://inleo.io/@justmythoughts/harvard-economist-admits-he-was-wrong-about-bitcoin-crashing-to-100-6ry,harvard economist admits he was wrong about bitcoin crashing to $100,btc,en,23.0,24.0,1mvnbsc,btc,,,,,
2025-08-20 18:31:41+00:00,,reddit,https://i.redd.it/yraagxuyw7kf1.jpeg,btc journey - magic internet money or something else?,btc,en,13.0,4.0,1mvn4jh,btc,,,,,
2025-08-20 18:26:58+00:00,,reddit,/r/phinvest/comments/1mvmvc5/at_what_amount_should_i_move_btc_to_a_cold_wallet/,at what amount should i move btc to a cold wallet?,btc,en,0.0,14.0,1mvmzrd,btc,,,,,
2025-08-20 17:27:27+00:00,,reddit,https://www.reddit.com/r/btc/comments/1mvlbae/what_will_be_the_next_ath_from_bitcoin/,what will be the next ath from bitcoin? what is your opinion? and when will it be?,btc,en,0.0,12.0,1mvlbae,btc,,,,,
2025-08-20 16:17:36+00:00,,reddit,https://v.redd.it/p8j4yie097kf1,"a quick demo of our bitcoin paper wallet generator (yes, it works!)",btc,en,0.0,6.0,1mvjctr,btc,,,,,
2025-08-20 15:13:45+00:00,,reddit,https://www.reddit.com/r/btc/comments/1mvhkk3/bargain_hunters_pop_up_in_bitcoin_markets_amid/,bargain hunters pop up in bitcoin markets amid crypto pressure buy it while it's low,btc,en,0.0,0.0,1mvhkk3,btc,,,,,
2025-08-20 12:38:46+00:00,,reddit,https://www.reddit.com/r/btc/comments/1mvdnet/upcoming_bch_tech_talk_on_x_quantumroot/,"upcoming bch tech talk on x: quantumroot: quantum-secure vaults for bitcoin cash (jason dreyzehner) announced on bitcoin cash research forum:

> hi all, i’m going to host a bch tech talk in ~14 hours: “intro to quantum-ready vaults using quantumroot”.

> __8/20 at 15 utc__. i’ll post the link here:

> https://x.com/bitjson/status/1957971235993747537

further info:

- https://blog.bitjson.com/quantumroot/

update: youtube live stream link for this tech talk (taken from jason's x thread):

https://youtube.com/live/ojs539udgry",btc,en,10.0,4.0,1mvdnet,btc,,,,,
2025-08-20 11:01:25+00:00,,reddit,https://www.reddit.com/r/btc/comments/1mvbmhg/dont_become_complacent_the_market_will_not_decide/,"don't become complacent. ""the market"" will not decide to use p2p for you. there is a dangerous notion going around that ""the market"" is just not ready for p2p cash and you should just lean back and do nothing and wait until ""the market"" or the people are ready. this notion is dangerous and completely misunderstands the nature of bitcoin as p2p cash. it preys on your natural tendency of inaction.

let me make a comparison. everyone immediately understands the freedom that comes with your own car. but driving around in traffic, taking care of your car also involves a lot of responsibility that you wouldn't have when someone else would do all this for you. that's why people use caps or busses. and yet while using them they still understand the freedom a self owned car brings. 

p2p cash is not a product that just needs a ready market like an iphone. p2p cash is a freedom that comes with responsibility. we are in the stage where there are cars but no paved roads yet. driving this care is difficult and the freedom still limited, yet all the responsibilities are there. to get over this hill, p2p cash needs to be taught. people need to understand the freedom that comes when you accept the responsibilities. and the roads need to be paved. 

if we sit back and do nothing, nothing will change. ""the market"" can print as many units as it wants to prop up false prophets that keeps you in the system without freedom forever. they prey on the greed of people to rather be rich than free. if people don't understand the freedom, safety and literal peace that comes with better, sound money, we won't get over that initial hill.

so, don't be complacent, don't listen to the sirens, teach someone about p2p cash today.",btc,en,24.0,8.0,1mvbmhg,btc,,,,,
2025-08-20 10:15:20+00:00,,reddit,/r/Bitcoin/comments/1mvasrs/how_do_you_see_btc_being_adopted_in_the_future/,how do you see btc being adopted in the future?,btc,en,0.0,7.0,1mvasvh,btc,,,,,
2025-08-20 09:39:56+00:00,,reddit,https://i.redd.it/8f04ukq6a5kf1.jpeg,"bitcoin art - how do you even do it? i’ve recently noticed more artists dedicating their work entirely to bitcoin and crypto. *that got me wondering: how do you even approach making art about bitcoin, and why?*  
  
i invited one of these artists for a chat (turned into a lot longer than expected lol). we talked about his process, motivations, and the intersection of art and bitcoin.  
curious to hear your thoughts: have you seen or collected bitcoin-inspired art before? what do you think makes art “**bitcoin art**”?  
  
full episode here: [https://hongbaob.tc/blog/the-great-print-podcast](https://hongbaob.tc/blog/the-great-print-podcast)",btc,en,0.0,2.0,1mva7ob,btc,,,,,
2025-08-20 04:55:10+00:00,,reddit,https://www.reddit.com/r/btc/comments/1mv5kdv/the_only_way_to_find_out_the_value_of_money_is_to/,"the only way to find out the value of money is to (try and) spend it. this obviously relates to bitcoin as well as traditional money.

but when i did have this thought last night, it wasn't primarily inspired by bitcoin - it was because i need to purchase some imported equipment for construction, and i was thinking about how much i needed to spend on that, and how the value of my currency related to the value of the products i was going to buy.

and how prices - especially for construction materials - keep going up and up. 

we (society in general) have practically come to accept this inflation as ""normal"". most people are resigned to thinking they can't do anything about this.

but we can.

bitcoin came along to help us. to fix money.

and bitcoin has already improved many peoples' lives (i'll skip those who stupidly gambled away fortunes against constant better advice not to invest more than they can safely lose).

bottom line:

a bitcoin that you can't spend on things you need, is useless, and you'll find that out when you need to spend, which we all need to do at some points in life. unless you're some hermit in which case you likely don't need bitcoin, in which case congratulations for moving past a money-based economy but please explain how society in general with division of labor can work without some accounting in a wider economy.",btc,en,16.0,16.0,1mv5kdv,btc,,,,,
2025-08-20 03:54:01+00:00,,reddit,https://i.redd.it/2xn3f64ak3kf1.png,"btc is a decade behind, bch is the solution time and the fundamentals are showing that the big blockers saved bitcoin by making the decision to fork away into bitcoin cash during the banker/state infiltration in 2017.",btc,en,0.0,72.0,1mv4fdz,btc,,,,,
2025-08-19 21:55:46+00:00,,reddit,https://www.reddit.com/r/btc/comments/1muwe4q/guy_who_sold_part_of_his_bitcoin_to_renovate_his/,"guy who sold part of his bitcoin to renovate his house i recently saw a story about a guy who sold part of his bitcoin to renovate his house — and he said he feels no regret at all.

it made me think: maybe it’s not always about leaving this world with the biggest wallet, but about actually using some of those gains to improve your life today.

life is short. use your gains wisely.

what do you guys think — would you ever cash out part of your stack for something like this, or would you hold no matter what?",btc,en,134.0,132.0,1muwe4q,btc,,,,,
2025-08-19 14:53:27+00:00,,reddit,https://i.redd.it/bjmlee8dpzjf1.jpeg,bitcoin just dropped below $114k. no idea who is selling right now.,btc,en,0.0,35.0,1mukp52,btc,,,,,
2025-08-19 10:56:05+00:00,,reddit,https://www.reddit.com/r/btc/comments/1muf3yq/where_can_i_buy_bitcoin_at_the_price_its_at/,"where can i buy bitcoin at the price it's at? i don't know how to phrase the question so that's what you're getting..

kraken says bitcoin is at 115000 then sells it to me at 116200.

paypal does the same. robinhood does the same.

where can buy at the actual price without the exchange jacking it up?

strike? river?",btc,en,0.0,18.0,1muf3yq,btc,,,,,
2025-08-19 08:30:42+00:00,,reddit,https://cryptonewsland.com/bitcoin-fills-another-cme-gap/,"bitcoin fills another cme gap, proceeds to breakout of falling wedge formation",btc,en,0.0,1.0,1mucply,btc,,,,,
2025-08-19 06:54:59+00:00,,reddit,https://read.cash/@alberdioni8406/seventeen-years-ago-satoshi-registered-bitcoinorg-the-vision-lives-on-in-bitcoin-cash-a90444ba,"seventeen years ago, satoshi registered bitcoin.org — the vision lives on in bitcoin cash",btc,en,7.0,0.0,1mub6dn,btc,,,,,
2025-08-19 05:54:16+00:00,,reddit,https://www.reddit.com/r/btc/comments/1mua5lm/regarding_the_future_of_bitcoin/,"regarding the future of bitcoin this post was immediately removed from the bitcoin subreddit which is somewhat ironic, but i'll post here anyway at the risk of being torn to pieces.

i'll preface by saying i consider my self somewhat of a bitcoin maxi. i run a node and a small miner, but i am fairly new to bitcoin so forgive me if i'm missing some of the technical information.

i am trying to learn as much as i can about bitcoin ideally from both sides and i keep hearing this argument that bitcoin has been ""captured"" and that it is doomed to never grow to function as a currency, and that ultimately when the mining supply dries up there will be no transaction fees to support mining.

i'd like to believe that if bitcoin were ever in a place that the block size needed an increase or any other new development in order to grow to meet demand, that most people would vote in favor of these changes. 

does anyone here truly believe that bitcoin should never change or have a block size increase? don't we all agree that bitcoin should receive the necessary changes to grow with the world? i don't understand the need for bch when bitcoin always has the potential to grow to whatever block size or development change is necessary to make it function. don't we all have a vested interested in seeing it succeed in the future? am i missing something?

sorry for the novel, but interested to hear everyone's thoughts.",btc,en,15.0,101.0,1mua5lm,btc,,,,,
2025-08-19 01:39:37+00:00,,reddit,https://i.redd.it/apwptz6prvjf1.jpeg,satoshi launched bitcoin . org exactly 17 years ago today.,btc,en,665.0,57.0,1mu542p,btc,,,,,
2025-08-18 03:25:31+00:00,,reddit,https://i.redd.it/1a9tx45d5pjf1.png,bitrefill currently unable to accept btc payments maybe they should try bitcoin cash.,btc,en,7.0,20.0,1mtb1fb,btc,,,,,
2025-08-17 20:29:31+00:00,,reddit,https://www.reddit.com/r/btc/comments/1mt1pac/is_august_2025_still_a_good_time_to_buy_bitcoin/,"is august 2025 still a good time to buy bitcoin before the cycle peak? opinions wanted hi everyone,

i’ve been researching **bitcoin market cycles**, which seem to follow the halving events (every \~4 years). the last halving was in april 2024, and historically bitcoin tends to rally for 12–18 months after, usually reaching a **cycle peak** before entering a longer bear market.

some analysts suggest the **peak of this current cycle could happen around october–november 2025**. that got me thinking:

* right now, it’s **august 2025**, and we’re clearly in the bullish phase.
* if i buy now, theoretically there’s still room to grow before that potential peak.
* but after the peak, we could be facing a big correction (like in 2014, 2018, and 2022).

so my questions for you:

* do you think **august 2025 is still a good entry point for btc**?
* what kind of **exit strategies** do you recommend to avoid getting stuck in the next bear market?
* is it smarter to do **take-profit gradually before november**, or just keep holding until the next halving in 2028?

i’d love to hear your thoughts — i know this community has both long-term holders and active traders, so different perspectives would be super helpful.

thanks in advance",btc,en,5.0,52.0,1mt1pac,btc,,,,,
2025-08-17 17:00:23+00:00,,reddit,https://www.youtube.com/watch?v=9KEAPGtJWMk,live the bitcoin cash podcast #157: bch blaze & layla lock-in feat. jonathan silverblood,btc,en,16.0,0.0,1msw8dh,btc,,,,,
2025-08-17 16:57:25+00:00,,reddit,https://www.cryptopolitan.com/blackrock-bitcoin-etf-hits-91-06b-aum/,"blackrock bitcoin etf hits $91.06b aum blackrock’s ibit sets new record with $91.06b aum, maintaining its lead in u.s. bitcoin etfs.",btc,en,7.0,16.0,1msw5nb,btc,,,,,
2025-08-17 14:45:01+00:00,,reddit,https://fundme.cash/campaign/54,"we’re so close! chapa bch moçambique just needs 3.86 bch to make peer-to-peer rides a reality hey bch family,

after months of work, our chapa bch moçambique campaign is now 77.32% funded. that means there’s just 3.86 bch left between us and bringing peer-to-peer, bch-powered rides to the streets of maputo and matola.

this project isn’t just about transport — it’s about showing real people here that bch can be money they use every day, for something as simple and essential as getting a ride across town.

we’re almost at the finish line, and i can’t wait to put the first chapa bch vehicle on the road, branded and ready to accept bch for payments.

if you believe in bch adoption and want to see it in action, please consider helping us cross the line:
https://fundme.cash/campaign/54

every bit of support, whether pledging or sharing, brings us closer to making history here.

let’s do this together — bch is bitcoin, and it belongs on the streets! 💚",btc,en,12.0,0.0,1mssrw4,btc,,,,,
2025-08-17 14:40:34+00:00,,reddit,https://www.reddit.com/r/btc/comments/1mssnrc/stacking_experiment/,"stacking experiment buying $5 of btc every day for the next year because that’s what i can afford. 
i’ll update in a year how it went!",btc,en,2.0,8.0,1mssnrc,btc,,,,,
2025-08-17 08:30:39+00:00,,reddit,https://i.redd.it/l3vlt309jjjf1.jpeg,"a better configuration for bitcoin mining with miner control panel i actually had an idea when i visited bitcoin p2pool v2 project https://github.com/pool2win/p2pool-v2
so its kind of like combining gupaxx and awesome miner, but aimed at bitcoin with stratum v2. the concept is a stand-alone control platform that always uses sv2, so miners can control block templates without extra hassle. it bundles a datum template manager, an sv2 proxy with job negotiation, p2pool support, and a bitcoin full node into one gui. setup is simple: during onboarding you pick which backend to connect through sv2, local p2pool (bundled), the remote p2pool mesh, or an external sv2-compatible pool. the wizard would walk through node setup, p2pool config, and backend handshake, then auto-discover asics on the lan, log into their web interfaces with stored username/password, and push configs so they point to the software automatically.

like awesome miner, the gui would handle miner management in one place, showing hashrate, stale/orphan rates, latency, fee deltas, and accept/reject logs, while letting you group miners and assign different template policies. like gupaxx, everything would be bundled including the node, p2pool, and sv2, so even non-technical operators can run it out of the box. operators could choose from datum presets (max fees, low orphan, censorship-resistant, neutral) or create custom templates with rules for txid pinning, fee floors, package acceptance, or coinbase preferences. templates could be chained with failover (template1 → template2 → backend default → secondary backend), with watchdogs reverting automatically if stale/orphan budgets or mempool sanity checks are breached.

packaging could be either a stand-alone controller for people with their own node/p2pool, or a bundled suite ready to run on a mini-pc or node appliance (umbrel, start9os, linux flatpak). security would be built-in: tls for sv2 links, minimal rpc permissions, backup and restore of configs, and log retention controls. by enforcing sv2 and integrating with p2pool, variance smoothing stays intact while restoring transaction selection to miners, aligning closer to satoshi’s “1 cpu = 1 vote.” pools still validate and pay, but they no longer dictate transaction policy. it would look like the below image. the only reason imo miners saw p2pool to complicated and have no predictable income compared to centralized pool where the only thing they needed is a ui for them to work on plug and play.",btc,en,1.0,8.0,1mslk58,btc,,,,,
2025-08-17 00:44:44+00:00,,reddit,https://i.redd.it/0qh094k03hjf1.jpeg,a history of bitcoins.,btc,en,0.0,4.0,1msd28i,btc,,,,,
2025-08-16 23:20:45+00:00,,reddit,https://www.reddit.com/r/btc/comments/1msb6j4/what_type_of_encryption_am_i_looking_at/,"what type of encryption am i looking at. before i posted this i looked at a couple pgp examples and they had - and _ in the random letters and number block so it doesn’t look like pgp (as far as i can tell)

please note the block letters and numbers and the 64 character line are in capital letters. i’m quite sure that wouldn’t have been a mistake and forced all upper case. 

i found 3 btc addresses from back in 2013 and they gave a bit of btc in them (.19 btc enough to make me want to get it back). each had a short wallet identifier name. the first one was 1game then next line my email addess then below that 1300 random letters and numbers (no spaces or dashes or underscores) after that was a line of 64 random letters and numbers (no spaces or dashes etc). 

i know this is something to do with my old accounts at blockchain.info which has become blockchain.com. it would have possibly been some type of backup thing they asked me to save at blockchain.info back in the day?
i can’t get in by username and password as i lost the passwords long ago and i wasn’t registered in there to simply get a password reset as it doesn’t work that way. i hope someone can help me somehow work out what these random number blocks mean. (each is 1300 digits). 

if you have an opinion and aren’t a fw scammer please let me know your thoughts.",btc,en,1.0,1.0,1msb6j4,btc,,,,,
2025-08-16 11:49:06+00:00,,reddit,https://i.redd.it/jgimihrmddjf1.jpeg,"bitcoin mvrv signals mid-cycle setup for breakout bitcoin’s mvrv ratio is holding around 2.2–2.3, still below the march peak of 2.77 that aligned with the $72k high. historically, cycle tops form closer to 3.0, suggesting more room to run. sentiment has improved with the fed rolling back operation chokepoint, easing pressure on banks and crypto access. with btc consolidating between $118k and $120k, a breakout above $120k could act as the launchpad toward $130k+ in the coming weeks, supported by ongoing smart money accumulation.",btc,en,0.0,0.0,1mrszl7,btc,,,,,
2025-08-16 10:40:21+00:00,,reddit,https://www.youtube.com/watch?v=pK6OqAaT15k,the story of bitcoin cash,btc,en,22.0,8.0,1mrrlq8,btc,,,,,
2025-08-16 07:35:11+00:00,,reddit,https://medium.com/@anishnarayan/bitcoin-and-cryptocurrency-in-india-pros-cons-regulations-and-market-reality-8615dde42b28?sk=4afebdfe179cbdbc26abec0a3bddf8f4,"bitcoin and cryptocurrency in india: pros, cons, regulations, and market reality",btc,en,3.0,0.0,1mro9h6,btc,,,,,
2025-08-16 06:43:48+00:00,,reddit,https://read.cash/@alberdioni8406/we-arent-fuckin-quit-the-bch-reality-check-8d4322df,"we aren’t fuckin’ quit – the bch reality check after jack admitted that bitcoin should be used everyday like it was designed to be, i got inspired. read more and enjoy",btc,en,12.0,4.0,1mrnape,btc,,,,,
2025-08-16 03:59:56+00:00,,reddit,https://www.reddit.com/r/btc/comments/1mrk3dp/retail_is_shifting_from_btc_to_altcoins_and_it/,"retail is shifting from btc to altcoins and it might signal bitcoin buyer exhaustion been watching some interesting data this week. retail sentiment toward crypto jumped hard but it's not going into bitcoin anymore. analysts think this could mean btc buyers are getting tired.

the numbers are pretty clear

crypto sentiment index went from 0.23 to 0.91 in just one week according to bitwise's max shannon. that's a massive jump but here's the interesting part - google searches for altcoins and ethereum hit multiyear highs.

this pattern looks similar to what we saw before previous bear markets. people start looking for alternatives after bitcoin runs up, which usually means the btc party might be ending soon.

bitcoin hit some turbulence

btc dropped below $118k on thursday after treasury secretary scott bessent said the government had no plans to buy more bitcoin for the strategic reserve. he walked that back pretty quick though, saying they're still exploring ways to add btc.

fear and greed index dropped from 68 to 59, moving out of greed territory into neutral. still elevated but not euphoric anymore.

what buyer exhaustion actually means

when buying pressure starts decreasing while selling pressure stays the same, you get buyer exhaustion. basically fewer people want to buy at these high prices so capital starts rotating into other assets.

we're seeing this with retail interest shifting toward altcoins and ethereum. classic pattern that often happens after bitcoin makes new highs.

september altcoin season incoming

coinbase institutional's david duong thinks we're setting up for full altcoin season as we approach september. altcoin season means at least 75% of the top 50 altcoins outperform bitcoin over 90 days.

the altcoin season index climbed from 33 to 42 this week but still needs to hit 75 to officially trigger altseason.

michaël van de poppe from mn trading thinks altcoins could see 100-150% gains in their first serious run, similar to what ethereum just did.

what this means for traders

if bitcoin buyers are actually exhausted, we might see:

btc consolidation or pullback in the near term

capital rotating into ethereum and altcoins

potential altcoin season starting in september

bitcoin possibly finding support and resuming later

the broader crypto narrative is still intact with things like solana etf decisions coming in october. policy developments remain favorable.

but short term, retail attention shifting away from bitcoin toward alts is usually a sign that btc's current run might need to take a breather.

not saying bitcoin is done, just that the easy money phase might be over for now while altcoins get their turn. for anyone active in this market, it’s also a good time to keep tax reporting in check platforms like awaken.tax make it a lot easier to stay compliant without slowing down your trading.",btc,en,6.0,11.0,1mrk3dp,btc,,,,,
2025-08-16 03:29:54+00:00,,reddit,https://v.redd.it/5ospgtz1o9jf1,“there will be bitcoin”,btc,en,0.0,1.0,1mrjgwl,btc,,,,,
2025-08-16 00:35:45+00:00,,reddit,https://news.bitcoinprotocol.org/jack-dorseys-vision-for-bitcoin-sparks-debate-over-its-future/,jack dorsey’s vision for bitcoin sparks debate over it’s future,btc,en,38.0,115.0,1mrfmvr,btc,,,,,
2025-08-15 23:56:59+00:00,,reddit,https://youtu.be/trCEP-HZUPQ?si=5v92zcJl5u6MzXiE,"mastering bitcoin – chapters 4–5 | asymmetric cryptography, keys & wallets",btc,en,1.0,0.0,1mreqln,btc,,,,,
2025-08-15 22:56:47+00:00,,reddit,https://www.reddit.com/r/btc/comments/1mrd8zd/bitcoin_in_401k_donald_trump/,"bitcoin in 401k, donald trump what are your thoughts? bad idea? good idea?",btc,en,0.0,12.0,1mrd8zd,btc,,,,,
2025-08-15 17:35:46+00:00,,reddit,https://i.redd.it/ecmx2pwny7jf1.png,built by the developers behind bitcoin & ethereum - same devs. new rules.,btc,en,0.0,2.0,1mr4nvh,btc,,,,,
2025-08-15 17:28:32+00:00,,reddit,https://decrypt.co/322367/ai-crypto-czar-david-sacks-says-us-could-buy-more-bitcoin,ai and crypto czar david sacks says the us could buy more bitcoin - decrypt,btc,en,0.0,6.0,1mr4gj8,btc,,,,,
2025-08-15 16:34:16+00:00,,reddit,https://www.reddit.com/r/btc/comments/1mr2y2e/the_final_genius_of_satoshi_wasnt_in_creating/,"the final genius of satoshi wasn’t in creating bitcoin—it was in walking away when satoshi vanished, it wasn’t just about hiding his identity.
it was his last, philosophical move: to prove bitcoin’s freedom meant having no leader, no god, no master.
by letting go, he set it truly free—just as he once feared to.",btc,en,570.0,178.0,1mr2y2e,btc,,,,,
2025-08-15 14:51:08+00:00,,reddit,https://www.reddit.com/r/btc/comments/1mr02pu/bitcoin_drops_2_but_are_we_seeing_smart_money/,"bitcoin drops 2%, but are we seeing smart money reallocate to ipos? are you following the infrastructure bets more than token charts right now? what company or tech are you watching that could be tomorrow’s altcoin-level moon?",btc,en,0.0,1.0,1mr02pu,btc,,,,,
2025-08-15 14:49:21+00:00,,reddit,https://i.redd.it/gomqk9pu47jf1.png,here are two reasons to buy btc even when it deeps.,btc,en,0.0,1.0,1mr00w7,btc,,,,,
2025-08-15 14:31:27+00:00,,reddit,https://v.redd.it/apy7d28d07jf1,"excerpt on 51% attacks and ""goldfinger"" attacks from a talk with donald wilson at university of chicago on november 9th 2018. this is the full talk: https://www.youtube.com/watch?v=6dqdmdkbluy

for context, tether had collapsed two weeks prior, there was some stuff that happened on bitcoin cash in november 2018, and for donald wilson personally and professionally, a case brought by the cftc seeking to ban him from trading for life was dismissed with prejudice at the end of nov. 2018.",btc,en,5.0,23.0,1mqzj26,btc,,,,,
2025-08-15 13:56:07+00:00,,reddit,https://awesomebitcoin.cash/#-bitcoin-cash--monero-,"awesomebitcoin.cash has a section for xmr-bch atomic swap projects. if your exchange doesn't support buying xmr directly, bch can be your on ramp.",btc,en,17.0,2.0,1mqykmb,btc,,,,,
2025-08-15 12:25:48+00:00,,reddit,https://www.reddit.com/r/btc/comments/1mqwbri/help/,"help!!! help!!!!

need investment advice from all the gurus!!!!

i am super noob compared to all of you, however i want to make a long term investment in crypto.

i have $4800 to spare as a long term investment and i’m willing to hold whatever cryptos (1-3 types of coin max) i buy with it till 2045. which one would you suggest out of the followings and what do you think or assume their rates would be in 2045:

1. bitcoin
2. xrp
3. ethereum
4. solana
5. chainlink
6. tron 
7. cardano
8. doge
9. hyperliquid

please feel free to advise on other cryptos if you feel necessary and also mention why you think it’s better than the other. 

p.s i’m planning to buy in 2026/27 hoping for this bull run to end. 

any advice would be highly appreciated.",btc,en,0.0,22.0,1mqwbri,btc,,,,,
2025-08-15 08:02:58+00:00,,reddit,https://www.cryptopolitan.com/bitcoin-smashes-record-above-124k/,bitcoin smashes record above after 401(k) crypto inclusion and fed rate-cut hopes ignite rally will retailers and fund managers be interested in bitcoin inclusion in 401k?,btc,en,0.0,0.0,1mqraqd,btc,,,,,
2025-08-15 06:22:49+00:00,,reddit,https://cryptonewsland.com/bitcoin-fails-to-break-above-the-supply-zone/,"bitcoin fails to break above the supply zone once again, btc drops to $118,000",btc,en,1.0,1.0,1mqpjmi,btc,,,,,
2025-08-15 03:29:56+00:00,,reddit,https://v.redd.it/132w7pajn3jf1,should i publish my bitcoin sentiment website?,btc,en,0.0,2.0,1mqmabm,btc,,,,,
2025-08-15 03:22:09+00:00,,reddit,https://i.redd.it/1rofmvxdq3jf1.jpeg,computing computing a dream of holding 1btc,btc,en,0.0,4.0,1mqm4hb,btc,,,,,
2025-08-15 03:11:53+00:00,,reddit,https://www.reddit.com/r/btc/comments/1mqlwpn/10_billion_bitcoin_inevitable_by_2029/,$10 billion bitcoin inevitable by 2029!!! it is inevitable. once aliens invade from space to buy bitcoin the supply shock will be huuge!!,btc,en,0.0,5.0,1mqlwpn,btc,,,,,
2025-08-14 22:38:46+00:00,,reddit,https://decrypt.co/322367/ai-crypto-czar-david-sacks-says-us-could-buy-more-bitcoin,ai and crypto czar david sacks says the us could buy more bitcoin - decrypt,btc,en,0.0,1.0,1mqfp3o,btc,,,,,
2025-08-14 21:11:11+00:00,,reddit,https://i.redd.it/vepzyz87w1jf1.jpeg,bored ape computation this bored ape is the poorest of his family and his dream is to hold some btc.,btc,en,0.0,1.0,1mqde44,btc,,,,,
2025-08-14 19:54:06+00:00,,reddit,https://v.redd.it/9tv6gwagi1jf1,"just in: 🇺🇸 treasury secretary bessent says the us government is ""not going to be buying"" bitcoin. is this bad for bitcoin?",btc,en,196.0,186.0,1mqb9iq,btc,,,,,
2025-08-16 13:30:00,,twitter,https://x.com/BTCTN/status/1956710034320339071,"🔐 Ever wondered how a “letter of credit” works on-chain? 🌐 

@FrederickMunawa chats with @m_at_anvil of @AnvilProtocol to explore:

🔸 Permissionless digital “locks” as letters of credit
🔸 Instant, global proof of collateral
🔸 Zero middlemen, zero trust

Get the insight 👇 https://t.co/sLXbeC91Sh",btc,en,,,1956710034320339071,,BTCTN,119.0,48.0,29.0,12.0
2025-08-16 15:00:40,,twitter,https://x.com/cryptojack/status/1956732850142679479,Owning just 1 #BTC might be the best decision of your life. 💰,btc,en,,,1956732850142679479,,cryptojack,84.0,27.0,72.0,1.0
2025-08-16 15:09:25,,twitter,https://x.com/BitcoinNews21M/status/1956735052533932351,"""Is there enough #Bitcoin for me at $120k? No. $130k, $140k, $150k? Price will continue to discover higher"" 🚀

-Jack Mallers https://t.co/PmkyCMWtHs",btc,en,,,1956735052533932351,,BitcoinNews21M,892.0,140.0,50.0,7.0
2025-08-16 15:58:42,,twitter,https://x.com/SimonDixonTwitt/status/1956747453287293379,"Bitcoin is a resistance against governments &amp; banks. 

Not a movement where you give your Bitcoin TO governments and banks https://t.co/PMguHUV5s7",btc,en,,,1956747453287293379,,SimonDixonTwitt,237.0,38.0,26.0,5.0
2025-08-16 16:13:57,,twitter,https://x.com/0xNonceSense/status/1956751291482595733,"My targets for next 3-6 months:

$BTC $200K+
$ETH $7K - $10K
$BNB $1100 - $1,350
$SOL $500 - $750

And that's me being conservative. https://t.co/HgjGCFOGp4",btc,en,,,1956751291482595733,,0xNonceSense,694.0,122.0,70.0,6.0
2025-08-16 17:09:52,,twitter,https://x.com/Swan/status/1956765363548664277,"JOE KERNAN:  The difference between 2% and 3% percent [inflation] compounded is devastating, and for you to just blow it off... you better buy #Bitcoin, Mohamed. https://t.co/HCEfAxfKrp",btc,en,,,1956765363548664277,,Swan,663.0,94.0,26.0,5.0
2025-08-16 17:16:02,,twitter,https://x.com/BitPaine/status/1956766915063599282,"Are you prepared for bitcoin to “only” return 30% CAGR for twenty years?

2025 | $117,000
2027 | $197,730
2029 | $334,164
2031 | $564,737
2033 | $954,405
2035 | $1,612,944
2037 | $2,725,876
2039 | $4,606,730
2041 | $7,785,374
2043 | $13,157,283
2045 | $22,235,808",btc,en,,,1956766915063599282,,BitPaine,3603.0,325.0,249.0,28.0
2025-08-16 17:18:00,,twitter,https://x.com/rovercrc/status/1956767411010769016,"REMINDER: 

Binance founder CZ predicts Bitcoin will reach between $500,000 and $1,000,000 this cycle. https://t.co/Nq5qX8wQgp",btc,en,,,1956767411010769016,,rovercrc,1668.0,251.0,302.0,17.0
2025-08-16 17:58:24,,twitter,https://x.com/BitcoinNews21M/status/1956777577449996698,"Saifedean Ammous gives CNBC a 2-minute masterclass on money 👀

""That's what #Bitcoin fixes. If we go back to having hard money where money is no longer debt, we no longer need to be monetizing debt. We no longer need everybody to become a debt slave."" https://t.co/yaj5UObx3y",btc,en,,,1956777577449996698,,BitcoinNews21M,506.0,105.0,13.0,5.0
2025-08-16 17:59:47,,twitter,https://x.com/OfficialHashAI/status/1956777925136519385,"HashMine Rewards Are Live! 🌟

The first rewards have officially been distributed to all HashMine NFT holders! 

Start mining today, and earn passive $BTC at market-leading APYs👇

https://t.co/u5cxMAegeC

#HashMineRewards https://t.co/A7hQ3CdJ7u",btc,en,,,1956777925136519385,,OfficialHashAI,232.0,44.0,25.0,5.0
2025-08-16 18:05:31,,twitter,https://x.com/ColinTCrypto/status/1956779369508077936,"The next Bitcoin top will be October 2025, if we assume a 35-month measurement from cycle bottom to cycle top.

I've seen some people stating the Bitcoin cycles have different lengths than those pictured in the last chart I shared. So, I measured it again myself: https://t.co/aB7zgr9wMj",btc,en,,,1956779369508077936,,ColinTCrypto,833.0,131.0,35.0,6.0
2025-08-16 18:45:43,,twitter,https://x.com/nextlayercap/status/1956789484504445254,"🇺🇸 Anthony Pompliano said #Bitcoin is “no longer a contrarian trade. This is a consensus trade now.”

Everyone wants Bitcoin:
- ETFs
- Bitcoin Treasury companies 
- Retail investors
- Sovereign Wealth funds https://t.co/lwuCq1gVME",btc,en,,,1956789484504445254,,nextlayercap,405.0,79.0,9.0,1.0
2025-08-16 18:52:12,,twitter,https://x.com/3orovik/status/1956791118282309997,"BITCOIN TO $1,000,000 THIS CYCLE!! https://t.co/7kUjZKgNNB",btc,en,,,1956791118282309997,,3orovik,129.0,19.0,75.0,0.0
2025-08-16 19:00:32,,twitter,https://x.com/AirdropDet/status/1956793212850393552,"🔍 Zerovity #Airdrop 

🏆 Airdrop Pool: 50,000,000 ZY (5% of the total supply)

🔴 Visit the airdrop page, sign up by connecting your Petra wallet and do the tasks: https://t.co/JI9lVnVrpa

🔘 Details: https://t.co/w5mqRqhYqT

#Airdrops #Bitcoin #Zerovity #USDT #AirdropDetective https://t.co/c5jkJH7lag",btc,en,,,1956793212850393552,,AirdropDet,1765.0,1564.0,257.0,77.0
2025-08-16 19:08:03,,twitter,https://x.com/BTC_Archive/status/1956795106905796764,"MICHAEL SAYLOR: You have 10 years to stack as much Bitcoin as possible before there's no more left.

Time to start stacking. 🧱 https://t.co/0sYZKDQHap",btc,en,,,1956795106905796764,,BTC_Archive,1166.0,183.0,136.0,10.0
2025-08-16 19:56:27,,twitter,https://x.com/BTC_Archive/status/1956807285386121517,"💥📺 Dr ADAM BACK on the ARCHIE PODCAST

- Why many OG cypherpunks totally missed Bitcoin
- Bitcoin's elegance and trying to improve it
- Bitcoin Treasury cos and institutional adoption

We went deep, and covered Adam's history in Bitcoin, why he went away (and returned!), the https://t.co/flxCqMoEwJ",btc,en,,,1956807285386121517,,BTC_Archive,671.0,116.0,82.0,12.0
2025-08-16 21:21:11,,twitter,https://x.com/CryptoUSA_LLC/status/1956828608980533377,"🚀 Join the Texas Coin Airdrop! 🌟 Grab 1,000 coins: Just follow the easy steps below. 
1️⃣ Make a Texas Coin Meme! 
2️⃣ Like this post
3️⃣ Repost
🎉 Share your meme in the replies. Don’t miss out! 🤠 #CryptoLaunch #TexasCoinAirDrop #Texas #Crypto #DeFi #BTC #TXC #Bullrun #First1000 https://t.co/ksFWzVxRfb",btc,en,,,1956828608980533377,,CryptoUSA_LLC,389.0,355.0,443.0,2.0
2025-08-17 01:00:18,,twitter,https://x.com/saylordocs/status/1956883751994077315,"SAYLOR: “When #Bitcoin is $1 million a coin, I bet you I’ll buy $1 billion of it, probably in one day.” https://t.co/KQIlEfXUNX",btc,en,,,1956883751994077315,,saylordocs,536.0,63.0,20.0,1.0
2025-08-17 01:25:16,,twitter,https://x.com/Bitcoin_Teddy/status/1956890034784665756,There is no second best! https://t.co/fPbsideMlH,btc,en,,,1956890034784665756,,Bitcoin_Teddy,2020.0,296.0,185.0,20.0
2025-08-17 04:01:07,,twitter,https://x.com/Cointelegraph/status/1956929257705267582,"🔥 TOM LEE: ""$ETH is having its $BTC 2017 moment again."" https://t.co/XLif3HYG9m",btc,en,,,1956929257705267582,,Cointelegraph,1443.0,184.0,134.0,15.0
2025-08-17 06:45:55,,twitter,https://x.com/CryptooIndia/status/1956970728269455600,"JUST IN: 🇳🇴 World’s largest sovereign wealth fund boosts Bitcoin exposure 83% in Q2.

Now holds 11,400 BTC via MicroStrategy and Metaplanet. https://t.co/fOCEVZoRT2",btc,en,,,1956970728269455600,,CryptooIndia,275.0,46.0,12.0,1.0
2025-08-17 08:32:57,,twitter,https://x.com/evcawolfCZ/status/1956997665155416429,"When 90% expect #BTC to revisit $111,000…
That's when I bet on the opposite.

Bitcoin never gives the majority what they want.

Let's see what happens. https://t.co/iEOSEjLzgC",btc,en,,,1956997665155416429,,evcawolfCZ,110.0,22.0,27.0,2.0
2025-08-17 08:58:19,,twitter,https://x.com/parachutesBTC/status/1957004048592224401,"|￣￣￣￣￣￣￣￣￣￣￣￣|
|    Buy Bitcoin – act broke    |
|＿＿＿＿＿＿＿＿＿＿＿＿|
                     \ (•◡•) /
                       \  ₿  /
                        ——
                         |     |
                         |_   |_",btc,en,,,1957004048592224401,,parachutesBTC,545.0,59.0,18.0,7.0
2025-08-17 09:07:48,,twitter,https://x.com/LennaertSnyder/status/1957006437361611263,"$BTC bounced from $117,000 support. 👌

Scenario's for Bitcoin:
- Reclaim $119,000 and move to the $122,600 highs.
- Gain or reject $122,600 resistance. 
- Test ~$116,500 rangelow again.

Markets probably on hold till after Trump-Zelensky talks tomorrow. https://t.co/MLudCGEB6o",btc,en,,,1957006437361611263,,LennaertSnyder,244.0,25.0,49.0,0.0
2025-08-17 10:00:10,,twitter,https://x.com/Bybit_Official/status/1957019612974834045,BTC 101: How many did you get right? 🟠 https://t.co/k13jSfL66P,btc,en,,,1957019612974834045,,Bybit_Official,137.0,33.0,73.0,0.0
2025-08-17 10:05:01,,twitter,https://x.com/AltcoinGordon/status/1957020836201697507,Crypto bros in 2067 when BTC is $10M https://t.co/xykRG2MW8y,btc,en,,,1957020836201697507,,AltcoinGordon,797.0,66.0,196.0,8.0
2025-08-17 10:15:12,,twitter,https://x.com/cryptojack/status/1957023398799741238,LET’S MAKE #BTC GREAT AGAIN 💥🚀 https://t.co/zcLlztcKhO,btc,en,,,1957023398799741238,,cryptojack,420.0,114.0,101.0,6.0
2025-08-17 10:30:17,,twitter,https://x.com/dfinity/status/1957027193323717023,"Bitcoin DeFi – Why the excitement?

✅ ICP is directly integrated with Bitcoin at the networking level – no centralized intermediaries needed. 

✅ Smart contracts on ICP (canisters) can hold BTC addresses, check balances &amp; make transactions. 

They're programmable wallets with https://t.co/BQU8VAxCJU",btc,en,,,1957027193323717023,,dfinity,293.0,93.0,34.0,21.0
2025-08-17 11:00:01,,twitter,https://x.com/AdamBLiv/status/1957034676205621730,"🔥THE USA MASTERPLAN TO BUY BITCOIN🔥

What if the United States started buying hundreds of thousands of BTC... using tariff surplus?

No new taxes.
No new debt.
No Congressional chaos.

In this video, I unveil a presentation proposing an elegant, budget-neutral, and https://t.co/OMcTWzNCmM",btc,en,,,1957034676205621730,,AdamBLiv,278.0,51.0,38.0,5.0
2025-08-17 11:21:02,,twitter,https://x.com/whale_alert/status/1957039965008805893,"🚨 🚨 🚨 🚨  665 #BTC (78,787,403 USD) transferred from unknown wallet to #Binance

https://t.co/E174RjfDe4",btc,en,,,1957039965008805893,,whale_alert,257.0,20.0,37.0,3.0
2025-08-17 11:23:26,,twitter,https://x.com/barfires/status/1957040571530506296,"🔥RUST GIVEAWAY  

🎁Banana Eoka $125 Giveaway 

📢To Enter Giveaway :

✅ Follow @barfires &amp; @bandit 
✅ Retweet + Like
✅Tag 2 Friend

⏰ Giveaway ends in 7 day   

#CSGOGiveaway #cs2giveaway #cs2 #Giveaway #CryptoGiveaway #Steam #BTC https://t.co/hxgLV1OQva",btc,en,,,1957040571530506296,,barfires,1070.0,1103.0,1041.0,0.0
2025-08-17 11:51:57,,twitter,https://x.com/Vivek4real_/status/1957047744809365761,"Elon Musk should bring back the #Bitcoin hashtag emoji 👀

Like, if you agree. https://t.co/02sRafk27V",btc,en,,,1957047744809365761,,Vivek4real_,1659.0,132.0,124.0,6.0
2025-08-17 12:50:37,,twitter,https://x.com/LevendiPro/status/1957062511020167179,POV of the $KAS community running rings around some $BTC maxis knowledge on Bitcoin.. https://t.co/lF6IJHBUYS,btc,en,,,1957062511020167179,,LevendiPro,194.0,38.0,16.0,0.0
2025-08-17 13:41:17,,twitter,https://x.com/Eric_BIGfund/status/1957075260282372257,"When the Treasury Secretary calls Bitcoin a  21st-century reserve asset for the Nation,

That’s not speculation. It’s recognition. 🚀",btc,en,,,1957075260282372257,,Eric_BIGfund,422.0,47.0,23.0,0.0
2025-08-17 13:43:06,,twitter,https://x.com/maxkeiser/status/1957075716803072098,Keir’s bringing his A-game to tomorrow’s confab https://t.co/btCwNUOMHm,btc,en,,,1957075716803072098,,maxkeiser,261.0,29.0,46.0,5.0
2025-08-17 13:49:40,,twitter,https://x.com/BitcoinNewsCom/status/1957077368461254686,"Throw away your Econ textbooks.

This is the only lesson on inflation you’ll ever need. https://t.co/0ajVK8Y0yY",btc,en,,,1957077368461254686,,BitcoinNewsCom,211.0,64.0,20.0,5.0
2025-08-17 13:51:40,,twitter,https://x.com/StockSavvyShay/status/1957077873376059656,"CATHIE WOOD SAYS BITCOIN $BTC COULD REACH $1.8M WITHIN 5 YEARS

https://t.co/tjUyKxO1bN",btc,en,,,1957077873376059656,,StockSavvyShay,1052.0,104.0,242.0,23.0
2025-08-17 14:00:03,,twitter,https://x.com/Coredao_Org/status/1957079984566321425,"The CORE token is the key to enhanced, self-custodial Bitcoin yield.

Dual Stake today to earn ~5% APY without any principal risk to your BTC. 🔶 https://t.co/PyaNHYwHWs",btc,en,,,1957079984566321425,,Coredao_Org,621.0,197.0,89.0,5.0
2025-08-17 14:16:35,,twitter,https://x.com/Saylor_Archive/status/1957084142367097098,"Anthony Pompliano DESTROYS Fox Host who says #Bitcoin is ""way too volatile"" to be used for savings 👀 https://t.co/oJI9ozcyHY",btc,en,,,1957084142367097098,,Saylor_Archive,807.0,177.0,18.0,14.0
2025-08-17 14:45:04,,twitter,https://x.com/TheCryptoLark/status/1957091312554873154,"POV: It's 2040, you made generational wealth with Bitcoin, and now your house looks like this:

https://t.co/OxQrj0uLsC",btc,en,,,1957091312554873154,,TheCryptoLark,419.0,63.0,148.0,9.0
2025-08-17 14:56:42,,twitter,https://x.com/AltcoinGordon/status/1957094240179089448,How I’m turning up for thanksgiving dinner this year when Bitcoin and Ethereum are at ATHs https://t.co/3qBvXldNsZ,btc,en,,,1957094240179089448,,AltcoinGordon,262.0,20.0,106.0,5.0
2025-08-17 15:28:00,,twitter,https://x.com/saylordocs/status/1957102116834607105,I have 0.8 #BTC and I'm proud! It's not much but I'm happy. https://t.co/Q0TFHSM8YF,btc,en,,,1957102116834607105,,saylordocs,738.0,70.0,62.0,4.0
2025-08-17 15:58:08,,twitter,https://x.com/CryptoWendyO/status/1957109700643684529,You know that Bitcoin will go to $1M per coin faster if you just become unbothered and focus on yourself?,btc,en,,,1957109700643684529,,CryptoWendyO,191.0,17.0,57.0,2.0
2025-08-17 17:30:23,,twitter,https://x.com/saylordocs/status/1957132917575925984,"Saylor: ""We sold $1.5B of stock backed by $500M of BTC. We bought back $1.5B of Bitcoin, capturing a Billion dollar gain in the arbitrage."" 

Softbank: 🤯🤯🤯 This is the best business model in the world. we need to copy this immediately. https://t.co/e84qkm90aZ",btc,en,,,1957132917575925984,,saylordocs,1451.0,175.0,53.0,11.0
2025-08-17 17:54:49,,twitter,https://x.com/Vivek4real_/status/1957139062361657390,"GRANT CARDONE JUST SAID IF HE BOUGHT #BITCOIN INSTEAD OF REAL ESTATE HE WOULD HAVE MADE $22 BILLION 🤯

THIS IS WILD!!! https://t.co/mV4mQuQlsO",btc,en,,,1957139062361657390,,Vivek4real_,1295.0,187.0,99.0,6.0
2025-08-17 17:58:36,,twitter,https://x.com/Criistvan/status/1957140014971687344,"🔥$20 Skin Giveaway 🔥
📢To Enter Giveaway : 

✅ Follow me &amp; @BabaYagaBet 
❤️Like tweet
✅ Retweet + Tag a Friend

⏰ Giveaway ends in 7 days. 
Goodluck☘️
 #Cs2giveaway #CS2 #CSGO  #Giveaway #BTC #Litecoin #CryptoMarket #ETH  #Crypto  #Csgo2 #casinobet #CSGOGiveaway #Trump https://t.co/ETYKtgG2oV",btc,en,,,1957140014971687344,,Criistvan,738.0,738.0,729.0,3.0
2025-08-17 19:20:33,,twitter,https://x.com/BTC_Archive/status/1957160639513677994,WATCH: Cathie Wood says Bitcoin could 15x over the next 10 years. 🚀 https://t.co/Hsz8vqaGFs,btc,en,,,1957160639513677994,,BTC_Archive,1369.0,235.0,173.0,14.0
2025-08-17 21:28:12,,twitter,https://x.com/CJ_Johnson17th/status/1957192762417111399,"I hope others think my time and energy is valuable, but some don’t, so I hold Bitcoin to be sure 

I hope others think my life is valuable, but some don’t, so I carry guns just to be sure",btc,en,,,1957192762417111399,,CJ_Johnson17th,465.0,47.0,10.0,0.0
2025-08-17 23:12:28,,twitter,https://x.com/Vivek4real_/status/1957219005309256176,"$12 BILLION BITWISE SAID #BITCOIN EXCHANGES DON’T HAVE ENOUGH SUPPLY TO MEET HIGH DEMAND 

WE ARE ABOUT TO GO PARABOLIC 🚀 https://t.co/dV1ET5zZtj",btc,en,,,1957219005309256176,,Vivek4real_,1141.0,204.0,107.0,12.0
2025-08-18 00:00:01,,twitter,https://x.com/cantonmeow/status/1957230970953998555,"The #Bitcoin 4 year cycle theory has a lot of market participants concerned. Here's a video with 10 reasons why this theory may not work out, and why 2025 is more similar to 2020 rather than 2021. 
$IWM $QQQ #NASDAQ #Bitcoin #Ethereum $PLTR $TSLA #HangSengIndex #Gold $DXY https://t.co/bqxPslTL17",btc,en,,,1957230970953998555,,cantonmeow,392.0,46.0,70.0,9.0
2025-08-18 00:04:59,,twitter,https://x.com/Bitcoin_Teddy/status/1957232218000048527,"“Oh my God, it’s not a currency.  It’s a network.”

Andreas Antonopoulos recalls the moment Bitcoin clicked for him. https://t.co/u7v1N52fNH",btc,en,,,1957232218000048527,,Bitcoin_Teddy,1356.0,242.0,33.0,10.0
2025-08-18 00:10:29,,twitter,https://x.com/CastilloTrading/status/1957233604842680796,"We got the run of the highs and closed $122,560 nPOC print and now looking and having patience for our discounted buy levels on $BTC to start the week. 

#Bitcoin https://t.co/n9BUe5oztR",btc,en,,,1957233604842680796,,CastilloTrading,193.0,31.0,21.0,2.0
2025-08-18 01:29:08,,twitter,https://x.com/IcedKnife/status/1957253398354448514,"pov: your family is congratulating you on bitcoin

but you lost all your money on memes https://t.co/VoLWZeoUMQ",btc,en,,,1957253398354448514,,IcedKnife,528.0,39.0,103.0,9.0
2025-08-18 02:48:01,,twitter,https://x.com/Vivek4real_/status/1957273249148219504,"LIKE, IF YOU ARE NOT SELLING #BITCOIN https://t.co/jy1ZZKT3Zr",btc,en,,,1957273249148219504,,Vivek4real_,3482.0,213.0,248.0,12.0
2025-08-18 03:26:42,,twitter,https://x.com/AltcoinGordon/status/1957282984794476591,Holding meme coins while Bitcoin dips  https://t.co/dAIquTlh05,btc,en,,,1957282984794476591,,AltcoinGordon,890.0,79.0,186.0,6.0
2025-08-18 03:50:14,,twitter,https://x.com/naiivememe/status/1957288905931186570,"Bitcoin $114,000 
https://t.co/ohs5gK3kP6",btc,en,,,1957288905931186570,,naiivememe,627.0,74.0,26.0,11.0
2025-08-18 06:30:26,,twitter,https://x.com/iBeatWallStreet/status/1957329220247392559,"I just added 10 Million $SUPRA tokens to my portfolio 📈

It’s a small bag compared to my larger positions in $BTC and $TRX, but I believe in supporting emerging tech that’s building the future. And with staking yields around 8% APY, it’s also a smart way to let capital work https://t.co/uNT4wbUAVz",btc,en,,,1957329220247392559,,iBeatWallStreet,544.0,141.0,141.0,20.0
2025-08-18 07:27:51,,twitter,https://x.com/jasonpizzino/status/1957343669561798767,"The average correction for Bitcoin during this cycle has been between 20% and 30%. A 20% correction from the #BTC all-time high would be a drop of $25k down to $99,000. Seems scary but it would be below the average. However, $110k-$112k is an important short-term support level. https://t.co/FDcBfZxKgj",btc,en,,,1957343669561798767,,jasonpizzino,343.0,33.0,36.0,0.0
2025-08-18 08:01:20,,twitter,https://x.com/Cointelegraph/status/1957352097055182965,🔥BULLISH: Cathie Wood thinks $BTC could multiply in value by 15x in the next 5 years. https://t.co/mG2ih96IIA,btc,en,,,1957352097055182965,,Cointelegraph,936.0,172.0,262.0,30.0
2025-08-18 10:36:00,,twitter,https://x.com/basedlayer/status/1957391020037128511,"You only need 0.34 BTC to own a lifetime hedge against economic chaos.

Few.",btc,en,,,1957391020037128511,,basedlayer,314.0,20.0,33.0,2.0
2025-08-18 11:00:01,,twitter,https://x.com/AdamBLiv/status/1957397065572794556,"BITCOIN IS YOUR REVENGE

You were born into a lie. 

They stole your time, your savings, and your future  then sent you a thank-you card in the form of a paycheck. 

I expose the harvest machine - the economic slaughterhouse you’ve been living in - and hand you the only weapon https://t.co/CQ2uaysgxj",btc,en,,,1957397065572794556,,AdamBLiv,429.0,84.0,39.0,4.0
2025-08-18 11:46:56,,twitter,https://x.com/kevinolearytv/status/1957408872768975192,"I ask myself, “What do I buy that is really the picks and shovels? And what do I buy that is actually a direct ownership of the tech equivalent to, let's say  a stable coin or Bitcoin itself?"" My conclusion has been if I wanna play the long-term, the next five years or even 10 https://t.co/w3ovMXuIV1",btc,en,,,1957408872768975192,,kevinolearytv,358.0,64.0,35.0,4.0
2025-08-18 12:01:54,,twitter,https://x.com/Strategy/status/1957412636133318840,"Strategy has acquired 430 BTC for ~$51.4 million at ~$119,666 per bitcoin and has achieved BTC Yield of 25.1% YTD 2025. As of 8/17/2025, we hodl 629,376 $BTC acquired for ~$46.15 billion at ~$73,320 per bitcoin. $MSTR $STRC $STRK $STRF $STRD
https://t.co/8zSHvPTFJO",btc,en,,,1957412636133318840,,Strategy,5218.0,591.0,111.0,47.0
2025-08-18 12:32:47,,twitter,https://x.com/Bitcoin_Sage/status/1957420409952841947,"I watched someone build a delta-neutral yield farming strategy in 27 minutes today.

Not code it. Not plan it.
Just build it. Test it. Deploy it. Live on Arbitrum...

Most insane thing is, they barely wrote any code. @Almanak__'s AI swarm did everything.

-----

Cursor for quant https://t.co/Xdq4wnf3If",btc,en,,,1957420409952841947,,Bitcoin_Sage,186.0,18.0,48.0,21.0
2025-08-18 12:37:55,,twitter,https://x.com/WazirXIndia/status/1957421701026734124,"📢 Update on Amended Scheme of Arrangement Revote

95.7% of voting Scheme Creditors supported the Amended Scheme of Arrangement. The Amended Scheme was also supported by 94.6% of associated Approved Claims. This outcome reaffirms the strong support shown in the first round of https://t.co/hVCZqRXIuZ",btc,en,,,1957421701026734124,,WazirXIndia,1000.0,278.0,0.0,21.0
2025-08-18 12:39:23,,twitter,https://x.com/brandonturp/status/1957422071035617663,"Soon 1 Bitcoin will be worth $1M and you'll be mad you didn't buy at $100k.

Act accordingly.",btc,en,,,1957422071035617663,,brandonturp,2244.0,176.0,168.0,11.0
2025-08-18 12:42:50,,twitter,https://x.com/BTCTN/status/1957422939696955394,"Is the U.S. really becoming the #Bitcoin superpower? 🇺🇸
Did Coinbase call the incoming alt season? 🔮
Why did the Fed suddenly kill its crypto crackdown? 🏦

🎙️ All this + IPO mania, stablecoins and more in this week’s full episode of The Weekly with @_dsencil &amp; @graminitha1👇 https://t.co/o8CmM3uSPK",btc,en,,,1957422939696955394,,BTCTN,38.0,15.0,21.0,1.0
2025-08-18 12:44:54,,twitter,https://x.com/BitcoinNews21M/status/1957423459719327925,"Michael Saylor says, ""You can still buy #Bitcoin for less than $0.2 million."" 🚀 https://t.co/QLD9Kg5SPV",btc,en,,,1957423459719327925,,BitcoinNews21M,640.0,134.0,27.0,2.0
2025-08-18 12:51:50,,twitter,https://x.com/ColinTCrypto/status/1957425205573292150,"🔵 Watch This Chart Before You Take Profits!

Tether Dominance $BTC Top Signal https://t.co/3gpaaNmxQJ",btc,en,,,1957425205573292150,,ColinTCrypto,1026.0,146.0,45.0,21.0
2025-08-18 13:18:00,,twitter,https://x.com/satoshibaggins/status/1957431789074727084,"Just sold some Bitcoin to renovate my house. Zero regrets. 

Because the goal isn't to die with the most Bitcoin. The goal is to live the best life.

Still feels strange hitting that sell button after being a hodler for so long, but this is what Bitcoin is for. https://t.co/QYDbFlX9YQ",btc,en,,,1957431789074727084,,satoshibaggins,8192.0,285.0,713.0,61.0
2025-08-18 13:47:51,,twitter,https://x.com/Vivek4real_/status/1957439300598984763,"BREAKING: 🇺🇸 CNBC JUST ANNOUNCED LIVE ON TV THAT #BITCOIN EXCHANGE GEMINI FILES TO GO PUBLIC ON THE NASDAQ.

IT’S HAPPENING!!! https://t.co/loSd9wQrNx",btc,en,,,1957439300598984763,,Vivek4real_,6258.0,933.0,174.0,43.0
2025-08-18 13:51:25,,twitter,https://x.com/jackmallers/status/1957440200499437628,"For centuries, humanity suffered from knowledge being scarce and money (fiat) being infinite.

Today, AI is making knowledge infinite and #Bitcoin is making money scarce.

This changes everything. We’ve engineered a better world. A new era of prosperity is here.",btc,en,,,1957440200499437628,,jackmallers,3411.0,639.0,167.0,58.0
2025-08-18 13:51:53,,twitter,https://x.com/SimplyBitcoinTV/status/1957440318078411161,Is Wall Street Hijacking Bitcoin? | Core vs. Knots (Full Breakdown) 👇 https://t.co/dyveZvMyyW,btc,en,,,1957440318078411161,,SimplyBitcoinTV,216.0,55.0,42.0,13.0
2025-08-18 14:09:30,,twitter,https://x.com/TraderDaink/status/1957444749494714451,$BTC Long Explained https://t.co/w17oG36oR1,btc,en,,,1957444749494714451,,TraderDaink,193.0,28.0,30.0,1.0
2025-08-18 14:38:04,,twitter,https://x.com/BTC_Archive/status/1957451938292752865,"$12 BILLION Bitwise says Bitcoin demand is significantly outpacing supply. 📈

What happens to price when demand outpaces supply? 🤔 https://t.co/E0ErXOMY2M",btc,en,,,1957451938292752865,,BTC_Archive,477.0,123.0,99.0,8.0
2025-08-18 14:42:00,,twitter,https://x.com/AltcoinDaily/status/1957452928366858707,"“When I was 20 I wanted to own 1 full bitcoin. Now that I own 1 bitcoin, I want to be 20.”

I overheard this at coffee shop.

The kid was 25.",btc,en,,,1957452928366858707,,AltcoinDaily,1439.0,89.0,197.0,7.0
2025-08-18 14:54:17,,twitter,https://x.com/ShawnCT_/status/1957456018952032576,"Ten years ago, #Bitcoin was just $258. Today, it’s already $115,000. 

Decades from now, as the last BTC gets mined, true scarcity will kick in — and prices could soar beyond imagination.#Scarcity $BTC https://t.co/zgyJTRzzn0",btc,en,,,1957456018952032576,,ShawnCT_,582.0,187.0,227.0,0.0
2025-08-18 14:57:36,,twitter,https://x.com/GoMining_token/status/1957456855883469288,"👾 How do you actually buy a miner in GoMining?

Your first step to daily Bitcoin rewards is getting a Digital Miner — a unique asset tied to real ASIC hashrate running in our data centers 24/7.

Here’s how to get one ⬇️ https://t.co/Pcv1r46hmf",btc,en,,,1957456855883469288,,GoMining_token,2872.0,2188.0,326.0,113.0
2025-08-18 15:02:43,,twitter,https://x.com/MattInWeb3/status/1957458143815819448,"Looks like the market's taking a bit of a breather here, with $BTC pulling back hard today.

Hoping to see it at least hold around this level, but with the Jackson Hole Symposium coming up this week, I'd imagine that we'll be seeing a fair bit of volatility. https://t.co/WBsT5vL9om",btc,en,,,1957458143815819448,,MattInWeb3,149.0,41.0,46.0,2.0
2025-08-18 15:05:49,,twitter,https://x.com/BitcoinNews21M/status/1957458922303877461,The best explanation of why to always buy the #Bitcoin dip 👀 https://t.co/soVBLiXdnL,btc,en,,,1957458922303877461,,BitcoinNews21M,334.0,83.0,13.0,2.0
2025-08-18 15:59:47,,twitter,https://x.com/deezy_BTC/status/1957472503153975765,"Owning one whole Bitcoin is out of reach for most, but the equivalent on ADA is quite doable https://t.co/a9St8aRBnt",btc,en,,,1957472503153975765,,deezy_BTC,544.0,70.0,22.0,4.0
2025-08-18 16:23:55,,twitter,https://x.com/cosmos/status/1957478578184151498,Bitcoin lives on Cosmos https://t.co/x3rFkycTqY,btc,en,,,1957478578184151498,,cosmos,264.0,65.0,18.0,7.0
2025-08-18 16:44:00,,twitter,https://x.com/cryptosybitcoin/status/1957483631091302874,"🧐Definido como activo digital limitado y descentralizado

🟠#Bitcoin surge como cobertura frente a la irresponsabilidad monetaria y fiscal de gobiernos y bancos centrales📊 https://t.co/VKSEHZhLSU",btc,es,,,1957483631091302874,,cryptosybitcoin,53.0,8.0,4.0,0.0
2025-08-18 17:00:33,,twitter,https://x.com/BanklessHQ/status/1957487797696438741,"Tom Lee ( @fundstrat ) already predicted ETH to $4,000

If we take into account last year’s 0.05 ETH/BTC ratio ETH's already approaching $6,000

But with a more treasuries buying and a rising BTC backdrop Tom Lee is predicting a much higher ETH price:

“By the year end it’s not https://t.co/jKs7HjhXuD",btc,en,,,1957487797696438741,,BanklessHQ,655.0,78.0,35.0,8.0
2025-08-18 17:27:52,,twitter,https://x.com/cultured/status/1957494669031702932,"Whop is now officially independent from Stripe.

What this means for anybody running a business on Whop:

&gt; Orchestration through multi-PSPs is now available (lifts your revenue by 5 - 10%)

&gt; Sellers can get paid out in nearly every country via local banks, BTC, or stablecoins https://t.co/Xol0JJkvUb",btc,en,,,1957494669031702932,,cultured,2042.0,196.0,360.0,113.0
2025-08-18 17:35:34,,twitter,https://x.com/BitcoinNews21M/status/1957496606346854704,Saifedean Ammous says #Bitcoin is growing faster than anything in history and it's going to $100 trillion 🚀 https://t.co/CtJ4QHgvWq,btc,en,,,1957496606346854704,,BitcoinNews21M,438.0,85.0,21.0,3.0
2025-08-18 18:19:23,,twitter,https://x.com/NoLieWithBTC/status/1957507636779446523,"There it is.

Trump says he likes the idea of starting a war so he can declare “no more elections” and stay in office forever. https://t.co/W3AycWoEEW",btc,en,,,1957507636779446523,,NoLieWithBTC,9435.0,3170.0,1810.0,244.0
2025-08-18 18:19:31,,twitter,https://x.com/BitcoinMerchCom/status/1957507666571587900,"🚨NEW Giveaway Alert!🚨
Win a Gold Nugget (Nerd Miner) - Literally mining for gold!🪙
We are picking 19 winners! (International winners must pay for shipping/customs - can opt-out upon notification)
19 WINNERSSSSS!!!

To Enter:
1)🔁Repost
2)😎Follow Us
3)🩷Like

Drop a comment https://t.co/VJaAVk5Uo4",btc,en,,,1957507666571587900,,BitcoinMerchCom,697.0,637.0,362.0,7.0
2025-08-18 18:50:55,,twitter,https://x.com/BitcoinMagazine/status/1957515568569020758,JUST IN: 🇨🇳 $1.72 trillion China Merchants Bank subsidiary launches 24/7 Bitcoin trading in Hong Kong 🇭🇰 https://t.co/w1q5i38gl9,btc,en,,,1957515568569020758,,BitcoinMagazine,1927.0,469.0,141.0,14.0
2025-08-18 19:00:26,,twitter,https://x.com/OfficialHashAI/status/1957517966892847180,"HashMine Thread Competition 🏆

To celebrate the first $BTC rewards paid out to all HashMine NFT holders, we’re giving you the chance to win prizes + whitelist access for the next mint! 

🥇 $500 + WL
🥈 $250 + WL
🥉 (5x) $100 + WL 

How to Enter:

1️⃣ Write a thread about https://t.co/2rGJqarjhz",btc,en,,,1957517966892847180,,OfficialHashAI,243.0,60.0,59.0,1.0
2025-08-18 19:23:01,,twitter,https://x.com/Vivek4real_/status/1957523648878899655,"BILLIONAIRE AND LEGENDARY INVESTOR RAY DALIO RECOMMENDED ALLOCATING 15% TO #BITCOIN

HERE WE GO!!! https://t.co/UTgBTIZawX",btc,en,,,1957523648878899655,,Vivek4real_,732.0,141.0,76.0,6.0
2025-08-18 19:42:31,,twitter,https://x.com/Dennis_Porter_/status/1957528556294267283,"Core is intentionally opening the door for Bitcoin to become more like Ethereum. This is the stated intent of Core developers. They want to “future proof” any use case that wants to be developed on Bitcoin.

I’m sorry but I do not want Bitcoin to become Ethereum. https://t.co/22CsLW9znh",btc,en,,,1957528556294267283,,Dennis_Porter_,767.0,93.0,82.0,14.0
2025-08-18 19:46:59,,twitter,https://x.com/VirtualBacon0x/status/1957529678451019964,"Ethereum could reach $6K–$7K by year-end. 

At $BTC $150K and ETH/BTC 0.04, that’s ~$6,600, well within reach if momentum holds. Short-term, $4,800 (ATH) is the key level. 

I’m buying dips, riding higher highs/lows, and targeting $6.5K+.

Check my positioning 👉 https://t.co/9KHj03HjEO",btc,en,,,1957529678451019964,,VirtualBacon0x,907.0,100.0,72.0,1.0
2025-08-18 20:11:59,,twitter,https://x.com/SimplyBitcoinTV/status/1957535970389049543,JUST IN: 🇨🇦 $216 Billion Canada Public Pension Fund has just announced its first exposure to Bitcoin. https://t.co/hAnsP7GUQl,btc,en,,,1957535970389049543,,SimplyBitcoinTV,871.0,235.0,67.0,11.0
2025-08-18 20:27:39,,twitter,https://x.com/Vivek4real_/status/1957539915450790132,"BREAKING: 🇺🇸 $133 BILLION VANECK SAYS #BITCOIN WILL HIT $180,000 BY THE END OF THE YEAR 🚀

IT’S COMING!!! https://t.co/VbKONd4Kaa",btc,en,,,1957539915450790132,,Vivek4real_,953.0,183.0,88.0,9.0
2025-08-18 20:41:58,,twitter,https://x.com/MustStopMurad/status/1957543515699003556,"#SPX6900 will be the Biggest and the Greatest Cryptoasset since Bitcoin.

Credit: @arcane_vault https://t.co/i8Lz5MlSin",btc,en,,,1957543515699003556,,MustStopMurad,2116.0,538.0,366.0,41.0
2025-08-18 20:45:40,,twitter,https://x.com/thegaboeth/status/1957544446595330105,"Lamborghini's fastest, most-powerful car ever is called Fenomeno.⚡️

• 1,065 horsepower
• 0-60 in 2.4 sec, top speed ""over"" 217 mph
• $ 3.5M (≠ 30 BTC), Only 29 will be built

What do you think? https://t.co/2j6iIwKAwU",btc,en,,,1957544446595330105,,thegaboeth,180.0,34.0,76.0,2.0
2025-08-18 21:10:58,,twitter,https://x.com/3orovik/status/1957550814093840702,"Bitcoin is probably going to $1,000,000!!

I AM SUPER BULLISH!! https://t.co/0PR48nKt4H",btc,en,,,1957550814093840702,,3orovik,530.0,88.0,109.0,3.0
2025-08-18 21:13:11,,twitter,https://x.com/SwapSpaceCo/status/1957551374205669491,"🌍 Is crypto killing the planet or saving it?

Bitcoin mining burns energy like whole countries …but the story isn’t that simple.

From volcano-powered BTC to miners heating greenhouses - the truth might surprise you

🎞 Watch now + win $20 👇
https://t.co/ZyB0Wwy8Xb https://t.co/FSTWe5Ukxw",btc,en,,,1957551374205669491,,SwapSpaceCo,7.0,2.0,0.0,0.0
2025-08-18 22:26:00,,twitter,https://x.com/NoLieWithBTC/status/1957569695755743362,This is authoritarianism.,btc,en,,,1957569695755743362,,NoLieWithBTC,172435.0,27420.0,3149.0,505.0
2025-08-19 00:55:30,,twitter,https://x.com/Vivek4real_/status/1957607320453804489,"MICHAEL SAYLOR SAYS, “WHEN WALL STREET IS 10% #BITCOIN, BITCOIN WILL BE $1,000,000 A COIN.”

IT’S COMING!!! 🚀 https://t.co/aqJFstrHbM",btc,en,,,1957607320453804489,,Vivek4real_,1081.0,187.0,110.0,6.0
2025-08-19 03:36:36,,twitter,https://x.com/IBVMCHAIN/status/1957647864135557254,"🚀 IBVM Pre-Sale Launches August 27, 2025
Exclusive to our community &amp; wallet holders at a special discounted entry price.
Be part of the world’s first Bitcoin-native ZK-Rollup Layer 2 – scalable, secure, and unstoppable.

Don’t miss your chance to join early 👉 https://t.co/oHRtar8jpU",btc,en,,,1957647864135557254,,IBVMCHAIN,1223.0,579.0,146.0,12.0
2025-08-19 06:04:38,,twitter,https://x.com/Vivek4real_/status/1957685116391813455,"CAITLIN LONG JUST CONFIRMED LIVE ON CNBC THAT THE HOUSE WILL PASS #BITCOIN CRYPTO MKT STRUCTURE BILL

TRILLIONS INCOMING!!! https://t.co/f1HxC05pLL",btc,en,,,1957685116391813455,,Vivek4real_,1037.0,170.0,66.0,9.0
2025-08-19 06:55:50,,twitter,https://x.com/TheMoonCarl/status/1957698002866368921,"BTC TO $200,000

ETH TO $8,000

ALTS READY TO 10X–50X 💥

THIS COULD BE YOUR LAST CHANCE TO GO ALL IN! 🔥",btc,en,,,1957698002866368921,,TheMoonCarl,1872.0,192.0,347.0,6.0
2025-08-19 07:05:13,,twitter,https://x.com/CryptosR_Us/status/1957700363273822343,"🇺🇸 ERIC TRUMP: “I hear it from sovereign wealth funds, the wealthiest families, and the biggest companies — it’s a race to accumulate as much Bitcoin as possible.” 🚀 https://t.co/fVqUGdVNpQ",btc,en,,,1957700363273822343,,CryptosR_Us,342.0,46.0,37.0,3.0
2025-08-19 09:18:13,,twitter,https://x.com/Bitcoinprof0637/status/1957733832586600474,"I want to send $423,678 to someone who has never won before, like + rt + THANK YOU!! https://t.co/AD8g8jAHvQ",btc,en,,,1957733832586600474,,Bitcoinprof0637,425.0,277.0,283.0,6.0
2025-08-19 11:12:00,,twitter,https://x.com/CryptoBoss1984/status/1957762467137728740,$BTC bullish div on 4H chart https://t.co/mzszqFYeGP,btc,en,,,1957762467137728740,,CryptoBoss1984,560.0,99.0,106.0,1.0
2025-08-19 11:12:27,,twitter,https://x.com/cryptosybitcoin/status/1957762583198359946,"🌍 En un portafolio con oro, acciones, bienes raíces y fiat,

#Bitcoin se destaca por ser escaso, descentralizado y resistente a la inflación.🟠 https://t.co/WAkn4mQP8O",btc,es,,,1957762583198359946,,cryptosybitcoin,15.0,3.0,0.0,0.0
2025-08-19 11:14:20,,twitter,https://x.com/PabloXbtc/status/1957763053568569790,"GM 🫡

Ticker is $BTC https://t.co/oEzxu0z841",btc,en,,,1957763053568569790,,PabloXbtc,547.0,102.0,44.0,2.0
2025-08-19 11:37:21,,twitter,https://x.com/GrantCardone/status/1957768848909730042,"Cardone Capital add another 130 bitcoin completing its Miami River refinance.  Rather than buying rate caps, we raised equity to pay down debt &amp; added 130 BTC.  Fannie debt was locked at 4.89%

This is CardoneCapital 4th transaction adding BTC to  Real Estate investments with 8 https://t.co/I51KhAN13J",btc,en,,,1957768848909730042,,GrantCardone,1492.0,193.0,104.0,20.0
2025-08-19 11:42:22,,twitter,https://x.com/IvanOnTech/status/1957770108941619263,"Absolutely ZERO Bitcoin bear markets started when all plebes yelled:

“IT IS DOUBLE TOP!!! BEAR MARKET AMAAGAADD”

Absolutely fucking ZEROOO
ZEEEROOOOOOOOOO",btc,en,,,1957770108941619263,,IvanOnTech,685.0,44.0,82.0,3.0
2025-08-19 11:44:01,,twitter,https://x.com/Bitcoin_Teej/status/1957770524576125136,"$PLTY $15,000 invested brings you $1500 a month. I never seen anything like this before. https://t.co/s1Acnf6LXI",btc,en,,,1957770524576125136,,Bitcoin_Teej,1210.0,78.0,40.0,3.0
2025-08-19 12:00:09,,twitter,https://x.com/Bitcoin_Teej/status/1957774585547370717,"Money buys you choices.
Where you live. Who you work with. How you spend your days.
Without money, your choices are made for you.",btc,en,,,1957774585547370717,,Bitcoin_Teej,216.0,59.0,8.0,4.0
2025-08-19 13:10:00,,twitter,https://x.com/gem_insider/status/1957792163183690118,"gm to the 20 of us left here!!  ☕️

remember who was bullish when $BTC hit $77k?

don't forget those who didn't panic and held your hands when no one wants to buy.

i'm so bullish we will hit $155k soon fam it's programmed!!! https://t.co/YQsxiyYL44",btc,en,,,1957792163183690118,,gem_insider,207.0,59.0,60.0,3.0
2025-08-19 13:23:23,,twitter,https://x.com/BTC_Archive/status/1957795531683410351,"📺 🗣️ THE ART OF BITCOIN on the ARCHIE PODCAST

I talk to George Bodine, former Top Gun Navy Fighter Pilot, turned artist and Bitcoiner.

We spoke about Bitcoin culture, life, love, courage and resilience. One of my favourite chats on the podcast.

Connect with George @Jethroe111 https://t.co/YqLFDdra7G",btc,en,,,1957795531683410351,,BTC_Archive,644.0,65.0,52.0,8.0
2025-08-19 13:32:59,,twitter,https://x.com/BitcoinNews21M/status/1957797949053767772,"Binance founder CZ thinks #Bitcoin price could top between $500,000 to $1,000,000 this cycle 🚀 https://t.co/UOJE3HIDk5",btc,en,,,1957797949053767772,,BitcoinNews21M,657.0,125.0,46.0,7.0
2025-08-19 13:50:19,,twitter,https://x.com/BTC_Archive/status/1957802310739861940,"JUST IN: Skybridge's Anthony Scaramucci maintains a $180k-$200k Bitcoin price target by year's end.

""That's a cautious price target, by the way."" https://t.co/kTyR2ySF0w",btc,en,,,1957802310739861940,,BTC_Archive,1135.0,177.0,104.0,12.0
2025-08-19 14:00:01,,twitter,https://x.com/ready_co/status/1957804750902091779,"The best way to ₿.

Introducing Bitcoin loans.

Borrow USDC against your Bitcoin and spend it instantly with the Ready Card.

1/11 🧵 https://t.co/ILiWQB7sIK",btc,en,,,1957804750902091779,,ready_co,200.0,36.0,38.0,24.0
2025-08-19 14:25:02,,twitter,https://x.com/fesshole/status/1957811045151453418,"At the start of 2011 I had a £2k windfall and decided to spend it all on cocaine from the Dark Web. I partied every weekend and it lasted me almost 6 months. But if I'd just kept the Bitcoin I had to purchase to make the transaction, today they'd be worth £281m. Still haunts me.",btc,en,,,1957811045151453418,,fesshole,4667.0,62.0,58.0,13.0
2025-08-19 14:39:42,,twitter,https://x.com/VirtualBacon0x/status/1957814736973644194,"Institutions now hold $39B worth of $ETH in ETFs &amp; treasuries, up from $24B in July.  Just 4 days ago, ETH ETFs saw +$639M inflows, outpacing $BTC on the same day. 

Institutions are buying ETH faster than ever. https://t.co/9bVuS8xvQP",btc,en,,,1957814736973644194,,VirtualBacon0x,558.0,85.0,55.0,5.0
2025-08-19 14:42:52,,twitter,https://x.com/whale_alert/status/1957815533845270989,"🚨 🚨 🚨  600 #BTC (68,570,209 USD) transferred from #Bitstamp to unknown wallet

https://t.co/WvpAo9qruu",btc,en,,,1957815533845270989,,whale_alert,124.0,10.0,24.0,1.0
2025-08-19 14:46:08,,twitter,https://x.com/TheBitcoinConf/status/1957816354351861799,"🇺🇸 ANTHONY SCARAMUCCI PREDICTS $200,000 THIS YEAR

SEND IT 🚀 https://t.co/LBRTdMF1gf",btc,en,,,1957816354351861799,,TheBitcoinConf,753.0,206.0,94.0,5.0
2025-08-19 14:50:12,,twitter,https://x.com/Vivek4real_/status/1957817381327155575,"LIKE, IF YOU ARE NOT SELLING #BITCOIN https://t.co/hhLbLrTsaG",btc,en,,,1957817381327155575,,Vivek4real_,3497.0,239.0,318.0,23.0
2025-08-19 15:42:52,,twitter,https://x.com/Scaramucci/status/1957830634845475243,I made my year-end Bitcoin price prediction on @SquawkCNBC with @andrewrsorkin this morning. https://t.co/quSkYZi359,btc,en,,,1957830634845475243,,Scaramucci,192.0,20.0,22.0,2.0
2025-08-19 15:52:01,,twitter,https://x.com/3orovik/status/1957832936666845330,"BITCOIN IS DOWN TO $113,000!!

STOP SELLING CRYPTO!! https://t.co/a96XorznY6",btc,en,,,1957832936666845330,,3orovik,376.0,64.0,153.0,4.0
2025-08-19 16:00:01,,twitter,https://x.com/MerlijnTrader/status/1957834950516117945,"INSTITUTIONS ARE COMING.

They don’t want bridges that break.

They want secure, non-custodial rails.
That’s where @axelar steps in.

From JPMorgan pilots to MAS experiments:
The future isn’t a single chain.
It’s a network of networks.

The future isn’t BTC vs ETH vs SOL.
It’s https://t.co/538EoeCmy0",btc,en,,,1957834950516117945,,MerlijnTrader,526.0,47.0,38.0,5.0
2025-08-19 17:00:41,,twitter,https://x.com/NEARProtocol/status/1957850218491207843,"Bridge who?

NEAR Intents now supports @StellarOrg, unlocking bridge-free swaps across 20+ chains and 100+ tokens.

Swap into Stellar with assets like BTC, ETH, SOL &amp; XRP - no wrappers, no hops.

Bridges are a thing of the past. The future of multichain is intent-driven.

One https://t.co/yxPnepyeTs",btc,en,,,1957850218491207843,,NEARProtocol,722.0,188.0,69.0,38.0
2025-08-19 17:21:21,,twitter,https://x.com/BTC_for_Freedom/status/1957855419340120365,Dips creates conviction for new holders. You need to think about what you really own. The only finite and decentralized asset on earth.,btc,en,,,1957855419340120365,,BTC_for_Freedom,222.0,28.0,32.0,1.0
2025-08-19 17:37:29,,twitter,https://x.com/davidmarcus/status/1957859479422398635,"Bitcoin’s neutrality, openness, and decentralization makes it a very compelling choice for banks as the replacement for antiquated correspondent banking vs. other centralized options. No one wants to king-make another closed, corp controlled payment network again. Open will win.",btc,en,,,1957859479422398635,,davidmarcus,264.0,32.0,9.0,2.0
2025-08-19 18:00:19,,twitter,https://x.com/AirdropDet/status/1957865223312089586,"🔍  Dreamcash #Airdrop

✔️  Guaranteed distribution by Airdrop Detective

🏆  Airdrop Pool: 1500 USDT

🔴  Start the airdrop bot: https://t.co/9WFKW9wMfH

🔘 Do the tasks on the bot &amp; submit your data.

🔘 Details: https://t.co/36jgyxmhtT

#Airdrops #BTC #Dreamcash #AirdropDet https://t.co/P0p2U1EJuc",btc,en,,,1957865223312089586,,AirdropDet,4277.0,4072.0,882.0,263.0
2025-08-19 18:04:31,,twitter,https://x.com/rektmando/status/1957866280435810591,remembering your portfolio when Bitcoin was $124k: https://t.co/CdNwq3UMFo,btc,en,,,1957866280435810591,,rektmando,347.0,13.0,63.0,0.0
2025-08-19 18:33:47,,twitter,https://x.com/AltcoinDaily/status/1957873645558329805,"""We still maintain our bitcoin price target between $180k-$200k by year-end."" - Anthony Scaramucci https://t.co/kPRUr7DNyQ",btc,en,,,1957873645558329805,,AltcoinDaily,377.0,79.0,94.0,3.0
2025-08-19 19:02:41,,twitter,https://x.com/kevinolearytv/status/1957880919592955994,"Everyone’s talking about how much Bitcoin you should own, but nobody’s addressing the real issue. Bitcoin is my largest holding, and yet it generates no yield, no distributions, no royalties. 

That’s the next big problem to solve and I’m working on it right now. https://t.co/kwfaRO3ryy",btc,en,,,1957880919592955994,,kevinolearytv,217.0,30.0,47.0,3.0
2025-08-19 19:23:39,,twitter,https://x.com/NoLieWithBTC/status/1957886194257154354,"Trump just announced that he will be going after all Smithsonian museums that teach “how bad Slavery was,” calling it “WOKE.” https://t.co/LHoO8YwzFn",btc,en,,,1957886194257154354,,NoLieWithBTC,41612.0,5216.0,2900.0,4421.0
2025-08-19 19:33:00,,twitter,https://x.com/okx/status/1957888548394115430,"ICYMI: We've launched a VIP Program for pro traders 

• BTC drops daily with Yield+
• Auto Earn on USDT
• 24/7 priority support
• Boosted APRs
• Lower fees

Ready to level up? See if you're in 👇",btc,en,,,1957888548394115430,,okx,160.0,33.0,64.0,2.0
2025-08-19 19:57:46,,twitter,https://x.com/NoLieWithBTC/status/1957894780534341800,Slavery was bad. https://t.co/iRTFwc3g0P,btc,en,,,1957894780534341800,,NoLieWithBTC,463688.0,52695.0,3455.0,752.0
2025-08-19 20:07:03,,twitter,https://x.com/OnchainKay/status/1957897118758367572,"Raiders WANTED 🚨

I’m hiring 15 shillers/raiders for a simple Web3 task.

💰 Pay: $25 every 6 hrs
🎟️ Includes a Telegram verification badge
⚡ Straightforward work, quick payout.

If you want in:
🔁 Retweet this post
💬 Comment “Ready”
📩 send me a dm https://t.co/Qfm6gA08lh",btc,en,,,1957897118758367572,,OnchainKay,696.0,217.0,405.0,5.0
2025-08-19 20:12:56,,twitter,https://x.com/paulbarrontv/status/1957898599901036590,"🔥Don't PANIC!!

You wanted to BUY THE DIP?👀

Here ya GO!🚀

FULL EPISODE👉https://t.co/L04DtrnXvf

$BTC $ETH $SOL $XRP https://t.co/iC2qim2cra",btc,en,,,1957898599901036590,,paulbarrontv,204.0,36.0,19.0,1.0
2025-08-19 20:28:40,,twitter,https://x.com/BitcoinRachy/status/1957902557353070702,"You call this 9% move on Bitcoin a correction?

I call it opportunity.",btc,en,,,1957902557353070702,,BitcoinRachy,415.0,16.0,45.0,1.0
2025-08-19 21:07:38,,twitter,https://x.com/real_vijay/status/1957912362654277761,"If the Bitcoin price action has you stressed out, remember that it would be completely normal for BTC to drop to 100k, then to bounce to 150k.

If you can't handle the downside volatility, you'll never benefit from the upside vol.",btc,en,,,1957912362654277761,,real_vijay,651.0,35.0,38.0,2.0
2025-08-19 23:48:03,,twitter,https://x.com/ThomasEWoods/status/1957952734075973961,"This Harvard prof wants you to know that the reason he said Bitcoin would more likely hit $100 than $100,000 was NOT because he made any errors. Harvard professors don’t commit errors.

He insists that if everyone else hadn’t acted so stupidly, he would have been right",btc,en,,,1957952734075973961,,ThomasEWoods,5741.0,432.0,430.0,38.0
2025-08-19 23:52:28,,twitter,https://x.com/matthew_sigel/status/1957953844685439360,"📉🥊 Bitcoin Hall of Shame: Power Rankings

The league table of Bitcoin’s loudest critics is always shifting; some rising, some falling, but all proving the case for Bitcoin in their own way. 

Here is the current top dozen, counting down to the loudest of them all:

12. Joseph",btc,en,,,1957953844685439360,,matthew_sigel,160.0,22.0,35.0,10.0
2025-08-19 23:54:19,,twitter,https://x.com/Micro2Macr0/status/1957954311691940140,All the treasury companies with cash/ATMs are salivating for the right time to buy this dip. #Bitcoin @Ethereum @Solana https://t.co/LfwUR4yqWy,btc,en,,,1957954311691940140,,Micro2Macr0,270.0,16.0,21.0,2.0
2025-08-20 00:03:22,,twitter,https://x.com/jimeisc/status/1957956589387935898,"#Bitcion es la única herramienta pacífica que pone en su lugar y contra las cuerdas al Estado, por fin se le regresa el poder 💪 al individuo 👭🧑‍🤝‍🧑.

🔸La revolución silenciosa que ya empezó.
#BTC #freedom https://t.co/Zf2Jxqu9zo",btc,es,,,1957956589387935898,,jimeisc,3.0,1.0,0.0,0.0
2025-08-20 00:48:13,,twitter,https://x.com/APompliano/status/1957967874846519718,"I sat down with @polinapompliano to discuss if the stock market is overvalued, will the government buy bitcoin, what is happening with Opendoor, and why the job report may not be a big problem after all.

Enjoy!

TIMESTAMPS:
0:00 - Intro
0:28 - Are we due for a market crash?
9:47 https://t.co/dJK1yjbSTp",btc,en,,,1957967874846519718,,APompliano,221.0,21.0,53.0,4.0
2025-08-20 01:52:34,,twitter,https://x.com/luke_broyles/status/1957984071960682554,"I remember when $16,000 was PANIC.

Now $113,000 is PANIC.

Soon $210,000 will be PANIC and I will be a labelled FOOL for GAMBLING in Bitcoin. People don't change.",btc,en,,,1957984071960682554,,luke_broyles,1519.0,111.0,67.0,6.0
2025-08-20 02:00:00,,twitter,https://x.com/CryptosR_Us/status/1957985941500633474,"🔥 WATCH: Bill Miller IV says just 1% of $60T in global retirement funds could add $30K to #Bitcoin. 

A 2% allocation would send $BTC to $175K. With sovereign funds and Harvard already stepping in, the floodgates are only beginning to open. 🚀 https://t.co/d1xSN1dJvp",btc,en,,,1957985941500633474,,CryptosR_Us,203.0,40.0,23.0,3.0
2025-08-20 02:27:33,,twitter,https://x.com/Leishman/status/1957992874303238555,"Some regularly forgotten truths about Bitcoin:

1. Literally nobody knows what the price is going to do in the short term.

2. If you have to ask if you should use leverage you should not use leverage.

3. There will always be some new shenanigan claiming to outperform Bitcoin.",btc,en,,,1957992874303238555,,Leishman,427.0,42.0,39.0,8.0
2025-08-20 02:43:44,,twitter,https://x.com/dotkrueger/status/1957996945533702245,"Absolute statements will get you in trouble.

""It's going up Forever Laura"" --&gt; Market drops 70%
""No ATMs under 2.5 mNav"" --&gt; Unless otherwise....
""Never sell your Bitcoin"" --&gt; ?",btc,en,,,1957996945533702245,,dotkrueger,195.0,12.0,53.0,1.0
2025-08-20 06:46:22,,twitter,https://x.com/CarlBMenger/status/1958058007981420971,Here we go again. #Bitcoin https://t.co/aSnUXtbwKe,btc,en,,,1958058007981420971,,CarlBMenger,3639.0,308.0,761.0,103.0
2025-08-20 06:47:53,,twitter,https://x.com/priscanall/status/1958058387800719494,GM 🌻 Hump day workout to Bitcoin Anthem. https://t.co/IwwDtg739Y,btc,en,,,1958058387800719494,,priscanall,230.0,141.0,42.0,1.0
2025-08-20 07:29:00,,twitter,https://x.com/Saylor_Archive/status/1958068736251891963,"Stay focused. Work hard. Earn more than you spend. Stack sats. Stay humble #Bitcoin 

- Jack Mallers https://t.co/al8zv2HJLu",btc,en,,,1958068736251891963,,Saylor_Archive,1269.0,208.0,15.0,9.0
2025-08-20 07:30:55,,twitter,https://x.com/Cointelegraph/status/1958069219049779481,🔥 NEW: Anthony Scaramucci says he maintains his $180K to $200K Bitcoin price target by year-end. https://t.co/nkEYJKEWX0,btc,en,,,1958069219049779481,,Cointelegraph,303.0,58.0,114.0,7.0
2025-08-20 08:25:04,,twitter,https://x.com/EinsteinBTC1/status/1958082847505268791,"Gm 🫡

Feelings on current market situation… https://t.co/b9y86Vl7XF",btc,en,,,1958082847505268791,,EinsteinBTC1,748.0,23.0,75.0,0.0
2025-08-20 09:04:06,,twitter,https://x.com/LennaertSnyder/status/1958092668086403313,"$BTC is bouncing from the $112,800 rangelow. 👀

Scenario's for Bitcoin:
- Hold here &amp; reclaim $115,500 dropoff to continue up.
- Reject $115,500 &amp; retest rangelow again.
- Dip in liquidity around $112,300 &amp; bounce.
- Test lower support levels.

Let's see if we can hold here. 👌 https://t.co/v4ri22u70R",btc,en,,,1958092668086403313,,LennaertSnyder,273.0,25.0,108.0,0.0
2025-08-20 09:11:22,,twitter,https://x.com/basedlayer/status/1958094499537690897,"The biggest lie in Bitcoin has to be ""we're all gonna make it.""

No. 

We're not.

Most people buy the top, panic sell the bottom, then spend years bitter about it. 

I've watched this cycle 3 times now.

The winners are the ones who almost forget they own it, auto-buys every",btc,en,,,1958094499537690897,,basedlayer,677.0,55.0,61.0,5.0
2025-08-20 09:14:46,,twitter,https://x.com/DeFiTracer/status/1958095351547662360,"🚨 TRUMP WILL MAKE UKRAINE RUSSIA DEAL!

Then FED will cut rates 2-3 times.

$BTC will hit $200,000.

$ETH is going to $15,000.

Altcoins will pump 100x soon.

DO NOT GET SHAKEN OUT NOW! https://t.co/mPYzT7lr8G",btc,en,,,1958095351547662360,,DeFiTracer,1006.0,224.0,131.0,1.0
2025-08-20 09:19:16,,twitter,https://x.com/naiivememe/status/1958096485964493185,How Bitcoin entering my life https://t.co/gm5A1Q7x8b,btc,en,,,1958096485964493185,,naiivememe,988.0,96.0,46.0,5.0
2025-08-20 09:30:45,,twitter,https://x.com/Cointelegraph/status/1958099374447243689,"🔥 HISTORY: 17 years ago today, Satoshi emailed Adam Back about Bitcoin. https://t.co/cZEDCcosbq",btc,en,,,1958099374447243689,,Cointelegraph,1622.0,352.0,164.0,37.0
2025-08-20 10:00:02,,twitter,https://x.com/saylordocs/status/1958106746221736170,Whales are buying Bitcoin like never before🚀 https://t.co/UBCSc7Nwpo,btc,en,,,1958106746221736170,,saylordocs,428.0,79.0,30.0,1.0
2025-08-20 10:00:47,,twitter,https://x.com/D3ltaArmy/status/1958106935355494498,"🚀 This Week in The Ascendant!

🇺🇸 Ether ETFs smash $3.75B inflows
🇹🇭 Thailand pilots crypto-to-baht spending for tourists
🇯🇵 Metaplanet stacks 18,888 BTC
🇰🇷 Korea preps stablecoin bill for October
💡 And more…

👉 https://t.co/ZUhdfI8pGx https://t.co/p7BbZZQX8h",btc,en,,,1958106935355494498,,D3ltaArmy,437.0,427.0,560.0,2.0
2025-08-20 10:17:57,,twitter,https://x.com/conorfkenny/status/1958111255199178787,"This mysterious whale scooped up 200 $BTC worth $22.7M.

Bullish sign for #Bitcoin! 🚀 https://t.co/aitt3FB4u7",btc,en,,,1958111255199178787,,conorfkenny,138.0,11.0,25.0,0.0
2025-08-20 11:02:00,,twitter,https://x.com/DaanCrypto/status/1958122339868029217,"$BTC Took out a bunch of liquidity on both sides for the past 6 weeks, as it ranged around this same price region.

The biggest cluster in close proximity now sits at around $120K and of course the local range low at $112K is still in play.

Keep an eye out of those areas as they https://t.co/sb03mUoVfC",btc,en,,,1958122339868029217,,DaanCrypto,308.0,58.0,53.0,5.0
2025-08-20 11:32:52,,twitter,https://x.com/SwapSpaceCo/status/1958130106716606771,"DAILY RATES 🔎

📈 $BTC
📈 $ETH
📈 $BNB https://t.co/hXqwfefzfV",btc,en,,,1958130106716606771,,SwapSpaceCo,110.0,11.0,0.0,0.0
2025-08-20 11:49:51,,twitter,https://x.com/DeFiTracer/status/1958134380259348570,"My targets by the end of the year:

$BTC $160K - $225K
$ETH $8K - $12K
$SOL $700 - $950
$XRP $7.20 - $8.50
$HYPE $120 - $135
$LINK $150 - $200
$INSP $0.1 - $0.25
$PENGU $0.35 - $0.60
#FARTCOIN $2.10 - $3.75

Do NOT get shaken out now. https://t.co/w3YItrKspH",btc,en,,,1958134380259348570,,DeFiTracer,527.0,170.0,97.0,3.0
2025-08-20 11:59:27,,twitter,https://x.com/crypto_banter/status/1958136797394833756,"😱 $BTC to 93K?

@thelordofentry's looking at the FIBs and they're telling us a story we should watch out for...

Where do you think we'll bounce? 👇 https://t.co/M6BPPqmwSc",btc,en,,,1958136797394833756,,crypto_banter,92.0,12.0,31.0,2.0
2025-08-20 12:00:01,,twitter,https://x.com/MEXC_Official/status/1958136939728810247,"🟧 Bitcoin Infinity Day Giveaway!

❓ Tell us in the comments: Why is Bitcoin the best cryptocurrency?

♾ Feel the vibe now: https://t.co/7x9bOeFXvW

How to Join:
1️⃣ Follow @MEXC_Official
2️⃣ Comment your answer
3️⃣ Add your MEXC UID + #MEXC 

💰 20 lucky winners will share 500 https://t.co/yZrB0bR7WZ",btc,en,,,1958136939728810247,,MEXC_Official,2022.0,1410.0,1809.0,35.0
2025-08-20 12:06:00,,twitter,https://x.com/CryptooELITES/status/1958138446720930146,"Bitcoin USDT 180.000 $

$BTC #BTC #Bitcoin https://t.co/fcprqiyZnj",btc,en,,,1958138446720930146,,CryptooELITES,217.0,48.0,24.0,0.0
2025-08-20 12:48:26,,twitter,https://x.com/FOMO21shop/status/1958149122294202843,"Everyone’s overthinking everything!

You can just buy Bitcoin. 👇 https://t.co/hCkX93808u",btc,en,,,1958149122294202843,,FOMO21shop,1456.0,302.0,54.0,52.0
2025-08-20 12:50:13,,twitter,https://x.com/v3rsistanc3/status/1958149572838257104,"110
133
🏃 ⛔️ on longs 
un reversál 🚯🚱‼️💹
🏃 to aths 🏎️💨 🚨
#Bitcoin $BTC https://t.co/82SdbUg6Wn",btc,es,,,1958149572838257104,,v3rsistanc3,0.0,0.0,0.0,0.0
2025-08-20 13:00:03,,twitter,https://x.com/coinbureau/status/1958152046861025494,"🔥LATEST: 🇺🇸Rep. Bryan Steil says President Trump is pressing the Senate to pass the #Bitcoin and crypto market-structure bill.

“I’m bullish the Senate will pick this up in September. There may be changes, but the core framework is solid.”📜 https://t.co/f3PWwo3XcH",btc,en,,,1958152046861025494,,coinbureau,224.0,49.0,36.0,1.0
2025-08-20 13:09:01,,twitter,https://x.com/gem_insider/status/1958154302255689938,"gm to the 20 of us left here!  ☕️

timeline is still dead and #Bitcoin just broke new ATHs.

we are going to print so hard this year you are still early.

then we will dump our bags on retail when they FOMO $BTC at $155k / $200k. https://t.co/YrDyd5uYCT",btc,en,,,1958154302255689938,,gem_insider,203.0,48.0,68.0,0.0
2025-08-20 13:17:36,,twitter,https://x.com/Chilearmy123/status/1958156465228976165,"This is what it looks like when your Bitcoin Treasury Company starts trading below your BTC holdings

Empery Digital holds $450M in BTC, but is trading at a $340M market cap as hedge funds dump their shares

Their CEO: ""You're essentially buying Bitcoin at $89,000"" https://t.co/jlFcEvhboD",btc,en,,,1958156465228976165,,Chilearmy123,272.0,21.0,76.0,27.0
2025-08-20 13:36:45,,twitter,https://x.com/BTC_Archive/status/1958161282009329913,"Harvard economist who was wrong about Bitcoin crashing to $100 in 2018 now says world is wrong, he's still right. 😒 https://t.co/IucJn53Nw9",btc,en,,,1958161282009329913,,BTC_Archive,1467.0,148.0,244.0,15.0
2025-08-20 14:26:28,,twitter,https://x.com/MEonBTC/status/1958173796881314248,"Spark. Magic Eden. Big things happening.

Here's what’s cookin’ 🧵 https://t.co/TfBGgO0gEC",btc,en,,,1958173796881314248,,MEonBTC,528.0,111.0,73.0,29.0
2025-08-20 14:27:01,,twitter,https://x.com/SwapSpaceCo/status/1958173931732361552,"📈 $BTC and $BNB already hit new ATHs this summer

Waiting for $ETH? 

⭐ SwapSpace | 24/7 crypto exchange https://t.co/0X6dXxY17A https://t.co/BulRVaylyB",btc,en,,,1958173931732361552,,SwapSpaceCo,4.0,1.0,0.0,0.0
2025-08-20 14:43:18,,twitter,https://x.com/Chilearmy123/status/1958178030955671671,"I invested $30,000 into $MSTR in April

Today it's worth $31,173

If I put that into BTC instead, I'd have ~$50,000 today

What went wrong? https://t.co/pJGYgejQhy",btc,en,,,1958178030955671671,,Chilearmy123,3479.0,191.0,1201.0,64.0
2025-08-20 14:50:17,,twitter,https://x.com/Bitcoin_Teej/status/1958179788260012266,"Historically, September is the worst month for stocks and Bitcoin.

It’s not fear it’s a pattern.
Since 2013, BTC has closed red 7 out of 10 Septembers.
S&amp;P? Same energy.

Stack cash. DCA smart.
October is where the real moves start. https://t.co/xe9kqUvPA1",btc,en,,,1958179788260012266,,Bitcoin_Teej,759.0,73.0,26.0,6.0
2025-08-20 15:00:04,,twitter,https://x.com/GoHome_Token/status/1958182250165702812,"Excited to partner with @Tomtalkofficial! 🤝

While we're busy flipping Bitcoin and putting memes on London billboards, these guys are revolutionizing how people earn in Web3. Talk-to-Earn + Tap-to-Earn on SKALE.

160k+ monthly users can't be wrong. $GOHOME holders about to https://t.co/eOQuoMliD7",btc,en,,,1958182250165702812,,GoHome_Token,313.0,59.0,5.0,0.0
2025-08-20 15:01:01,,twitter,https://x.com/Laurastacksats/status/1958182487965724702,Stop calling Bitcoin ‘risky.’ Working 40 years and praying for a pension is risky.,btc,en,,,1958182487965724702,,Laurastacksats,641.0,64.0,26.0,1.0
2025-08-20 15:06:31,,twitter,https://x.com/CryptoSatireMan/status/1958183872312565818,BaconbaconbaconILoveBaconBaconbaconbaconILoveBaconBaconbaconbaconILoveBaconBaconbaconbaconILoveBaconBaconbaconbaconILoveBaconBaconbaconbaconILoveBaconBaconbaconbaconILoveBaconBaconbaconbaconILoveBaconBaconbaconbaconILoveBaconBaconbaconbaconILoveBaconBaconbaconbaconILoveBaconBacon,btc,ht,,,1958183872312565818,,CryptoSatireMan,2.0,1.0,1.0,0.0
2025-08-20 15:26:22,,twitter,https://x.com/tyler/status/1958188871377715683,"Today, @cameron and I donated $21 million in bitcoin (188.4547 BTC) to the Digital Freedom Fund PAC. The mission of the @FreedomFundPAC is to help realize President Trump’s vision of making America the crypto capital of the world. Since inauguration, @POTUS and his Administration",btc,en,,,1958188871377715683,,tyler,3280.0,404.0,216.0,41.0
2025-08-20 15:28:23,,twitter,https://x.com/Bitcoin_is_king/status/1958189376514429075,"SALARY trend break. 
Send it to new highs https://t.co/UVdhzUg7PG",btc,en,,,1958189376514429075,,Bitcoin_is_king,370.0,156.0,374.0,2.0
2025-08-20 15:57:26,,twitter,https://x.com/TFTC21/status/1958196689485082910,"17 years ago today, Satoshi emailed Adam Back to confirm a citation for Hashcash.

Soon after, the #Bitcoin white paper would emerge. https://t.co/K3WNhXVghq",btc,en,,,1958196689485082910,,TFTC21,241.0,40.0,15.0,3.0
2025-08-20 16:07:03,,twitter,https://x.com/missteencrypto/status/1958199109275324433,"You are NOT bullish enough on Bitcoin, Litecoin and Dogecoin👇 https://t.co/CXXc2kNPaS",btc,en,,,1958199109275324433,,missteencrypto,642.0,72.0,111.0,13.0
2025-08-20 16:20:23,,twitter,https://x.com/CJ_Johnson17th/status/1958202462378004683,"The Bitcoin on Swan is not yours
The Bitcoin on Kraken is not yours
The Bitcoin on Binance is not yours
The Bitcoin on Coinbase is not yours
The Bitcoin on Robinhood is not yours

You can buy on those apps, then send it to 

Coldcard / Trezor / Unchain / Casa

Watch this video",btc,en,,,1958202462378004683,,CJ_Johnson17th,1561.0,156.0,39.0,6.0
2025-08-20 16:23:54,,twitter,https://x.com/ZeroHedge_/status/1958203346323444078,"$BTC Chart Breakdown (Video) 🚨

🔹 Monthly = Bullish ✅
🔹 Weekly = Neutral
🔹 Daily = Bearish ❌

Clear &amp; simple so you don't get shaken our or miss the move. Please give this video a like &amp; re-post if you want to see more of them. https://t.co/sEH67lMlT4",btc,en,,,1958203346323444078,,ZeroHedge_,491.0,60.0,24.0,1.0
2025-08-20 17:05:13,,twitter,https://x.com/TheBitcoinConf/status/1958213745273954481,"$829 BILLION BERNSTEIN SAYS THE BULL MARKET WILL CONTINUE UNTIL 2027

PREDICTS $200,000 BY NEXT YEAR 🚀 https://t.co/eT4CvBYVxy",btc,en,,,1958213745273954481,,TheBitcoinConf,758.0,255.0,57.0,6.0
2025-08-20 18:01:38,,twitter,https://x.com/Bitcoin_Teej/status/1958227942053478446,"Your 20s are for trial and error.
Your 30s are for execution.
Your 40s should be elevation.

But if you skip the first two,
Your 50s will still feel like survival mode.

Get serious now.",btc,en,,,1958227942053478446,,Bitcoin_Teej,610.0,79.0,16.0,3.0
2025-08-20 18:10:40,,twitter,https://x.com/APompliano/status/1958230215710167396,"I sat down with Congressman Jim Himes (@jahimes) to discuss bitcoin, interest rates, geopolitics, power production, immigration, home affordability, and wealth inequality.

Enjoy! https://t.co/0luRxmsSQR",btc,en,,,1958230215710167396,,APompliano,82.0,14.0,34.0,2.0
2025-08-20 18:43:14,,twitter,https://x.com/Swan/status/1958238413968244759,"“Nobody ever wants to buy when it’s actually time to buy.”

@BenWerkman explains why conviction in Bitcoin means acting when everyone else is panicking—not when consensus builds. 👇 https://t.co/wtxpdRsiXL",btc,en,,,1958238413968244759,,Swan,187.0,28.0,9.0,1.0
2025-08-20 18:48:00,,twitter,https://x.com/basedlayer/status/1958239612607885535,"Here's the thing about ""being early"" to Bitcoin...

You weren't early because you were smart. 

You were early because you were weird enough to trust magic internet money.

Stop pretending this was about being smart.

It was about being a weirdo in exactly the right way.",btc,en,,,1958239612607885535,,basedlayer,359.0,30.0,86.0,9.0
2025-08-20 19:07:40,,twitter,https://x.com/ElonMuskAOC/status/1958244560838209695,Should Tesla buy more Bitcoin?,btc,en,,,1958244560838209695,,ElonMuskAOC,90.0,55.0,31.0,1.0
2025-08-20 19:33:42,,twitter,https://x.com/CryptosR_Us/status/1958251113200644331,"🚨 JUST IN: 🇺🇸 Gemini's Winklevoss Twins Donate $21M in $BTC to Digital Freedom Fund PAC Backing Trump's Crypto Push. 

✅ Digital Freedom Fund focuses on pro-crypto legislation and fair market policies. 

The Winklevoss Twins are advocating against 🚫 CBDCs. https://t.co/jsS5PaXGt3",btc,en,,,1958251113200644331,,CryptosR_Us,308.0,50.0,40.0,2.0
2025-08-20 20:00:17,,twitter,https://x.com/Aptos/status/1958257800955760795,"Since @okx launched xBTC in May, it has grown into the dominant BTC asset on Aptos with 500 BTC deployed.

Let's dive into the latest numbers and milestones 🧵 https://t.co/9N7A0MPcVW",btc,en,,,1958257800955760795,,Aptos,174.0,31.0,22.0,7.0
2025-08-20 20:08:21,,twitter,https://x.com/brian_armstrong/status/1958259831577731159,"I think we'll see $1M per bitcoin by 2030.

Regulatory clarity is finally emerging, the US government is keeping a BTC reserve, there's a growing interest for crypto ETFs, among many other factors.

(Not financial advice of course, it's impossible to guarantee) https://t.co/w5EfcYFvVp",btc,en,,,1958259831577731159,,brian_armstrong,7533.0,1038.0,526.0,165.0
2025-08-20 20:31:02,,twitter,https://x.com/scottmelker/status/1958265543108280565,"COINBASE $COIN CEO BRIAN ARMSTRONG: ""THE ROUGH IDEA I HAVE IN MY HEAD IS WE'LL SEE $1M $BTC BY 2030."" https://t.co/zi4wAdhE7H",btc,en,,,1958265543108280565,,scottmelker,217.0,20.0,38.0,2.0
2025-08-20 20:51:43,,twitter,https://x.com/MartiniGuyYT/status/1958270745819099433,"BULLISH 🚨 BRIAN ARMSTRONG URGES INSTITUTIONS TO ALLOCATE 5–10% OF THEIR PORTFOLIOS INTO #BITCOIN 

MASSIVE INFLOWS INCOMING 🚀 https://t.co/XSeqwQCkNL",btc,en,,,1958270745819099433,,MartiniGuyYT,212.0,36.0,38.0,2.0
2025-08-20 21:00:56,,twitter,https://x.com/WatcherGuru/status/1958273065646731768,"JUST IN: Coinbase CEO Brian Armstrong predicts Bitcoin will reach $1,000,000 by 2030. https://t.co/rT95DfJbTG",btc,en,,,1958273065646731768,,WatcherGuru,6383.0,930.0,669.0,105.0
2025-08-20 22:43:00,,twitter,https://x.com/Blockstream/status/1958298753066283307,"On this day in 2008, Satoshi Nakamoto emailed @adam3us about citing Hashcash in the Bitcoin whitepaper. Adam replied the next day and later co-founded Blockstream to help build Bitcoin’s future.

That future is now. Bitcoin’s here. Make it yours with the Blockstream app. https://t.co/ZbhRHTsN3y",btc,en,,,1958298753066283307,,Blockstream,1015.0,234.0,36.0,11.0
2025-08-20 22:53:28,,twitter,https://x.com/dgt10011/status/1958301384316682583,"Take note $WULF raised $850mm convertible at 1% coupon today. The convertible market isn’t “exhausted”—it simply needs more well-capitalized equity for new low LTVs to underwrite.

The more BTC treasury companies, the more bitcoin accumulation. Simple.",btc,en,,,1958301384316682583,,dgt10011,170.0,8.0,16.0,0.0
2025-08-20 23:43:12,,twitter,https://x.com/BTCTN/status/1958313901772181993,"NEW: 🇺🇸 @EricTrump builds the case for a $1M #Bitcoin price live in Wyoming. ⛰️

🎙️ ""There's no question that #Bitcoin hits one million bucks."" https://t.co/1dfxp1DoRX",btc,en,,,1958313901772181993,,BTCTN,1072.0,217.0,86.0,17.0
2025-08-21 00:15:14,,twitter,https://x.com/goodalexander/status/1958321963639693633,funniest outcome is BTC just going to $50k and everyone going totally insolvent before the government buys all the coins,btc,en,,,1958321963639693633,,goodalexander,617.0,24.0,60.0,3.0
2025-08-21 00:23:33,,twitter,https://x.com/Jamyies/status/1958324057046499824,"#BITCOIN &amp; $ETH GETTING A BOUNCE AFTER THAT HUGE DROP, TRADES ALL IN PROFIT $btc $ton https://t.co/0eHm991fni",btc,en,,,1958324057046499824,,Jamyies,92.0,28.0,28.0,0.0
2025-08-21 00:33:19,,twitter,https://x.com/SteaknShake/status/1958326513524420765,"This is what happens when you have a board that does not respect their historical customers or their brand.

At Steak n Shake, we have gone back to basics. Our tallow fries are waiting for you. Oh yeah, you can also now pay with Bitcoin!",btc,en,,,1958326513524420765,,SteaknShake,59572.0,5952.0,2261.0,406.0
2025-08-21 00:47:25,,twitter,https://x.com/lindsaystamp3/status/1958330063084196271,"Uber Chronicles Season 2 Ep 1 🚙

The series where I drive uber as a side hustle and use the money to buy bitcoin 

It’s a race to accumulate one coin because every year it’s going to get harder to accomplish https://t.co/XC8RX5ludI",btc,en,,,1958330063084196271,,lindsaystamp3,404.0,23.0,91.0,5.0
2025-08-21 01:30:54,,twitter,https://x.com/Cointelegraph/status/1958341006320922925,🔥 ERIC TRUMP: “There is no question that Bitcoin hits $1 million.” https://t.co/ncKp7PBVe0,btc,en,,,1958341006320922925,,Cointelegraph,772.0,160.0,101.0,21.0
2025-08-21 01:49:37,,twitter,https://x.com/Vivek4real_/status/1958345715425693723,"🇺🇸 ERIC TRUMP JUST SAID “THERE IS NO QUESTION #BITCOIN WILL GO OVER $1,000,000” IN A COUPLE OF YEARS.

IT’S COMING!!! 🚀 https://t.co/eDeNeujsPt",btc,en,,,1958345715425693723,,Vivek4real_,1578.0,287.0,98.0,8.0
2025-08-21 03:49:56,,twitter,https://x.com/TheBTCTherapist/status/1958375991996301758,"My friends: how’s that stock MicroStrategy you told me to buy back in November doing?

Me:

https://t.co/tUhi64bQkX",btc,en,,,1958375991996301758,,TheBTCTherapist,421.0,28.0,38.0,2.0
2025-08-21 05:25:20,,twitter,https://x.com/3orovik/status/1958400003577151644,"Bitcoin is literally going to $1 million dollars

I AM SUPER BULLISH RIGHT NOW https://t.co/89Hos7yND3",btc,en,,,1958400003577151644,,3orovik,414.0,77.0,92.0,2.0
2025-08-21 05:34:21,,twitter,https://x.com/EinsteinBTC1/status/1958402271982559438,"Gm 

The easiest most skilful thing
You can do RN is just #HODL https://t.co/fgH4QiniI1",btc,en,,,1958402271982559438,,EinsteinBTC1,768.0,22.0,79.0,0.0
2025-08-21 06:21:00,,twitter,https://x.com/PeterTasala/status/1958414011500056899,"🚨 10'000 SATS GIVEAWAY 🚨

Want a piece of Bitcoin? 

Here’s how to join:
1️⃣ Follow me
2️⃣ Repost this post
3️⃣ Smash the like
4️⃣ Tag 2 frens

💡 Bonus entry: Comment why you 🧡 #Bitcoin

📅 Ends: August 31, 24:00 CET

Let’s celebrate the Bitcoin infinity day ♾️/ 21M 🚀 https://t.co/oOg9cR8xo6",btc,en,,,1958414011500056899,,PeterTasala,206.0,183.0,193.0,2.0
2025-08-21 07:23:24,,twitter,https://x.com/Bitcoin_Teej/status/1958429714697109656,The case for Bitcoin over everything. I got you. https://t.co/7PKkV2tZMI,btc,en,,,1958429714697109656,,Bitcoin_Teej,365.0,44.0,17.0,2.0
2025-08-21 08:00:58,,twitter,https://x.com/Pofpik/status/1958439169069613206,Bitcoin (BTC) is a decentralized currency that eliminates the need for central authorities such as banks or governments by using a peer-to-peer internet network to confirm transactions directly between users. https://t.co/FyyTJrFXZq,btc,en,,,1958439169069613206,,Pofpik,1.0,0.0,0.0,0.0
2025-08-21 08:01:54,,twitter,https://x.com/tonysnip3r/status/1958439403338031429,"BTC dump wasn’t random 🚨 It’s connected to PPI data, NZD rate cut, and rising uncertainty. That’s why GOLD is getting stronger while risky assets are bleeding.

I broke it all down in this video, simple enough for even a beginner to understand.

👉 As a trader, you can’t afford https://t.co/80qNva8zHa",btc,en,,,1958439403338031429,,tonysnip3r,659.0,124.0,99.0,7.0
2025-08-21 08:45:26,,twitter,https://x.com/gaiuschibueze/status/1958450358432170467,"If you are an Igbo man or woman in the USA, please prepare to attend the WORLD IGBO CONGRESS CONVENTION 2025.

I will be speaking on the topic👇

 “THE ROLE OF IGBO DIASPORA YOUTHS IN THE REBUILDING OF ALA IGBO”

Let's meet in Boston🇺🇸!

Location &amp; Other Details are in the Flyer! https://t.co/BxIg2PaaDw",btc,en,,,1958450358432170467,,gaiuschibueze,489.0,138.0,15.0,4.0
2025-08-21 10:08:59,,twitter,https://x.com/Sofia_Navarro__/status/1958471384918642807,"GM LEGENDS!
BTC is holding steady above $113,800.
ETH continues its upward momentum, trading at $4,310.

Market sentiment remains cautiously bullish, with altcoins showing selective strength.

One to watch: $DRAGONZ https://t.co/MqCnYtEdNu",btc,en,,,1958471384918642807,,Sofia_Navarro__,1194.0,720.0,134.0,3.0
2025-08-21 10:31:15,,twitter,https://x.com/SoulzBTC/status/1958476989481861513,"How to trade Daily candles:

BUY below the Daily open

SELL above the Daily open

Entry = FVG

Target = Liquidity https://t.co/J7ABUENs8i",btc,en,,,1958476989481861513,,SoulzBTC,438.0,82.0,26.0,3.0
2025-08-21 10:33:39,,twitter,https://x.com/mohitmishr93531/status/1958477594195640435,"I'M OFFICIALLY A $BTC BILLIONAIRE!

As I promised, I want to change someone's life—giving away 1 #Bitcoin (~$106,000) to one lucky winner by tomorrow!

Like, RT, follow and comment 'DONE' to enter.
Winner announced in 48h! https://t.co/yMYdUSoBSK",btc,en,,,1958477594195640435,,mohitmishr93531,646.0,403.0,502.0,9.0
2025-08-21 10:42:18,,twitter,https://x.com/im_BrokeDoomer/status/1958479770267877874,"$BTC following a consistent pattern every time, first look at bigger time frame bitcoin is still on bullish uptrend.

Other side, we can see strong lows and strong highs every time.

This time is not different. We can go for $100,000- $95,000, but it won't surprise me because https://t.co/S4lRYudj99",btc,en,,,1958479770267877874,,im_BrokeDoomer,598.0,96.0,121.0,20.0
2025-08-21 11:00:01,,twitter,https://x.com/AdamBLiv/status/1958484228951130532,"WHY MOST PEOPLE WILL NEVER OWN MEANINGFUL BITCOIN

Most people will never own meaningful Bitcoin for the same reason they can’t finish a book, hold eye contact, or say no to the “Would you like fries with that?” screen at McDonald’s.

Because Bitcoin doesn’t just filter capital. https://t.co/sid2Vf5KPf",btc,en,,,1958484228951130532,,AdamBLiv,369.0,69.0,40.0,1.0
2025-08-21 11:21:07,,twitter,https://x.com/Vivek4real_/status/1958489540123131971,"TOM LEE SAID THE #BITCOIN 4 YEAR CYCLE IS NOW DEAD AND IT'S EASILY GOING TO $1,000,000

IT’S COMING!!! https://t.co/f1ILDOXzb4",btc,en,,,1958489540123131971,,Vivek4real_,2584.0,408.0,171.0,17.0
2025-08-21 11:41:03,,twitter,https://x.com/BitcoinConfAsia/status/1958494555461828649,ONE WEEK UNTIL WE MAKE #BITCOIN HISTORY IN HONG KONG 🇭🇰🚀 https://t.co/4haiiGsARQ,btc,en,,,1958494555461828649,,BitcoinConfAsia,811.0,202.0,86.0,17.0
2025-08-21 12:18:39,,twitter,https://x.com/VDEP_io/status/1958504016205472012,"🔍   VDEP #Airdrop (New Round)

🏆  Airdrop Pool: 5 Million VDEP

🔴  Start the airdrop bot: https://t.co/AhfoxcuBiK

🔘 Do the tasks on the bot &amp; submit your data.

🔘 Details: https://t.co/iJDVuvFi2Y

#Airdrops #Bitcoin #VDEP #USDT #AirdropDetective https://t.co/aU5eI7RC44",btc,en,,,1958504016205472012,,VDEP_io,1825.0,1708.0,756.0,198.0
2025-08-21 12:32:41,,twitter,https://x.com/TheBitcoinConf/status/1958507546429297059,HAPPY #BITCOIN INFINITY DAY ♾/21 https://t.co/Z0gO4u2bZq,btc,en,,,1958507546429297059,,TheBitcoinConf,354.0,122.0,51.0,4.0
2025-08-21 12:42:59,,twitter,https://x.com/APompliano/status/1958510139016642628,"I asked @matthew_sigel if the 4-year bitcoin cycle is over?

Here is what he said: https://t.co/ObwtlwsJiJ",btc,en,,,1958510139016642628,,APompliano,118.0,13.0,41.0,2.0
2025-08-21 12:47:03,,twitter,https://x.com/MMCrypto/status/1958511165006549443,"HE BOUGHT BITCOIN AT $1!!!!!

HIS SHOCKING NEW PREDICTION: 👇 https://t.co/UaNEu4qwUN",btc,en,,,1958511165006549443,,MMCrypto,1625.0,196.0,286.0,11.0
2025-08-21 13:01:22,,twitter,https://x.com/ToniGhinea/status/1958514765484966116,"1) $BTC 114 - 120k 
2) final market rally in August 
3) FED cut in September (rates near zero in 2026)
4) TOP for everything in Summer 
5) massive market crash in September - October!
6) next CPI = very bad
7) new bull run cycle begins in 2026 into 2027

Sell everything next",btc,en,,,1958514765484966116,,ToniGhinea,890.0,112.0,105.0,6.0
2025-08-21 13:59:46,,twitter,https://x.com/NealinNFT/status/1958529465258012867,"Imagine waking up with 3.125 BTC in your wallet…

All because you started running your own miner. ⚡🤯
Would you quit your job the next day?

Together with @SoloSatoshi  we’re giving away a Bitaxe Supra Bitcoin Solo Miner (free worldwide shipping).

👍 Like
🔄 Retweet
👬 Tag 2 https://t.co/GhUS30YXFA",btc,en,,,1958529465258012867,,NealinNFT,952.0,651.0,626.0,11.0
2025-08-21 14:03:36,,twitter,https://x.com/isabellasg3/status/1958530429780201757,"Welcome to the Bitcoin Cafe in Isla Mujeres, Mexico. 

I have been working for the past 21 days for this…thank you for helping me make it possible. For your ideas. For your faith. For your support. https://t.co/qeGd8IYBrr",btc,en,,,1958530429780201757,,isabellasg3,3579.0,318.0,322.0,43.0
2025-08-21 14:05:00,,twitter,https://x.com/BitcoinMagPro/status/1958530780868514086,"Bitcoin has recently set new all-time highs, yet BTC treasury comapnies are currently down considerably… 📉

Are we likely to see a sustained recovery in these company share prices? Or could their outperformance be gone for good! 🤯

Full vid here: 👇 https://t.co/zU5BxXwgdO",btc,en,,,1958530780868514086,,BitcoinMagPro,121.0,48.0,19.0,4.0
2025-08-21 14:12:20,,twitter,https://x.com/robinmonotti/status/1958532626215485571,"The Bank of England explains how commercial banks create money out of thin air. Money is not a finite entity like gold or even Bitcoin. Central Banks lend to government at interest. Your taxes are only there to repay Central Banks, not to pay for anything https://t.co/ibaWZn6c43",btc,en,,,1958532626215485571,,robinmonotti,653.0,349.0,40.0,35.0
2025-08-21 14:58:36,,twitter,https://x.com/FOMO21shop/status/1958544269632807122,"🕯️🕯️🕯️🕯️🕯️🕯️🕯️🕯️🕯️🕯️🕯️
🕯️🕯️Bitcoin All Time High🕯️🕯️
🕯️🕯️🕯️🕯️🕯️🕯️🕯️🕯️🕯️🕯️🕯️",btc,en,,,1958544269632807122,,FOMO21shop,12.0,4.0,3.0,0.0
2025-08-21 14:58:45,,twitter,https://x.com/mner_club/status/1958544309176955225,"Mine the remaining 6% $BTC with us!

Keen to join an Ambassador Program empowering quality posts and your contributions, not just engagement farm? Keep reading below:

What do we offer?
- Fixed monthly USDT rewards per Ambassador
- A monthly reward pool ($) to be shared based on https://t.co/vNutbBvviC",btc,en,,,1958544309176955225,,mner_club,747.0,134.0,164.0,613.0
2025-08-21 15:02:53,,twitter,https://x.com/BitcoinNews21M/status/1958545348391055427,"If you’re pricing #Bitcoin in dollars, you don’t get it.

- Jeff Booth https://t.co/1jdNFUZfjA",btc,en,,,1958545348391055427,,BitcoinNews21M,900.0,166.0,59.0,14.0
2025-08-21 15:05:49,,twitter,https://x.com/APompliano/status/1958546086433300793,"The bitcoin bull market is not over yet.

Stop listening to the bears. https://t.co/LJmuGBmyZj",btc,en,,,1958546086433300793,,APompliano,351.0,52.0,76.0,9.0
2025-08-21 15:16:43,,twitter,https://x.com/missteencrypto/status/1958548830221148603,"Bitcoin is up over 1,000% since I wore this shirt 🚀 https://t.co/aZP7s81fGn",btc,en,,,1958548830221148603,,missteencrypto,288.0,21.0,38.0,0.0
2025-08-21 15:27:06,,twitter,https://x.com/Strategy/status/1958551440604983343,Wishing everyone a Happy Bitcoin Infinity Day from Maxi and the Strategy team! https://t.co/7lYySSFiWy,btc,en,,,1958551440604983343,,Strategy,1224.0,173.0,96.0,7.0
2025-08-21 15:28:14,,twitter,https://x.com/GoingParabolic/status/1958551728296497520,"I have so many questions. 
Buy Bitcoin
https://t.co/HDzupZ7oh0",btc,en,,,1958551728296497520,,GoingParabolic,95.0,13.0,41.0,1.0
2025-08-21 16:00:01,,twitter,https://x.com/Jamyies/status/1958559724757979503,"Let's watch technical analysis on $BTC.
#Bitcoin https://t.co/4aZAX6gIEM",btc,en,,,1958559724757979503,,Jamyies,101.0,27.0,43.0,0.0
2025-08-21 16:00:25,,twitter,https://x.com/TiffanyFong_/status/1958559827745296572,"In 2022, I lost 3.1 BTC &amp; 11.6 ETH ($400,000 at today’s prices) because I was too scared to manage my own crypto recovery phrases. That’s why I’ve partnered with @Ledger to tell you about Recovery Key - a new private backup card to restore access to your assets. 🫡 https://t.co/PVpWhcNbNV",btc,en,,,1958559827745296572,,TiffanyFong_,1694.0,82.0,305.0,20.0
2025-08-21 16:01:24,,twitter,https://x.com/rajatsonifnance/status/1958560074130915586,"Dollars are worthless - get rid of them ASAP

We have been brainwashed to believe that they have value so we give away time, effort, and skills for more of them

When Bitcoin's purchasing power falls in terms of US Dollars, it eventually recovers

When the US Dollar's purchasing",btc,en,,,1958560074130915586,,rajatsonifnance,555.0,88.0,41.0,3.0
2025-08-21 16:05:30,,twitter,https://x.com/richie_bitcoin/status/1958561103702597717,"Day 3 of posting about $TAO before the end of campaign.

You can earn $TAO by engaging other creators post.

~ Like = 0.5 $TAO
~ Repost = 1 $TAO
~ Comment = 1.5 $TAO

This is the free way to earn $TAO by @inspectxyz https://t.co/a4ehXbySJz",btc,en,,,1958561103702597717,,richie_bitcoin,215.0,136.0,113.0,14.0
2025-08-21 16:52:48,,twitter,https://x.com/thissdax/status/1958573009578475883,Daily timeframe.   $BTC. https://t.co/Ld66GgMj0t,btc,en,,,1958573009578475883,,thissdax,1350.0,61.0,74.0,7.0
2025-08-21 17:01:11,,twitter,https://x.com/okx/status/1958575119707615413,"♾️ ÷ 21M = Bitcoin Infinity Day
Scarce by design. Limitless in impact. https://t.co/SVfjDWJqi8",btc,en,,,1958575119707615413,,okx,438.0,62.0,163.0,6.0
2025-08-21 17:15:47,,twitter,https://x.com/3orovik/status/1958578794823893483,"imagine selling before BTC hits $1,000,000 https://t.co/YbfYQTbPDW",btc,en,,,1958578794823893483,,3orovik,245.0,24.0,113.0,0.0
2025-08-21 17:40:02,,twitter,https://x.com/Angeliki_BTC/status/1958584895585792110,"Gm 

End of day happy dance after 10 more miners are up. @lulaodiba https://t.co/wqns7ylXU4",btc,en,,,1958584895585792110,,Angeliki_BTC,153.0,4.0,74.0,0.0
2025-08-21 18:50:27,,twitter,https://x.com/Vaulta_/status/1958602616834781681,"∞/21 — Bitcoin Infinity Day

21M coins. Infinite potential.

With @exSatNetwork, Vaulta puts $BTC at the core of open, secure, real-world-ready finance.

Finite supply. Infinite impact.

What’s your ∞ play?

#BitcoinInfinityDay https://t.co/QuLrbuJtj0",btc,en,,,1958602616834781681,,Vaulta_,156.0,23.0,24.0,0.0
2025-08-21 19:03:16,,twitter,https://x.com/PortaltoBitcoin/status/1958605843752263969,"Things we know now at Portal, we wish the space knew on day 1:

1️⃣ Bridges don’t protect Bitcoin they expose it.
2️⃣ Self-custody isn’t negotiable. It’s the point.
3️⃣ Wrapped assets ≠ real assets.
4️⃣ Liquidity should move trustlessly, not through middlemen.
5️⃣ Cross-chain AMMs https://t.co/1gtLo0SKmW",btc,en,,,1958605843752263969,,PortaltoBitcoin,589.0,114.0,209.0,85.0
2025-08-21 20:15:06,,twitter,https://x.com/NoLieWithBTC/status/1958623918966575524,Russia just bombed a U.S. factory in western Ukraine days after Trump said Putin “wants to make a peace deal for me.” https://t.co/mEpTy3ZdSQ,btc,en,,,1958623918966575524,,NoLieWithBTC,6079.0,2069.0,409.0,87.0
2025-08-21 21:35:30,,twitter,https://x.com/turin1357/status/1958644154583708114,"@SevenDyor One coin to rule them all, 
One coin to find them, 
One coin to bring them all,
and in the darkness bind them; In the Land of Bitcoin where the shadows lie.",btc,en,,,1958644154583708114,,turin1357,1.0,0.0,0.0,1.0
2025-08-22 00:03:28,,twitter,https://x.com/NoLieWithBTC/status/1958681391375278566,"Trump is now ordering Republicans to do whatever they can to “pick up 100 House seats” in 2026, including through massive gerrymandering, voter suppression, and overturning the Voting Rights Act. https://t.co/Dvnbdvrq5G",btc,en,,,1958681391375278566,,NoLieWithBTC,19793.0,5123.0,1554.0,468.0
2025-08-22 02:15:13,,twitter,https://x.com/CathieDWood/status/1958714545284727252,"I am looking forward to an exciting discussion with @realartlaffer at Imagine IF! We will discuss the incredible prospects for Bitcoin and AI, turbocharged by tax cuts and deregulation. Imagine!",btc,en,,,1958714545284727252,,CathieDWood,216.0,28.0,28.0,2.0
2025-08-22 02:22:00,,twitter,https://x.com/CathieDWood/status/1958716251158532469,"When @ARKInvest wrote its first white paper on the case for Bitcoin in 2015, @realartlaffer said that he had been waiting for this global monetary system since Nixon closed the gold window in 1971. Imagine now the convergence between digital assets and AI!",btc,en,,,1958716251158532469,,CathieDWood,334.0,40.0,46.0,3.0
2025-08-22 03:03:06,,twitter,https://x.com/mikealfred/status/1958726594471895532,"Bitcoin still holding the $112,000 breakout level. If the bears have any shot at salvation, they will need to use any fear created by Powell tomorrow to drive BTC under $110,000. If they can’t do it, it’s game over. $146,000 next.",btc,en,,,1958726594471895532,,mikealfred,881.0,60.0,53.0,5.0
2025-08-22 04:28:12,,twitter,https://x.com/GoMaestroOrg/status/1958748010432929945,"🇺🇸 Billionaire and Gemini founder Winklevoss says #Bitcoin is ""easily"" going to $1,000,000. https://t.co/VrPFVqOESU",btc,en,,,1958748010432929945,,GoMaestroOrg,489.0,86.0,12.0,1.0
2025-08-22 05:57:25,,twitter,https://x.com/bitgetglobal/status/1958770465566335392,"Market moves:

🏃 CFTC launches 'Crypto Sprint Initiative' as part of US digital asset agenda

🇪🇺 EU speeds up digital euro plans amid stablecoin momentum

📈 DDC stacks 100 $BTC, holdings hit 588 BTC

#SmartDelivery https://t.co/DTZf9qmekB",btc,en,,,1958770465566335392,,bitgetglobal,133.0,36.0,40.0,12.0
2025-08-22 07:01:18,,twitter,https://x.com/bitcoin_artisan/status/1958786540710113652,#Bitcoin incentivises growth and human advancement https://t.co/SUDNfHTkhH,btc,en,,,1958786540710113652,,bitcoin_artisan,1.0,0.0,0.0,0.0
2025-08-22 07:59:54,,twitter,https://x.com/parman_the/status/1958801289909084394,"Why aren't you constantly violently sick in your stomach that you, your parents, your grandparents, humanity, all worked their butts off, and central banks just print their money out of thin air for free, and tell you with a straight face that it's so you can have a job, and keep https://t.co/hgov9lNwye",btc,en,,,1958801289909084394,,parman_the,599.0,94.0,52.0,8.0
2025-08-22 08:28:34,,twitter,https://x.com/Bitcoinprof0637/status/1958808500949119355,"12.5 #Bitcoin 

A person who retweets, follows me will receive 12.5 $BTC ( $1.420.000 ) (yes, for real)

Retweet my pinned post 📌 https://t.co/V3bv11sZA7",btc,en,,,1958808500949119355,,Bitcoinprof0637,518.0,446.0,235.0,6.0
2025-08-22 08:35:29,,twitter,https://x.com/bitcell_app/status/1958810240926756956,"The only battery $BTC needs is $BTCL battery.

📲Start mining $BTCL from your mobile phone at https://t.co/zXIVQUju2a https://t.co/OZfw7MIMRA",btc,en,,,1958810240926756956,,bitcell_app,492.0,116.0,126.0,6.0
2025-08-22 09:31:00,,twitter,https://x.com/saylordocs/status/1958824213793427805,Who owns #Bitcoin in 2025 ⚡ https://t.co/sVYtbWyZpG,btc,en,,,1958824213793427805,,saylordocs,1037.0,270.0,43.0,13.0
2025-08-22 09:56:15,,twitter,https://x.com/EdgenTech/status/1958830569355452763,"STOCKS are now AVAILABLE on Edgen 📈

your favorite AI can now fly you from from the highest heights of $BTC technicals to the deepest depths of $NVDA's fundamentals, without changing tools.

here's how 🧵 https://t.co/hSWswPIbYw",btc,en,,,1958830569355452763,,EdgenTech,21359.0,38650.0,2976.0,880.0
2025-08-22 10:08:41,,twitter,https://x.com/BTCCexchange/status/1958833696909426739,"What JJJ signed merch are we giving away in our trading competition?

🔥 Follow @BTCCexchange
🔥 RT this post with your answer + #BTCCxJJJ
🔥 Tag 3 friends!

Not sure about the answer? 👉🏻 https://t.co/czeuDSb62G 

4 winners will share 200 USDT on Aug 29 🎉 https://t.co/uO8wKMn0nj",btc,en,,,1958833696909426739,,BTCCexchange,762.0,722.0,685.0,97.0
2025-08-22 10:41:17,,twitter,https://x.com/TheBitcoin__/status/1958841903413125526,#Bitcoin: One of the few systems that truly earned its name. https://t.co/d8kvToY5mV,btc,en,,,1958841903413125526,,TheBitcoin__,31.0,6.0,6.0,0.0
2025-08-22 10:42:40,,twitter,https://x.com/SoulzBTC/status/1958842248755396884,"In this THREAD I will explain “Order Blocks”

1. What is an Order Block? 
2. Bullish and Bearish Order Block
3. How to trade Order Blocks

🧵(1/12) https://t.co/nppr3Xv1X6",btc,en,,,1958842248755396884,,SoulzBTC,1072.0,202.0,27.0,2.0
2025-08-22 10:55:37,,twitter,https://x.com/im_BrokeDoomer/status/1958845509445329283,"Bitcoin Seasonality 

Historically, look September has been the toughest month for BTC

Showing weak performance every september.

But you know the best part October and November deliver strong rebounds.

All dumps of one month covered double in 2 months.

Prepare yourself for an https://t.co/xexMGDiW1f",btc,en,,,1958845509445329283,,im_BrokeDoomer,350.0,58.0,93.0,20.0
2025-08-22 11:07:16,,twitter,https://x.com/Cointelegraph/status/1958848440156184991,🇵🇭 JUST IN: Philippines HB 421 has been filed to establish a Strategic Bitcoin Reserve. https://t.co/C2ZNGDNB2L,btc,en,,,1958848440156184991,,Cointelegraph,1916.0,405.0,224.0,56.0
2025-08-22 11:39:22,,twitter,https://x.com/BingXListing/status/1958856516930609342,"Your first trade deserves more than just profits, it deserves rewards. 💎

Join the New User Profit Ranking Contest or invite friends and share a $5,000 SOL prize pool.

1️⃣ Quote this tweet + share the event link above + include hashtags #BTC #ETH 
2️⃣ Register yourself or invite https://t.co/1Ed9Jai3Ss",btc,en,,,1958856516930609342,,BingXListing,169.0,110.0,96.0,65.0
2025-08-22 11:50:48,,twitter,https://x.com/MaxCryptoxx/status/1958859396353577286,"BLACKROCK IS SELLING $BTC
FIDELITY IS SELLING BTC

BITCOIN OGs ARE SELLING BTC

AND THEY ALL ARE BUYING $ETH.

ALTSEASON ""PHASE 2"" HAS NOW STARTED. https://t.co/e2V0cZxyBh",btc,en,,,1958859396353577286,,MaxCryptoxx,360.0,77.0,61.0,6.0
2025-08-22 12:00:25,,twitter,https://x.com/satlayer/status/1958861814810517728,"SatLayer is building the new economy on Bitcoin.

That's it. That's the tweet. https://t.co/5SJSxqbZzL",btc,en,,,1958861814810517728,,satlayer,310.0,36.0,58.0,0.0
2025-08-22 12:02:15,,twitter,https://x.com/spotonchain/status/1958862278406848835,"🚨 Major Shift in Whale Strategy! Two OG #Bitcoin whales — who collectively acquired 100,784 $BTC (then $640M) 7 years ago — are now shifting gears to go long on $ETH by selling off massive amounts of $BTC!

Here’s the breakdown from the last 2 days:

🔹 Sold 4,621.9 $BTC https://t.co/dGNEEMRcG4",btc,en,,,1958862278406848835,,spotonchain,220.0,31.0,16.0,9.0
2025-08-22 12:13:33,,twitter,https://x.com/BTCTN/status/1958865122606420339,"BREAKING: 🇵🇭 Philippine Congressman proposes a bill to create a national #Bitcoin reserve of 10,000 $BTC, aiming to bolster economic stability and hedge against debt. https://t.co/wbxtnB43cn",btc,en,,,1958865122606420339,,BTCTN,488.0,171.0,60.0,14.0
2025-08-22 12:16:14,,twitter,https://x.com/BTC_Archive/status/1958865796534353939,"JUST IN: David Sacks and Bitcoin featured in the latest South Park episode.

Yep, we’ve made it 😂 https://t.co/nl54odTjfS",btc,en,,,1958865796534353939,,BTC_Archive,2106.0,294.0,129.0,17.0
2025-08-22 12:26:00,,twitter,https://x.com/AltcoinDaily/status/1958868254585196613,"🇺🇸 Donald Trump Jr. says his family is ""all in"" on Bitcoin and crypto because they were debanked. https://t.co/BGlM79577v",btc,en,,,1958868254585196613,,AltcoinDaily,1972.0,316.0,178.0,22.0
2025-08-22 12:32:10,,twitter,https://x.com/pete_rizzo_/status/1958869808272847207,"JUST IN: HARVARD ECONOMICS PROFESSOR ROGOFF JUST SAID IF THE US WERE TO FACE A DEBT CRISIS, IT WOULD ""LIKELY"" BE ""VERY GOOD"" FOR #BITCOIN. 

MONEY PRINTING IS COMING. BUCKLE UP 🚀 https://t.co/e9zkr8QaIh",btc,en,,,1958869808272847207,,pete_rizzo_,1029.0,233.0,68.0,11.0
2025-08-22 12:47:14,,twitter,https://x.com/BitcoinMagazine/status/1958873596438220936,#Bitcoin treasury companies buying the dip https://t.co/YUt7IvbJaw,btc,en,,,1958873596438220936,,BitcoinMagazine,1437.0,318.0,161.0,13.0
2025-08-22 12:49:28,,twitter,https://x.com/jaltucher/status/1958874160308134293,"Upcoming HUGE catalysts for $TAO (and thus $TAOX). All of these will happen: 

A) the first halving for $TAO on Dec 13. Huge catalyst. $BTC went up 7000% after their first halving. 

B) Subnet cap moved to 256 from 128 (each new subnet has to stake TAO and all the new validators",btc,en,,,1958874160308134293,,jaltucher,474.0,104.0,48.0,20.0
2025-08-22 12:58:28,,twitter,https://x.com/JBerneburg/status/1958876423067685214,"This is why $MSTR and the Bitcoin Treasury playbook is breaking the status quo but only few understand it. An understanding of what sits at the intersection of Bitcoin, security analysis and the unwinding of the fixed income market is a must know. @PrestonPysh nailed it in his https://t.co/aSk5aRYBsN",btc,en,,,1958876423067685214,,JBerneburg,573.0,103.0,35.0,14.0
2025-08-22 13:00:01,,twitter,https://x.com/BitcoinMiskolc/status/1958876813897474155,"🔺 Püthagorasz megmutatta a háromszögek titkát.

🧠 Einstein felfedte a relativitást.

🍎 Newton rávezetett minket a gravitációra.

💸 Satoshi elhozta a pénzügyi szabadságot.

#Bitcoin https://t.co/i9yYd5PKNr",btc,hu,,,1958876813897474155,,BitcoinMiskolc,2.0,2.0,0.0,0.0
2025-08-22 13:00:12,,twitter,https://x.com/Bybit_Official/status/1958876862815367627,BTC 102: Let’s see what you’ve got 🟠 https://t.co/gHdu5swJc7,btc,en,,,1958876862815367627,,Bybit_Official,117.0,27.0,44.0,0.0
2025-08-22 13:15:16,,twitter,https://x.com/apsk32/status/1958880653337895113,"Don't panic. Bitcoin's right where we expect it to be, according to the four-year cycle. https://t.co/yiRWRPHT24",btc,en,,,1958880653337895113,,apsk32,1314.0,271.0,48.0,17.0
2025-08-22 13:34:31,,twitter,https://x.com/midl_xyz/status/1958885498480370102,"Work hard, play hard: bring your brain power to BTCHack on August 27th, and good vibes to Bitcoin After Dark on 28th 🔥

Midl is joining @Pizza_Ninjas &amp; @DogOfBitcoin as a co-host to give a @btc_summit a grand opening it deserves.

Sign ups: open. Great night: incoming.

RSVP &amp; https://t.co/8LiOJRjU6X",btc,en,,,1958885498480370102,,midl_xyz,448.0,337.0,193.0,9.0
2025-08-22 13:42:23,,twitter,https://x.com/panamaXBT/status/1958887476082131399,"#FFF happy weekend
@CryptoKaleo
@BTC_JackSparrow
@apsk32
@cryptorangutang
@TeddyCleps
@LSDinmycoffee
@BowTiedMara
@0xbags
@reaposhi
@vortexics82
@SatoshiFlipper
@QuintenFrancois
@joshnomics
@seth_fin
@crypto_rand
@antiprosynth
@ThisIsNuse
@AltcoinSherpa
@SmokeyHosoda
@smw000001 https://t.co/k3yPOu52T8",btc,en,,,1958887476082131399,,panamaXBT,260.0,18.0,63.0,0.0
2025-08-22 13:44:37,,twitter,https://x.com/goNativeCC/status/1958888037078696088,"Testnet V2 is buzzing 🐝

One-click nBTC mint on Sui

✔️ Fully permissionless
✔️ Fully automatic

Coming soon… Bee ready for the future of BTCFi ⚡ https://t.co/QfvVkPIIFa",btc,en,,,1958888037078696088,,goNativeCC,517.0,233.0,223.0,7.0
2025-08-22 13:46:18,,twitter,https://x.com/paulbarron/status/1958888463404601609,"💰 The XRP Army vs Bitcoin maximalists debate just got nuclear. Featuring @RealAllinCrypto  on the $XRP Podcast.

🇺🇸 @EricTrump on de-banking tactics
🪙Why Bitcoiners fundamentally misunderstand XRP
💰How $RLUSD supports Fed/Treasury operations
👳‍♂️David Sacks &amp; Peter Thiel's https://t.co/Kz3SUaQ6YI",btc,en,,,1958888463404601609,,paulbarron,440.0,116.0,14.0,2.0
2025-08-22 13:51:13,,twitter,https://x.com/galaxyBTC/status/1958889697754693906,"$DOGE

Very simple chart this time.

Dogecoin is in an uptrend and the next move should be a higher high. https://t.co/2zmAcRfKWN",btc,en,,,1958889697754693906,,galaxyBTC,473.0,109.0,28.0,2.0
2025-08-22 13:57:37,,twitter,https://x.com/Breedlove22/status/1958891309491507598,Bitcoin is the discovery of an absolute which encourages everyone to treat one another more like relatives.,btc,en,,,1958891309491507598,,Breedlove22,320.0,26.0,34.0,2.0
2025-08-22 14:03:53,,twitter,https://x.com/BTC_Archive/status/1958892888667934927,JUST IN: Traders add to bets on Fed rate cut in September as Powell begins speaking.,btc,en,,,1958892888667934927,,BTC_Archive,483.0,36.0,57.0,1.0
2025-08-22 14:08:12,,twitter,https://x.com/BitcoinNewsCom/status/1958893972178219107,Bitcoin goes VERTICAL on Jerome Powell's rate cut hint. https://t.co/a56IeVpGb9,btc,en,,,1958893972178219107,,BitcoinNewsCom,999.0,155.0,41.0,9.0
2025-08-22 14:11:44,,twitter,https://x.com/RoundtableSpace/status/1958894862012420605,"BREAKING: JEROME POWELL ""SHIFTING BALANCE OF RISKS MAY WARRANT ADJUSTING OUR POLICY STANCE.""

HE'S GOING TO CUT THE RATES FINALLY

Source: @BTC_Archive https://t.co/SHvSIttXx6",btc,en,,,1958894862012420605,,RoundtableSpace,102.0,12.0,41.0,3.0
2025-08-22 14:12:12,,twitter,https://x.com/BTC_Archive/status/1958894979994054986,"💥Bitcoin spikes above $114,000 as Powell starts speech with dovish comments. https://t.co/bk6eI0Ixjt",btc,en,,,1958894979994054986,,BTC_Archive,284.0,49.0,46.0,3.0
2025-08-22 14:12:52,,twitter,https://x.com/AThrouvalas/status/1958895148198212086,Cardano will crush Ethereum - with Bitcoin. 🟠🐼🔵 https://t.co/G94ZSmK1D1,btc,en,,,1958895148198212086,,AThrouvalas,634.0,72.0,22.0,4.0
2025-08-22 14:12:55,,twitter,https://x.com/Vivek4real_/status/1958895161334776152,"#BITCOIN IS RIPPING 🚀

$120,000 IS HAPPENING TODAY??? https://t.co/NboVRswwTo",btc,en,,,1958895161334776152,,Vivek4real_,1382.0,278.0,139.0,2.0
2025-08-22 14:13:31,,twitter,https://x.com/BTCTN/status/1958895309695672771,"BREAKING: 📈 #Bitcoin rockets back to $115,000 as Fed Chair Powell takes the stage during the Jackson Hole Economic Policy Symposium. https://t.co/s8Eo2t9ZkP",btc,en,,,1958895309695672771,,BTCTN,844.0,229.0,68.0,8.0
2025-08-22 14:13:37,,twitter,https://x.com/BTCjunkies/status/1958895335071175078,JUST IN: 🇺🇸 Fed Chair Jerome Powell indicates the Federal Reserve will lower interest rates in September. https://t.co/w2Zq0bhSWo,btc,en,,,1958895335071175078,,BTCjunkies,2511.0,412.0,85.0,16.0
2025-08-22 14:13:46,,twitter,https://x.com/CoinDesk/status/1958895374959030713,📊 MARKET UPDATE: Bitcoin reclaims 115k. https://t.co/l36EyR1K8P,btc,en,,,1958895374959030713,,CoinDesk,215.0,46.0,54.0,2.0
2025-08-22 14:15:20,,twitter,https://x.com/fundstrat/status/1958895767537533138,"Fed Powell speech interpreted as “dovish” as we expected
👇

Good for:
- small caps $IWM
- Bitcoin $BTC
- Ethereum $ETH
🚀🚀🚀🚀

Tickers: $BMNR $GRNY",btc,en,,,1958895767537533138,,fundstrat,3078.0,293.0,157.0,36.0
2025-08-22 14:16:14,,twitter,https://x.com/BTCPrice/status/1958895994642325954,"🟢 Bitcoin Price: $115,500 https://t.co/V9y2pRcQ6P",btc,en,,,1958895994642325954,,BTCPrice,143.0,14.0,6.0,1.0
2025-08-22 14:17:16,,twitter,https://x.com/CryptosBatman/status/1958896254785593494,"Bitcoin is back above $115,000
Ethereum is back above $4,600
BNB is close to making a new ATH

WAGMI! https://t.co/jtYPvOzeb2",btc,en,,,1958896254785593494,,CryptosBatman,241.0,35.0,35.0,0.0
2025-08-22 14:19:35,,twitter,https://x.com/CarlBMenger/status/1958896838859223176,Here we go. #Bitcoin https://t.co/8AGUcEbEUD,btc,en,,,1958896838859223176,,CarlBMenger,709.0,100.0,29.0,2.0
2025-08-22 14:19:59,,twitter,https://x.com/TheDustyBC/status/1958896938293555215,"BTC/USD [4H]

Same story for BTC, as we said before, we strongly suggest that you take partial profits only if you shorted the market!

Just like all of crypto, currently making bullish gains but everything can change and reverse at this point.

Be patient and dont rush to trade! https://t.co/SZx3JpQNfw",btc,en,,,1958896938293555215,,TheDustyBC,365.0,34.0,21.0,1.0
2025-08-22 14:20:00,,twitter,https://x.com/BitcoinPierre/status/1958896943230271767,In what direction will fixed income capital flow if Powell lowers interest rates on Fed funds while Saylor raises the dividend rate on STRC?,btc,en,,,1958896943230271767,,BitcoinPierre,257.0,18.0,23.0,3.0
2025-08-22 14:22:04,,twitter,https://x.com/BitcoinConfAsia/status/1958897465068847208,"#BITCOIN IS BACK ABOVE $115,000 🚀 https://t.co/Aq9qyAhU5P",btc,en,,,1958897465068847208,,BitcoinConfAsia,328.0,83.0,20.0,1.0
2025-08-22 14:24:41,,twitter,https://x.com/GoMining_token/status/1958898122551169078,"⛏️ WHY MINE #BITCOIN? ⛏️

Every block mined, every transaction secured. Bitcoin keeps proving its strength.

This week’s highlights ⬇️

🔶 Institutions double down — Hong Kong’s Ming Shing Group is acquiring 4,250 BTC ($483M) for its treasury, underscoring Bitcoin’s role as a https://t.co/DPfPwdJQHz",btc,en,,,1958898122551169078,,GoMining_token,806.0,214.0,33.0,11.0
2025-08-22 14:25:00,,twitter,https://x.com/BTCTN/status/1958898202700034562,"BREAKING: 🇺🇸 Fed Chair Powell delivers Jackson Hole keynote. 

🎙️ Powell: ""The shifting balance of risks, may warrant adjusting our policy stance."" 📈 https://t.co/HyiqRva3fZ",btc,en,,,1958898202700034562,,BTCTN,599.0,163.0,61.0,17.0
2025-08-22 14:25:04,,twitter,https://x.com/RoundtableSpace/status/1958898219716338041,"$115K BTC
$4600 ETH

WE'RE SO BACK https://t.co/LUAmcXTxgL",btc,en,,,1958898219716338041,,RoundtableSpace,243.0,56.0,104.0,1.0
2025-08-22 14:27:11,,twitter,https://x.com/PabloXbtc/status/1958898753127043367,"Ticker is $BTC 

1R easy, close the position's %50 and hold it for 123k https://t.co/ZX1pmktPU7",btc,en,,,1958898753127043367,,PabloXbtc,482.0,97.0,10.0,0.0
2025-08-22 14:27:50,,twitter,https://x.com/Swan/status/1958898913710326028,"Bitcoin surges after Fed Chair Jerome Powell suggests current conditions 'may warrant' interest rate cuts.

Time to warm up the money printer? 🚀 https://t.co/eKenqp83Tb",btc,en,,,1958898913710326028,,Swan,668.0,100.0,28.0,5.0
2025-08-22 14:32:50,,twitter,https://x.com/maxkeiser/status/1958900171632251019,Today’s @peterschiff Award Winner‼️ https://t.co/SO0omitAAD,btc,en,,,1958900171632251019,,maxkeiser,337.0,21.0,21.0,3.0
2025-08-22 14:34:46,,twitter,https://x.com/ColinTCrypto/status/1958900659542995378,"ETH/BTC bull flag breakout.

New local highs, as predicted!

$ETHBTC https://t.co/hFYNFKqWk1",btc,en,,,1958900659542995378,,ColinTCrypto,664.0,70.0,17.0,3.0
2025-08-22 14:36:36,,twitter,https://x.com/CryptoDiffer/status/1958901120379588724,"MAJOR UPCOMING EVENTS IN Q3!

A full list of Major Upcoming Events, to be updated
👉 https://t.co/q7htUaCjO1

$FST $CSPR $ZKC #ALMANAK $BARD $DAG $KILT $POLS $SKY $UNP $WLFI $MITO $LINEA #USD1 #DEFI #NFT $ETH $BTC https://t.co/xk2v8dxHh8",btc,en,,,1958901120379588724,,CryptoDiffer,296.0,24.0,46.0,1.0
2025-08-22 14:39:22,,twitter,https://x.com/gem_detecter/status/1958901817766539668,"GM. Who's just saved the market?

Can $BTC hit $150,000 and $ETH hit $6000 EOM?

Bullish vibe only. https://t.co/8iU2rES4ET",btc,en,,,1958901817766539668,,gem_detecter,170.0,32.0,57.0,0.0
2025-08-22 14:40:36,,twitter,https://x.com/mavensbot/status/1958902129197736209,"If you’re not seeing Bitcoin Wizards all over your timeline, you might be institutionalized.",btc,en,,,1958902129197736209,,mavensbot,232.0,48.0,30.0,4.0
2025-08-22 14:41:16,,twitter,https://x.com/BTCTN/status/1958902297280266266,"NEW: #Bitcoin is back at $116,000 💥 https://t.co/qyOsQszTdE",btc,en,,,1958902297280266266,,BTCTN,215.0,51.0,31.0,1.0
2025-08-22 14:41:51,,twitter,https://x.com/WatcherGuru/status/1958902441472143499,"JUST IN: $116,000 Bitcoin https://t.co/PKPF29iThX",btc,en,,,1958902441472143499,,WatcherGuru,6188.0,644.0,452.0,42.0
2025-08-22 14:43:27,,twitter,https://x.com/rajatsonifnance/status/1958902844792201473,"Bitcoin will run out at every price

1 BTC is worth ♾️ USD",btc,en,,,1958902844792201473,,rajatsonifnance,779.0,80.0,47.0,3.0
2025-08-22 14:44:16,,twitter,https://x.com/0xzak/status/1958903049272877268,1 ETH = 1 BTC,btc,en,,,1958903049272877268,,0xzak,280.0,22.0,35.0,5.0
2025-08-22 14:46:16,,twitter,https://x.com/teddyfuse/status/1958903552371290277,"$BITB processed an in-kind creation order this week!

To our knowledge, one of the first in history.

This is the newly allowed capability where an Authorized Participant exchanges the spot asset (Bitcoin) for ETF shares, rather than paying with cash.

In-kind creations &amp;",btc,en,,,1958903552371290277,,teddyfuse,375.0,49.0,45.0,15.0
2025-08-22 14:47:35,,twitter,https://x.com/jackmallers/status/1958903886946914444,"Imagine hinging your #Bitcoin conviction on what some random old guy says about pieces of paper. Couldn’t be me!

Stay humble. Stack sats.",btc,en,,,1958903886946914444,,jackmallers,3397.0,317.0,152.0,22.0
2025-08-22 14:52:00,,twitter,https://x.com/saylordocs/status/1958904996294271276,"You have $50,000 in cash.

Would you go all in on #Bitcoin, or would you DCA? https://t.co/Q9Pha6PoBZ",btc,en,,,1958904996294271276,,saylordocs,1400.0,169.0,345.0,13.0
2025-08-22 14:52:43,,twitter,https://x.com/Coachjv_/status/1958905177383293081,"Powell finally cracks!
“Risks are shifting” and the Fed may cut rates soon.

Markets ripped higher.
Dollar dumped.
Bitcoin + crypto lit up.

Translation: the system can’t handle high rates much longer.

Lock in.",btc,en,,,1958905177383293081,,Coachjv_,829.0,121.0,28.0,1.0
2025-08-22 14:54:19,,twitter,https://x.com/BTC_Archive/status/1958905580724318419,"Bitcoin pumps back over $116,000 🔥 https://t.co/TJDTJxtshc",btc,en,,,1958905580724318419,,BTC_Archive,1115.0,254.0,154.0,8.0
2025-08-22 14:54:29,,twitter,https://x.com/HopiumPapi/status/1958905622566449362,"30x for you bitch ass niggas on the Bitcoin Mascot. Why are you still poor? 

https://t.co/jeDG7sfogA https://t.co/8CIWFeBkYi",btc,en,,,1958905622566449362,,HopiumPapi,127.0,83.0,38.0,1.0
2025-08-22 14:56:58,,twitter,https://x.com/BitcoinRachy/status/1958906244569203120,Are you not entertained??? https://t.co/xFT5muBisc,btc,en,,,1958906244569203120,,BitcoinRachy,766.0,118.0,44.0,3.0
2025-08-22 14:59:19,,twitter,https://x.com/BTCjunkies/status/1958906838688121315,JUST IN: 🇺🇸 Odds of the Federal Reserve lowering interest rates in September soar to 93% following Jerome Powell's speech today. https://t.co/QNWcwfu5pA,btc,en,,,1958906838688121315,,BTCjunkies,1015.0,204.0,51.0,2.0
2025-08-22 15:00:18,,twitter,https://x.com/JakeGagain/status/1958907083677409547,"Jerome Powell Sent Crypto Parabolic. 
$BTC $ETH $SOL $XRP $PEPE $SUI https://t.co/czJJo7fuD9",btc,en,,,1958907083677409547,,JakeGagain,448.0,64.0,89.0,2.0
2025-08-22 15:01:32,,twitter,https://x.com/Bitcoin_Teej/status/1958907396308263076,"Imagine buying $10,000 worth of a rental property…

But it sends you $1,000/month.
No tenants.
No repairs.
No calls.
And it’s liquid.

That’s what high-yield income ETFs are.

When you get your principal back, it’s house money. https://t.co/7lasmsoOwj",btc,en,,,1958907396308263076,,Bitcoin_Teej,407.0,16.0,28.0,2.0
2025-08-22 15:02:00,,twitter,https://x.com/Washigorira/status/1958907512649814403,#Bitcoin Bouncing from Key Level 🚀 https://t.co/BwLZ3SY7Ud,btc,en,,,1958907512649814403,,Washigorira,566.0,102.0,44.0,2.0
2025-08-22 15:02:28,,twitter,https://x.com/BitcoinNews21M/status/1958907629121507698,"#Bitcoin spikes above $116,000 🚀 https://t.co/nDlje9DhvN",btc,en,,,1958907629121507698,,BitcoinNews21M,304.0,63.0,20.0,1.0
2025-08-22 15:03:48,,twitter,https://x.com/natbrunell/status/1958907967245623805,"Just recorded this interview with @PrestonPysh about all the bearish sentiment in Bitcoin and sideways price action.🐻

We explore who's selling, why people are upset, Bitcoin treasury warning signs, and Preston's latest analysis of $MSTR. 

Let us know what you think! https://t.co/1TDxNQydys",btc,en,,,1958907967245623805,,natbrunell,687.0,78.0,63.0,12.0
2025-08-22 15:04:04,,twitter,https://x.com/missteencrypto/status/1958908034341552344,"BITCOIN TO $150,000 AND ETHEREUM TO $15,000! SEND IT 🚀",btc,en,,,1958908034341552344,,missteencrypto,226.0,28.0,26.0,1.0
2025-08-22 15:04:27,,twitter,https://x.com/BitcoinNewsCom/status/1958908131318149227,"Jim Cramer dropped an F-bomb on live TV yesterday, furious the US was “too strong” for a rate cut.

Today, Powell signaled a cut is coming next month.

Never fade inverse Cramer. 

 https://t.co/5kA6IKqSxR",btc,en,,,1958908131318149227,,BitcoinNewsCom,444.0,60.0,39.0,5.0
2025-08-22 15:05:40,,twitter,https://x.com/Zynweb3/status/1958908433773535330,"Powell finally admits unemployment risks are rising.

That’s the first real hint rate cuts are on the way.

Markets are pumping:
$BTC → $115.9K
$ETH → $4.6K (+8%)

This isn’t noise. This is the start of the next leg higher.",btc,en,,,1958908433773535330,,Zynweb3,270.0,62.0,160.0,2.0
2025-08-22 15:06:00,,twitter,https://x.com/BTCPrice/status/1958908520486568230,"🟢 Bitcoin Price: $116,500 https://t.co/j4SrHzW3BL",btc,en,,,1958908520486568230,,BTCPrice,191.0,17.0,2.0,0.0
2025-08-22 15:06:34,,twitter,https://x.com/SimpleSwap_io/status/1958908660677034423,"🎁 $200 in $ETH Giveaway – 5 Winners! 🎁

Liquidity is flowing from Bitcoin into Ethereum – one of the strongest signals that altseason may be just around the corner. That means it’s the perfect time for a little $ETH giveaway! ⚡️

🔥 How to enter?
1️⃣ Like, RT &amp; follow https://t.co/5uvHc1GUi2",btc,en,,,1958908660677034423,,SimpleSwap_io,1503.0,1376.0,1299.0,16.0
2025-08-22 15:08:46,,twitter,https://x.com/CoinDesk/status/1958909215227224525,"🇺🇸FED: Chair Jerome Powell opened the door to a September rate cut in remarks at Jackson Hole this morning.

@SteveAlpher reports.

https://t.co/bn87JQOhRv",btc,en,,,1958909215227224525,,CoinDesk,236.0,44.0,51.0,6.0
2025-08-22 15:12:53,,twitter,https://x.com/charliebilello/status/1958910251819786478,"1. Stocks: all-time high
2. Home Prices: all-time high
3. Bitcoin: all-time high
4. Gold: all-time high
5. Money Supply: all-time high
6. National Debt: all-time high
7. CPI Inflation: 4% per year since Jan 2020, 2x the Fed's ""target""
8. Fed: cutting interest rates next month https://t.co/PDP0DuiTrz",btc,en,,,1958910251819786478,,charliebilello,10742.0,1699.0,768.0,283.0
2025-08-22 15:13:58,,twitter,https://x.com/real_vijay/status/1958910525523599551,"""Bitcoin is one of the few asymmetric bets that people across the entire world can participate in"" -- The Bullish Case for Bitcoin.",btc,en,,,1958910525523599551,,real_vijay,331.0,25.0,14.0,1.0
2025-08-22 15:19:05,,twitter,https://x.com/BTCPrice/status/1958911811639505223,"🟢 Bitcoin Price: $117,000 https://t.co/goUdQ8ZF3x",btc,en,,,1958911811639505223,,BTCPrice,1683.0,212.0,93.0,7.0
2025-08-22 15:27:52,,twitter,https://x.com/maxkeiser/status/1958914024172921177,The single greatest call in the history of money management?,btc,en,,,1958914024172921177,,maxkeiser,1882.0,240.0,103.0,16.0
2025-08-22 15:34:23,,twitter,https://x.com/MartiniGuyYT/status/1958915662417461253,"BREAKING 🚨 POWELL CONFIRMS THE FED IS MOVING AWAY FROM ITS RIGID 2% INFLATION TARGET.

IN OTHER WORDS: HIGHER INFLATION IS HERE TO STAY.

LOAD UP ON BITCOIN WHILE YOU STILL CAN. https://t.co/iNyUoLSppa",btc,en,,,1958915662417461253,,MartiniGuyYT,541.0,85.0,57.0,6.0
2025-08-22 15:35:01,,twitter,https://x.com/TonyTheBullCMT/status/1958915819863515595,"Yet another bounce in Bitcoin at the bottom side of the ""Wall of Worry""

The top of the channel is currently sitting at $183,000. 

A move to the median is $144,00. https://t.co/D3t1PraUVd",btc,en,,,1958915819863515595,,TonyTheBullCMT,359.0,39.0,17.0,1.0
2025-08-22 15:35:18,,twitter,https://x.com/BTC_for_Freedom/status/1958915891778744457,"If your new here. This is how it works:
1. Market goes down, people panics
2. The Fed lowers rates and print money
3. Markets boom and people are happy
4. Printed money cause too much inflation
5. The Fed hikes rates
 6. Repeat until hyperinflation",btc,en,,,1958915891778744457,,BTC_for_Freedom,649.0,118.0,36.0,4.0
2025-08-22 15:41:27,,twitter,https://x.com/BritishHodl/status/1958917442870124569,"Bitcoin is a $5m asset currently selling for $117,000.

The problem is, they don't understand it.

If I had a house, worth $5m, and I sold it for $117,000 - I could sell it 100 times over and they'd be lining up around the corner and they'd find the money.

This is you if you",btc,en,,,1958917442870124569,,BritishHodl,1022.0,94.0,34.0,2.0
2025-08-22 15:43:24,,twitter,https://x.com/DrJackKruse/status/1958917932097896934,I always go to the sun to stabilize my mood before big events. I’m getting ready for one of the biggest events in my life tonight. Regulatory T cells are usually thought of as immune system champs. But they really are mood stabilizers because they contain a lot of copies of POMC. https://t.co/L93FKZnN0P,btc,en,,,1958917932097896934,,DrJackKruse,628.0,93.0,35.0,3.0
2025-08-22 15:46:05,,twitter,https://x.com/missteencrypto/status/1958918607036891438,My gains are in the gym and my Bitcoin wallet 🚀 https://t.co/AOwEKNRdmD,btc,en,,,1958918607036891438,,missteencrypto,567.0,22.0,84.0,1.0
2025-08-22 15:46:52,,twitter,https://x.com/misterrcrypto/status/1958918802072101311,"$BTC BREAKS ABOVE $117,000! https://t.co/UGop2E8EW5",btc,en,,,1958918802072101311,,misterrcrypto,339.0,33.0,39.0,0.0
2025-08-22 15:47:40,,twitter,https://x.com/crypto_goos/status/1958919006381052024,"BITCOIN RECLAIMS $117,000. https://t.co/I0YPyMY88H",btc,en,,,1958919006381052024,,crypto_goos,329.0,41.0,37.0,0.0
2025-08-22 15:48:00,,twitter,https://x.com/CryptooELITES/status/1958919089646117013,"1 Bitcoin : 190.000 $ Loading..

$Btc https://t.co/qpBgiLfm4j",btc,en,,,1958919089646117013,,CryptooELITES,385.0,127.0,27.0,0.0
2025-08-22 15:48:37,,twitter,https://x.com/BTCTN/status/1958919243577114951,"NEW: 💸 #Bitcoin surges back to $117,000 driving the crypto market cap to $3.95T. https://t.co/qmKm6B76XU",btc,en,,,1958919243577114951,,BTCTN,188.0,57.0,43.0,2.0
2025-08-22 15:49:48,,twitter,https://x.com/TheBitcoinConf/status/1958919543730184527,#BITCOIN IS RIPPING 🚀 https://t.co/9UiDkgkPTq,btc,en,,,1958919543730184527,,TheBitcoinConf,462.0,92.0,38.0,1.0
2025-08-22 15:50:26,,twitter,https://x.com/astronomer_zero/status/1958919701914165569,"$BTC

2 hours later, swing trade hit first target. ✅ Thanks for playing

Alright, here you go. We waited for weeks and the power of patience shows off loud and clear here.

The Astro Community knows how long the wait has been before we went long. But we also look at our PnL and https://t.co/NzytiFxQT5",btc,en,,,1958919701914165569,,astronomer_zero,425.0,33.0,49.0,1.0
2025-08-22 15:50:33,,twitter,https://x.com/coingecko/status/1958919731379057004,"Over 6000 $BTC was added to public company treasuries this week.

Here's who bought and how much 👇 https://t.co/9T9dnGUHuE",btc,en,,,1958919731379057004,,coingecko,72.0,16.0,21.0,0.0
2025-08-22 15:50:55,,twitter,https://x.com/Ashcryptoreal/status/1958919823473168780,"BITCOIN PUMPED $5,500 IN 2 HRS 🚀 https://t.co/7xTkLYaF1D",btc,en,,,1958919823473168780,,Ashcryptoreal,3536.0,540.0,394.0,9.0
2025-08-22 16:00:21,,twitter,https://x.com/CoinMarketCap/status/1958922198959497343,"🚨 Big week in crypto!

We joined @binance studios to unpack BTC rotation into ETH → altseason? 👀 Plus a Chainlink breakout and BNB momentum on the move!

🎥 Full video: https://t.co/eRjpN3kQZS

Let’s unpack this week’s market shifts 🧵

1/7 https://t.co/hwi0vkitEs",btc,en,,,1958922198959497343,,CoinMarketCap,213.0,90.0,58.0,2.0
2025-08-22 16:00:57,,twitter,https://x.com/BTC_for_Freedom/status/1958922346342822195,"They printed so much money during Covid that returning to 2% inflation is impossible. Now, they must print more to pay debt and will therefore remove this target permanently. https://t.co/a0vtCcmFjB",btc,en,,,1958922346342822195,,BTC_for_Freedom,1623.0,247.0,54.0,13.0
2025-08-22 16:03:21,,twitter,https://x.com/SamAltcoin_eth/status/1958922953749668353,"“This is like 1971 when the dollar left gold.”

Tom Lee: “very high probability” $ETH flips $BTC.

Ethereum is becoming Wall Street’s new tech stack.

📈 $BMNR $SBET $GLXY https://t.co/ZC3jDByiWb",btc,en,,,1958922953749668353,,SamAltcoin_eth,2653.0,446.0,154.0,76.0
2025-08-22 16:04:21,,twitter,https://x.com/BitcoinConfEUR/status/1958923205550215388,"$150,000 BY #BITCOIN AMSTERDAM? 👀🚀 https://t.co/dx0dTWQ4R2",btc,en,,,1958923205550215388,,BitcoinConfEUR,415.0,111.0,24.0,1.0
2025-08-22 16:09:17,,twitter,https://x.com/Tradermayne/status/1958924444782797061,"$BTC

Swept the range low and bounced https://t.co/gdmonM2tqx",btc,en,,,1958924444782797061,,Tradermayne,226.0,7.0,31.0,0.0
2025-08-22 16:09:26,,twitter,https://x.com/mikealfred/status/1958924482644779525,Ethereum’s price action today screaming that all of crypto is about to go vertical. Bitcoin’s next major breakout is nearly upon us.,btc,en,,,1958924482644779525,,mikealfred,824.0,50.0,29.0,4.0
2025-08-22 16:12:38,,twitter,https://x.com/Doodlegenics/status/1958925288852922788,"I’m 100% on crypto

50% BTC 

40% ATL’S

0.0% MEMES 

10% USDC 

20% SOL 

10% ETH 

10% SUI",btc,en,,,1958925288852922788,,Doodlegenics,156.0,19.0,86.0,1.0
2025-08-22 16:20:37,,twitter,https://x.com/BritishHodl/status/1958927296498147400,"3 Rules of Bitcoin song, created by @americanhodl8 ❤️

It slaps🔥in  the faces of bears: https://t.co/CqxWi0Qe1u",btc,en,,,1958927296498147400,,BritishHodl,617.0,74.0,47.0,10.0
2025-08-22 16:20:52,,twitter,https://x.com/0xSweep/status/1958927361581490567,"$ETH to $5,000

$SOL to $250

$BTC to $125,000",btc,en,,,1958927361581490567,,0xSweep,333.0,87.0,197.0,3.0
2025-08-22 16:33:56,,twitter,https://x.com/LukeMikic21/status/1958930649609605135,"🚨 BREAKING: Bitwise just completed the FIRST EVER in-kind Bitcoin ETF redemption... 😱🔥

Wall Street is now settling in Bitcoin 🤯
IT’S HAPPENING!!! 🔥🚀 https://t.co/KLtyCAmDUR",btc,en,,,1958930649609605135,,LukeMikic21,479.0,120.0,9.0,1.0
2025-08-22 16:35:09,,twitter,https://x.com/bramk/status/1958930955831583143,WELCOME TO BITCOIN https://t.co/KdZqtvDpkH,btc,en,,,1958930955831583143,,bramk,1278.0,72.0,87.0,9.0
2025-08-22 16:47:23,,twitter,https://x.com/SenseiBR_btc/status/1958934033938981197,"🚨 $BTC DOMINANCE IS DUMPING HARD

#ALTSEASON IS HERE https://t.co/65jYiPofKJ",btc,en,,,1958934033938981197,,SenseiBR_btc,940.0,190.0,111.0,4.0
2025-08-22 16:48:44,,twitter,https://x.com/BitcoinNews21M/status/1958934374642327597,"Tom Lee still believes #Bitcoin is on track to hit $250,000 by the end of the year 🚀 https://t.co/pfL7E1X6te",btc,en,,,1958934374642327597,,BitcoinNews21M,1045.0,204.0,40.0,2.0
2025-08-22 16:50:07,,twitter,https://x.com/SimplyBitcoinTV/status/1958934720785326409,"🇺🇸 JEROME POWELL: “Bitcoin ... it's just like gold, only it's virtual, it’s digital.” https://t.co/GVQhFOhPWP",btc,en,,,1958934720785326409,,SimplyBitcoinTV,1028.0,201.0,57.0,10.0
2025-08-22 17:00:00,,twitter,https://x.com/SilverBulletBTC/status/1958937208607711359,"The $LINK weekly chart looks very strong

Send it to $100 until the end of the year! https://t.co/l3A27A8jEV",btc,en,,,1958937208607711359,,SilverBulletBTC,351.0,36.0,20.0,4.0
2025-08-22 17:03:42,,twitter,https://x.com/TheDustyBC/status/1958938138543259814,"💥BREAKING

🇺🇸 POWELL CONFIRMS THE FED IS SHIFTING AWAY FROM ITS RIGID 2 PERCENT INFLATION TARGET.

IN OTHER WORDS HIGHER INFLATION IS HERE TO STAY.

LOAD UP ON BITCOIN WHILE YOU STILL CAN. THE CLOCK IS TICKING. ⏳🔥 https://t.co/uu8cMsCKXV",btc,en,,,1958938138543259814,,TheDustyBC,420.0,26.0,30.0,0.0
2025-08-22 17:15:46,,twitter,https://x.com/bitfunded/status/1958941177081995539,"💙 Weekend GIVEAWAY for the Bitfunded fam 💙

🎁 100$ in $btc to one lucky winner 🎉

To participate:

1️⃣ Retweet this post ✅
2️⃣ Follow @bitfunded 

Good luck! Winner announced in 48hr 🍀 https://t.co/VJbFbdU7sr",btc,en,,,1958941177081995539,,bitfunded,1900.0,2220.0,1125.0,11.0
2025-08-22 17:17:59,,twitter,https://x.com/TheBTCTherapist/status/1958941732432707720,"So the FED is lowering interest rates in September, they don’t care about 2% inflation anymore and Bitcoin is only at $116,000. 

I am so overwhelmingly bullish.",btc,en,,,1958941732432707720,,TheBTCTherapist,800.0,64.0,61.0,1.0
2025-08-22 17:18:00,,twitter,https://x.com/rovercrc/status/1958941738455777371,"Once this man cuts rates. 

Bitcoin will pump to $150,000. 

$ETH will rip to $6,000. 

Altcoins to 100x. 

Any questions ? https://t.co/gAjBklWSH7",btc,en,,,1958941738455777371,,rovercrc,3338.0,514.0,388.0,16.0
2025-08-22 17:18:12,,twitter,https://x.com/EmperorBTC/status/1958941788359860500,"Bitcoin Price Update

1. We initially bounced at $112k which was our previous range high and Key S/R Zone

2. We then went on to move from range extreme to range extreme and took out our range high with a SFP creating a new ATH in the process

3. The SFP of the high brought https://t.co/u6rzNSBcIE",btc,en,,,1958941788359860500,,EmperorBTC,514.0,51.0,25.0,0.0
2025-08-22 17:20:43,,twitter,https://x.com/dotkrueger/status/1958942422274302422,"The big picture is that Bitcoin is going to 1MM.
Nothing else matters.

Not MSTR mNav, not rate cuts, not your favorite TA indicator.

It's just the Power Law and Money Printing.",btc,en,,,1958942422274302422,,dotkrueger,1527.0,155.0,98.0,3.0
2025-08-22 17:25:03,,twitter,https://x.com/CryptoCloaks/status/1958943511312834969,"It time for a 3D Printer Giveaway.

Our journey with Bitcoin has been completely intertwined with 3D Printing our entire 8 years we've been building. It's time to give away self sovereignty in a whole different way.

To enter: Like, Retweet and tell us why you'd love a 3D https://t.co/gIQzdtq8v4",btc,en,,,1958943511312834969,,CryptoCloaks,751.0,510.0,475.0,24.0
2025-08-22 17:25:47,,twitter,https://x.com/MaxCryptoxx/status/1958943699335094578,"Once Powell starts cutting rates 

Bitcoin will pump to $170,000

ETH will pump to $7,000 

Alts will explode 50x-100x https://t.co/LfSmN4WPln",btc,en,,,1958943699335094578,,MaxCryptoxx,977.0,122.0,148.0,4.0
2025-08-22 17:28:34,,twitter,https://x.com/DocumentingBTC/status/1958944396700778739,"Bitcoin is front page news on day of banking speeches at the annual Jackson Hole, Wyoming economic forum https://t.co/rcUh2Ta4L6",btc,en,,,1958944396700778739,,DocumentingBTC,323.0,95.0,27.0,1.0
2025-08-22 17:30:36,,twitter,https://x.com/BTCTN/status/1958944908246429843,"NEW: #Ethereum reclaims $4,800 per $ETH 💥 https://t.co/Lby5q1Dxyz",btc,en,,,1958944908246429843,,BTCTN,291.0,102.0,29.0,4.0
2025-08-22 17:37:09,,twitter,https://x.com/SoSoValue/status/1958946557929431319,"🚀 MAG7.ssi is riding the rebound strong — surging +6.55% in 24h , with +138.95% yearly ROI, outperforming BTC by 23% 

Following Powell’s hint at rate cuts as soon as Sept, markets are back in risk-on mode. 

MAG7 ensures you never miss the bounce. 📈✨

#MAG7 #CryptoIndex https://t.co/3QGU3Mhyl6",btc,en,,,1958946557929431319,,SoSoValue,599.0,116.0,36.0,27.0
2025-08-22 17:39:29,,twitter,https://x.com/BitcoinMagazine/status/1958947144666325229,"#Bitcoin has reached 2% of all global money.

It’s happening 💥 https://t.co/3W16YBST0B",btc,en,,,1958947144666325229,,BitcoinMagazine,6312.0,1460.0,232.0,57.0
2025-08-22 17:43:21,,twitter,https://x.com/CryptosR_Us/status/1958948119846031364,"🚨 JUST IN: 🇵🇭 Philippines Proposes 10,000 Bitcoin Buy (Over 5 years) for Strategic Reserve https://t.co/glaSQxAut6",btc,en,,,1958948119846031364,,CryptosR_Us,1201.0,217.0,55.0,6.0
2025-08-22 17:44:12,,twitter,https://x.com/SimplyBitcoinTV/status/1958948331415379986,Correct. https://t.co/gbtqbbFRmY,btc,en,,,1958948331415379986,,SimplyBitcoinTV,1187.0,114.0,57.0,6.0
2025-08-22 17:44:34,,twitter,https://x.com/brentradess/status/1958948425866887542,$BTC and $ETH BOUNCE BACK..What’s next?  With @brentradess and @FGTen4 https://t.co/0Hp96uKpvc,btc,en,,,1958948425866887542,,brentradess,124.0,57.0,114.0,6.0
2025-08-22 17:52:20,,twitter,https://x.com/naiivememe/status/1958950379150090393,"financial advisor :  put only 3% networth in Bitcoin

Me:  ok  

also him looking at my portfolio : https://t.co/Y8ETjZtvhU",btc,en,,,1958950379150090393,,naiivememe,2481.0,175.0,58.0,5.0
2025-08-22 17:55:28,,twitter,https://x.com/SimplyBitcoinTV/status/1958951169381797960,"NEW: 🇵🇭 Philippines House introduces a bill to establish a strategic Bitcoin reserve. 🙌

Directing the central bank to buy 2,000 BTC annually for 5 years (totaling 10,000 BTC) to be held for 20 years to enhance national security and debt stability. https://t.co/RSa8bI8dqP",btc,en,,,1958951169381797960,,SimplyBitcoinTV,674.0,164.0,35.0,18.0
2025-08-22 17:55:31,,twitter,https://x.com/DocumentingBTC/status/1958951180719333805,"MARA’s North Texas Bitcoin Mine and Wind Farm
https://t.co/8c4Hfvie4Z",btc,en,,,1958951180719333805,,DocumentingBTC,211.0,55.0,29.0,2.0
2025-08-22 17:58:06,,twitter,https://x.com/MEonBTC/status/1958951829980803440,"Spark on Magic Eden is the talk of the town right now, but we know you have questions.

We’ve got your answers.

Get up to speed on Spark before its live on Magic Eden: 👇 https://t.co/BYSfS0LakU",btc,en,,,1958951829980803440,,MEonBTC,319.0,71.0,66.0,17.0
2025-08-22 18:00:21,,twitter,https://x.com/AirdropDet/status/1958952394315780398,"🔍 BYEX #Airdrop 

🏆 Airdrop Pool: $3,000 worth of BYB

🔴  Start the airdrop bot: https://t.co/pZQdfvN8Ur

🔘 Do the tasks on the bot &amp; submit your data.

🔘 Details: https://t.co/9llnjon4dD

#Airdrops #Bitcoin #BYEX #BYB #AirdropDetective https://t.co/yxy8q38yOn",btc,en,,,1958952394315780398,,AirdropDet,2639.0,2491.0,642.0,175.0
2025-08-22 18:02:33,,twitter,https://x.com/cryptojack/status/1958952949515682276,"🚨 BREAKING: Crypto surges after Powell’s dovish hint!

🚀 $ETH +12% → $4,800
💥 $BTC +3.5% → $116K
🔥 $XRP +6.1%, $SOL +8.4%, $DOGE +9.4%

Markets are climbing — are we entering a new crypto rally? 📈",btc,en,,,1958952949515682276,,cryptojack,76.0,25.0,68.0,3.0
2025-08-22 18:02:34,,twitter,https://x.com/BTCjunkies/status/1958952953655476688,"JUST IN: 🇺🇸 President Trump says Federal Reserve Chair Jerome Powell should have cut rates ""a year ago."" https://t.co/WQ9VngAIi7",btc,en,,,1958952953655476688,,BTCjunkies,586.0,109.0,39.0,0.0
2025-08-22 18:04:12,,twitter,https://x.com/AlemzadehC/status/1958953364902862926,"Some of my favorite candles are the ones that traders call “bearish” 

Higher #BTC https://t.co/wxKTMccCn5",btc,en,,,1958953364902862926,,AlemzadehC,385.0,42.0,26.0,3.0
2025-08-22 18:06:40,,twitter,https://x.com/CryptoCon_/status/1958953986528354464,"In hindsight, this Bitcoin cycle will probably be just as simple as any other.

It's the unprecedented amount of waiting, uncertainty surrounding Altcoins, and the typical greed of ""what if Bitcoin never goes through a bear market again"" that creates the challenge.

Another https://t.co/4XrMDETaon",btc,en,,,1958953986528354464,,CryptoCon_,530.0,80.0,19.0,1.0
2025-08-22 18:16:29,,twitter,https://x.com/BTC_Archive/status/1958956454888497472,"JUST IN: 🇭🇰 Hong Kong's Top Win International officially becomes AsiaStrategy, now accepting Bitcoin for luxury watches.

Saylor started a global trend. 🚀 https://t.co/aLd2WJsiIO",btc,en,,,1958956454888497472,,BTC_Archive,993.0,158.0,86.0,5.0
2025-08-22 18:22:12,,twitter,https://x.com/TheBTCTherapist/status/1958957893279252894,"I really shouldn’t be saying this but my buddy works at the FED, his name is JP. He just called and told me to buy Bitcoin because the market is about to pump so fucking hard for the next 4 months and we’re all going to be rich. Deleting this post later, thought you should know.",btc,en,,,1958957893279252894,,TheBTCTherapist,426.0,50.0,48.0,0.0
2025-08-22 18:31:00,,twitter,https://x.com/BitcoinNewsCom/status/1958960109423354317,Bitcoin Lambo spotted in 🇲🇾 Malaysia. https://t.co/VFBtDSVMkZ,btc,en,,,1958960109423354317,,BitcoinNewsCom,375.0,59.0,32.0,3.0
2025-08-22 18:34:26,,twitter,https://x.com/BitcoinMagazine/status/1958960973072695322,"JUST IN: #Bitcoin reclaims $117,000 🚀 https://t.co/SPu2qUGItT",btc,en,,,1958960973072695322,,BitcoinMagazine,3025.0,515.0,177.0,9.0
2025-08-22 18:36:22,,twitter,https://x.com/Learnernoearner/status/1958961460794859933,"$BTC Midterm update:

Everything was already priced in a month ago but the real drop hasn’t even happened yet.

We have been ranging as i mentioned before between 126k and 111k which were the exact prices we topped and bottomed at before the range being built.

I will still be https://t.co/EtmJ0jqTVx",btc,en,,,1958961460794859933,,Learnernoearner,427.0,106.0,126.0,7.0
2025-08-22 18:46:36,,twitter,https://x.com/BTC_Archive/status/1958964036399177917,"Bitcoin bounced +$5k off support at $112,000

All Time High next? 👀 https://t.co/NKmw8OsdIK",btc,en,,,1958964036399177917,,BTC_Archive,1064.0,163.0,120.0,11.0
2025-08-22 18:47:22,,twitter,https://x.com/AltcoinDaily/status/1958964227022176589,"🔥 Tom Lee: ""I think there is a VERY high probability that #ethereum will flip bitcoin."" https://t.co/c8WhM8pZ3P",btc,en,,,1958964227022176589,,AltcoinDaily,1807.0,228.0,300.0,69.0
2025-08-22 18:53:35,,twitter,https://x.com/SimplyBitcoinTV/status/1958965794538209457,"JUST IN: $117,000 BITCOIN 🚀

LETS GO!!! https://t.co/kX3WPSd8Vu",btc,en,,,1958965794538209457,,SimplyBitcoinTV,449.0,102.0,41.0,2.0
2025-08-22 18:55:10,,twitter,https://x.com/bitcoinbaytpa/status/1958966189444800850,First Bitcoin Course is being taught at University of Tampa this semester! https://t.co/RrKtA6xhfN,btc,en,,,1958966189444800850,,bitcoinbaytpa,3929.0,452.0,197.0,53.0
2025-08-22 19:12:16,,twitter,https://x.com/SenseiBR_btc/status/1958970495770206461,#ALTCOINS for the next 6 months https://t.co/PxUGgI6GAt,btc,en,,,1958970495770206461,,SenseiBR_btc,607.0,94.0,69.0,4.0
2025-08-22 19:12:35,,twitter,https://x.com/CryptoGucci/status/1958970575717564872,🚨 Tom Lee just said there's a HIGH PROBABILITY #Ethereum will flip Bitcoin 🐬 https://t.co/0SIK4ljsYN,btc,en,,,1958970575717564872,,CryptoGucci,386.0,46.0,25.0,6.0
2025-08-22 19:14:29,,twitter,https://x.com/AminuCryptoLabs/status/1958971050588246071,"They laughed at Bitcoin at $1.
They ignored Ethereum under $10.
Now they doubt $TAO at $365.

But history rewards the ones who believe early. $TAO is fusing AI + blockchain into a self-sustaining decentralized economy, and this time your voice is the power source.

Turn your https://t.co/kgngeVEGtV",btc,en,,,1958971050588246071,,AminuCryptoLabs,760.0,403.0,312.0,38.0
2025-08-22 19:27:40,,twitter,https://x.com/mikealfred/status/1958974369868480910,"My condolences to all the emotional people who flipped bearish at the bottom on Bitcoin, Ethereum, IREN, Cipher, Microstrategy, etc

Markets always teach the hardest lessons. Take your lumps, learn, and keep going. This is far from over.",btc,en,,,1958974369868480910,,mikealfred,903.0,40.0,54.0,2.0
2025-08-22 19:27:52,,twitter,https://x.com/blinkbtc/status/1958974421881999750,Bitcoin is on the rise in Kenya 🇰🇪 https://t.co/mzMeE1jwTh,btc,en,,,1958974421881999750,,blinkbtc,386.0,100.0,29.0,23.0
2025-08-22 19:34:27,,twitter,https://x.com/Mandrik/status/1958976077381919205,"My take on Bitcoin:

I'll relay your retarded transactions if you agree to relay my retarded transactions.",btc,en,,,1958976077381919205,,Mandrik,195.0,19.0,26.0,3.0
2025-08-22 19:39:33,,twitter,https://x.com/TXMCtrades/status/1958977358687609278,"I am the only person I know IRL who owns any BTC or knows much about it. To my friends, I am weirdly over allocated and unreasonably bullish about a thing they still see as intangible internet bucks. I log onto this website and I sound like the bearish one.",btc,en,,,1958977358687609278,,TXMCtrades,1251.0,33.0,90.0,4.0
2025-08-22 19:43:44,,twitter,https://x.com/BTC_Archive/status/1958978415333113918,"Weekly Bitcoin Recap 🔥

🇺🇸 Fed Chair Powell turns dovish
🇵🇭 Philippines proposes 10,000 BTC strategic reserve 🚀
🇧🇷 Brazil holds first Bitcoin reserve hearing ($19B) 👀
🇭🇰 Ming Shing to buy $500M in BTC
🇸🇬 Volkswagen SG accepts BTC &amp; crypto 🔥
⚡️ SoFi taps Bitcoin Lightning for https://t.co/SNEgaz7xgn",btc,en,,,1958978415333113918,,BTC_Archive,1853.0,457.0,146.0,23.0
2025-08-22 19:45:38,,twitter,https://x.com/kyle_chasse/status/1958978890975650176,"🚨 @HenrikZeberg, the macro analyst who called the 2008 crash, just flipped MEGA bullish.

He sees a euphoric melt up before the next crash:

- BTC $170K
- ETH $20K
- Crypto $12T+

He’s long alts, even the worst ones.

👉 Full convo in the video. https://t.co/2JYt3bYonK",btc,en,,,1958978890975650176,,kyle_chasse,688.0,104.0,41.0,11.0
2025-08-22 19:50:32,,twitter,https://x.com/laurashin/status/1958980126604935567,"🚨 POWELL PIVOTS 🚨

At Jackson Hole, he signaled the Fed is ready to cut rates as soon as September.

The market reaction? Stocks up. Bitcoin up.

But Ethereum and DeFi absolutely exploded. Here’s why 👇 https://t.co/RB9RLyfvVv",btc,en,,,1958980126604935567,,laurashin,76.0,8.0,40.0,3.0
2025-08-22 19:55:30,,twitter,https://x.com/BTCTN/status/1958981373391405328,"We're Hiring a Breaking News Researcher &amp; Curator for X, APAC &amp; EMEA 🌐

🔸First mover on breaking #Bitcoin news
🔸Prioritise APAC and EU markets
🔸Deep understanding of crypto

Interested? 👉 Apply here: https://t.co/C2GELhyVbj https://t.co/YqgbpdXjyC",btc,en,,,1958981373391405328,,BTCTN,26.0,11.0,13.0,1.0
2025-08-22 20:00:02,,twitter,https://x.com/citrea_xyz/status/1958982516293214336,Citrea is built for Bitcoin.,btc,en,,,1958982516293214336,,citrea_xyz,396.0,36.0,132.0,37.0
2025-08-22 20:00:07,,twitter,https://x.com/PortaltoBitcoin/status/1958982536744640854,"Satoshi give me a sign.

Satoshi: https://t.co/f8JVORjAXB",btc,en,,,1958982536744640854,,PortaltoBitcoin,737.0,86.0,252.0,43.0
2025-08-22 20:10:14,,twitter,https://x.com/Bitcoinprof0637/status/1958985084482330696,"#Solana Finally reached $200 !

As promised,
I want to change someone's life and send 100 $SOL (~$20,000) to one person by tomorrow.

Just like, retweet and comment 'done'.
Random winner in 15 hrs https://t.co/8UJGBNKYqW",btc,en,,,1958985084482330696,,Bitcoinprof0637,1016.0,551.0,529.0,16.0
2025-08-22 20:12:06,,twitter,https://x.com/crypto_pump00/status/1958985552033652953,"Every wallet Gets 0.02 $BTC

Just drop your $BTC  address, RT ♻️ &amp; Like ❤️ 🔔 

First 777 https://t.co/Ks3iuPRYHZ",btc,en,,,1958985552033652953,,crypto_pump00,160.0,102.0,124.0,5.0
2025-08-22 20:14:01,,twitter,https://x.com/CryptoXAiMan/status/1958986035918000168,"🚨BREAKING: Fed Chair JEROME POWELL just CONFIRMED a HUGE Bull Run is coming for XRP &amp; Crypto!📈🔥🚀

Rate cuts incoming… and the XRP ETF could be NEXT!

This changes EVERYTHING for $XRP holders…👀

#XRP #Ripple #Crypto #Bitcoin #Altcoins #BullRun https://t.co/9izwKhhOPZ",btc,en,,,1958986035918000168,,CryptoXAiMan,268.0,72.0,36.0,1.0
2025-08-22 20:14:29,,twitter,https://x.com/Strategy/status/1958986153668874710,$MSTR has outperformed all the Mag 7 stocks since adopting bitcoin. Track the performance here: https://t.co/nfjR4q9s7Y. https://t.co/ukRoQvyYjw,btc,en,,,1958986153668874710,,Strategy,1202.0,164.0,75.0,7.0
2025-08-22 20:17:14,,twitter,https://x.com/Bitcoinblacck/status/1958986842268999996,"Sending $TRUMP to everyone 

Just follow 🔔

Like &amp; RT 

Leave your $SOL address https://t.co/1ENAIXCUKT",btc,en,,,1958986842268999996,,Bitcoinblacck,266.0,190.0,214.0,3.0
2025-08-22 20:19:53,,twitter,https://x.com/BitcoinNews21M/status/1958987510673285440,Are you ready for $250K #Bitcoin https://t.co/aVM3k7zaui,btc,en,,,1958987510673285440,,BitcoinNews21M,993.0,185.0,52.0,3.0
2025-08-22 20:24:36,,twitter,https://x.com/BitcoinMagazine/status/1958988699166970217,"Bitcoin is at $117,000 and the Fed hasn't even cut rates yet 👀 https://t.co/rhsnaCc3eo",btc,en,,,1958988699166970217,,BitcoinMagazine,4893.0,640.0,222.0,21.0
2025-08-22 20:54:38,,twitter,https://x.com/Giovann35084111/status/1958996255381889314,"We may not have a proper bull run this cycle but the fact that BTC bounces back in very healthy way every time we have some major correction is a very good sign.

I would not mind if we coast along the power law for an indefinite time.

Anyway that was the total result in the https://t.co/GiRFKHwkhh",btc,en,,,1958996255381889314,,Giovann35084111,353.0,33.0,37.0,1.0
2025-08-22 20:55:52,,twitter,https://x.com/greg16676935420/status/1958996567551287426,🚨BREAKING: Bitcoin price skyrockets after the CEO announces they will not be changing the logo https://t.co/rszNAPJvlh,btc,en,,,1958996567551287426,,greg16676935420,2007.0,64.0,169.0,8.0
2025-08-22 21:11:28,,twitter,https://x.com/ViktorBunin/status/1959000491087601706,"Holy shit happy ETH ATH day 🎉

Next target: ETH/BTC ATH day 🚀",btc,en,,,1959000491087601706,,ViktorBunin,376.0,19.0,29.0,4.0
2025-08-22 21:11:48,,twitter,https://x.com/WalkerAmerica/status/1959000577842839589,"“We have Bitcoin. It's successful. The nation state can't stop us. If you motherfuckers could actually think for yourselves instead of listening to these fucking pieces of shit on MSNBC who fucking hate you and want to make sure that you stay in the box, you could actually free https://t.co/dK9KVQQLDe",btc,en,,,1959000577842839589,,WalkerAmerica,270.0,34.0,29.0,1.0
2025-08-22 21:12:19,,twitter,https://x.com/lynk0x/status/1959000704720277664,"Bitcoin at $116,940.

Ethereum at $4,863.

Solana at $200.

Everything is pumping. Alt season has officially started. 🚀 https://t.co/Xda36qfcJ0",btc,en,,,1959000704720277664,,lynk0x,237.0,34.0,63.0,2.0
2025-08-22 21:29:35,,twitter,https://x.com/KevinSvenson_/status/1959005052624121983,"THIS IS IT!!! 🚨 
#BITCOIN + #ETHEREUM + $ALTS 
= EVERYTHING SEASON 🏁

https://t.co/eKLNodRPBc",btc,en,,,1959005052624121983,,KevinSvenson_,269.0,34.0,28.0,0.0
2025-08-22 21:30:10,,twitter,https://x.com/BitcoinNews21M/status/1959005199978340587,"""Soon every billionaire will buy a billion dollars of #Bitcoin and the supply shock will be so great that we will stop measuring BTC in terms of fiat.""

-Michael Saylor https://t.co/H9fAvtaSEe",btc,en,,,1959005199978340587,,BitcoinNews21M,1032.0,265.0,50.0,7.0
2025-08-22 21:38:54,,twitter,https://x.com/bitcoooooooin/status/1959007396262813998,"下がったら買う。
上がったら、少し買う。
下がったら買う。
上がったら、少し買う。
下がったら買う。
上がったら、少し買う。
#ビットコイン https://t.co/a8k6dqWj6c",btc,ja,,,1959007396262813998,,bitcoooooooin,18.0,0.0,0.0,0.0
2025-08-22 21:40:45,,twitter,https://x.com/davthewave/status/1959007861268513042,#btc 180k end of year anyone? https://t.co/mBHIMVzOYq,btc,en,,,1959007861268513042,,davthewave,729.0,75.0,42.0,3.0
2025-08-22 21:50:02,,twitter,https://x.com/Tradermayne/status/1959010198972243974,"Pretty much exactly how things are playing out. 

$BTC is effectively range bound, and when it bounces $ETH and Alts run.

Recording YT now and will cover this.",btc,en,,,1959010198972243974,,Tradermayne,278.0,7.0,50.0,0.0
2025-08-22 21:51:00,,twitter,https://x.com/greybtc/status/1959010440878457283,This memecoin is going to 1B. Do you know it? https://t.co/LxhRFhUFsF,btc,en,,,1959010440878457283,,greybtc,324.0,35.0,208.0,9.0
2025-08-22 21:51:40,,twitter,https://x.com/trading_axe/status/1959010607757168651,"Update: 

We never got to 110K on BTC.

Much less any lower with people calling for 90K - 100K.

All you had to do was have some balls and buy alts in that time span.

Rest in piss to all the dead bears.

~ Dr. Axius.",btc,en,,,1959010607757168651,,trading_axe,1308.0,60.0,71.0,6.0
2025-08-22 21:55:24,,twitter,https://x.com/NoLieWithBTC/status/1959011549827518935,Trump just announced that grants for Hispanic-serving colleges are “unconstitutional” and they will no longer defend them in court. https://t.co/V7dx0RlN3I,btc,en,,,1959011549827518935,,NoLieWithBTC,3702.0,1095.0,214.0,94.0
2025-08-22 21:56:57,,twitter,https://x.com/Tradermayne/status/1959011938798903724,"For added context, will cover in YT. 

Altseason is a period where Alts on the whole (hehe) outperform Bitcoin. 

It doesn't mean Bitcoin can't trade higher though. 

Ideally we are somewhere around the red line. 

Party is still raging, you are about to get laid, but make sure https://t.co/RpG3GDe9aR",btc,en,,,1959011938798903724,,Tradermayne,522.0,23.0,63.0,2.0
2025-08-22 22:04:28,,twitter,https://x.com/BikesandBitcoin/status/1959013830467756210,"the craziest thing about having kids is that it radically increases the number of times you say the phrase, ""this is the greatest moment of my life.""

welcome babygirl https://t.co/RYcwfJCvyn",btc,en,,,1959013830467756210,,BikesandBitcoin,527.0,10.0,68.0,1.0
2025-08-22 22:08:33,,twitter,https://x.com/Jamyies/status/1959014858822942737,"Buying the dip 2 days ago on $BTC and $eth was against what everyone was saying and difficult

Buy when others are fearful, sell when they’re greedy https://t.co/IJsEv9Bfyf",btc,en,,,1959014858822942737,,Jamyies,117.0,29.0,52.0,2.0
2025-08-22 22:09:01,,twitter,https://x.com/level941/status/1959014975294312581,"If bought at 15k. Held for 3 years. Now feel nothing. Everyone is happy around you and you’re sitting looking at your screen without emotion. 

That is lethal now. You’re about to exploit everyone at the final table. 

A bitcoin cycle is just a long WSOP tourney",btc,en,,,1959014975294312581,,level941,730.0,28.0,24.0,1.0
2025-08-22 22:18:32,,twitter,https://x.com/level941/status/1959017371617702316,"I would like to announce that euphoria mania has officially begun, date, Friday 822

8+2+2 =12 
1+2=3 

Bitcoin is a 369 vortex clock. 

Think what you want but I’m right. 
The pyramids were power plants that mined digital currency. 

Nothing new has happened under the Sun.",btc,en,,,1959017371617702316,,level941,888.0,40.0,59.0,3.0
2025-08-22 22:34:04,,twitter,https://x.com/pierre_crypt0/status/1959021279719330019,If you’re not celebrating btc and eth ath… what the fuck are you holding lmao,btc,en,,,1959021279719330019,,pierre_crypt0,493.0,18.0,65.0,3.0
2025-08-22 22:42:54,,twitter,https://x.com/maxkeiser/status/1959023504080449558,"Did they buy their rinky dink INTEL stock in a ‘budget neutral’ way? 

What a complete waste of money.

Not buying Bitcoin TODAY is just plain irresponsible.",btc,en,,,1959023504080449558,,maxkeiser,1003.0,98.0,76.0,2.0
2025-08-22 23:00:44,,twitter,https://x.com/Cointelegraph/status/1959027989779251667,"🚨 LATEST: Spot Bitcoin ETF assets hit a record $134.6B in Q2, with institutions disclosing $33.6B in holdings through 13F filings. https://t.co/mbFAXuJ1sd",btc,en,,,1959027989779251667,,Cointelegraph,280.0,57.0,73.0,8.0
2025-08-22 23:05:48,,twitter,https://x.com/BitcoinNews21M/status/1959029266479554626,"Jack Mallers says, ""Humble yourself, you’re not the main character, you’re not going to advance #Bitcoin anymore than the greater good, so just be apart of it."" https://t.co/mN4anGT110",btc,en,,,1959029266479554626,,BitcoinNews21M,609.0,77.0,17.0,5.0
2025-08-22 23:22:51,,twitter,https://x.com/Cernovich/status/1959033556166221895,"If you say buy bitcoin and it goes up, no one thanks you and sends you a nice gift.

If it goes down, it's your fault.

This is why I stay out of this stuff now.",btc,en,,,1959033556166221895,,Cernovich,370.0,15.0,26.0,0.0
2025-08-22 23:25:19,,twitter,https://x.com/TheBTCTherapist/status/1959034174926397912,"Bitcoin has passed all inspections. 

Preparing for take off.

Next up $150,000.",btc,en,,,1959034174926397912,,TheBTCTherapist,1074.0,99.0,82.0,1.0
2025-08-22 23:49:21,,twitter,https://x.com/Plazma0x/status/1959040226698866764,"Every time the same thing happens and people still doubt it.

First $BTC outperforms.
Then $ETH outperforms.
Then $PEPE outperforms.

You have 90 days to retire your bloodline.",btc,en,,,1959040226698866764,,Plazma0x,413.0,53.0,25.0,0.0
2025-08-22 23:58:51,,twitter,https://x.com/dotkrueger/status/1959042614889750729,"Bitcoin 200K is coming.
We're going to need a bigger boat. https://t.co/wuw95uwnmF",btc,en,,,1959042614889750729,,dotkrueger,754.0,65.0,42.0,1.0
2025-08-23 00:12:34,,twitter,https://x.com/gainzy222/status/1959046068710391880,"bitcoiners are usually just low iq people who lost their asses on alts and capitulated on trading and moved to buying and holding btc

I still heavily outperformed buying and holding btc at 10k *after* losing 7 figures during this bull cycle

Don’t become a bitcoiner",btc,en,,,1959046068710391880,,gainzy222,471.0,19.0,111.0,5.0
2025-08-23 00:18:20,,twitter,https://x.com/naiivememe/status/1959047517108342937,My leaving my 9-5 job when Bitcoin breaks 125k https://t.co/6GjIX60MPo,btc,en,,,1959047517108342937,,naiivememe,691.0,78.0,56.0,6.0
2025-08-23 00:20:09,,twitter,https://x.com/BitcoinNewsCom/status/1959047974253740142,"Ever wonder what it's like to mine Bitcoin by hand?

Wonder no more. https://t.co/Nssggbd9Iw",btc,en,,,1959047974253740142,,BitcoinNewsCom,175.0,42.0,18.0,1.0
2025-08-23 00:21:10,,twitter,https://x.com/AlexFinnX/status/1959048233126437336,"Stocks at all time highs
Housing at all time highs
Gold at all time highs
Bitcoin at all time highs
Fed about to cut rates

Middle class about to be cooked. Every dollar you have that’s not invested will be worth 0

Don’t be in the 38% of Americans that don’t own a single stock",btc,en,,,1959048233126437336,,AlexFinnX,196.0,12.0,39.0,4.0
2025-08-23 00:22:28,,twitter,https://x.com/BTCTN/status/1959048557752705526,"NEW: 🇺🇸 Sen. Lummis breaks down the CLARITY Act, and the path to being passed.

Lummis:🎙️""The Clarity act is the ultimate base bill."" https://t.co/temurzS2l8",btc,en,,,1959048557752705526,,BTCTN,112.0,32.0,29.0,4.0
2025-08-23 00:27:18,,twitter,https://x.com/Vivek4real_/status/1959049774402806073,"GROK SAYS #BITCOIN IS GOING TO $175,000 THIS YEAR AFTER TRUMP’S EXECUTIVE ORDER 

IT’S COMING!!! 🚀 https://t.co/bk5Y4RgAow",btc,en,,,1959049774402806073,,Vivek4real_,784.0,160.0,61.0,5.0
2025-08-23 00:29:54,,twitter,https://x.com/parkeralewis/status/1959050427934048657,"Same day: nationalization of technology company + the Fed chair caving to political pressure, signaling to lower interest rates when food inflation is running rampant, house prices are way higher than the great financial crisis, S&amp;P all-time high. This is why you own bitcoin.",btc,en,,,1959050427934048657,,parkeralewis,516.0,50.0,27.0,5.0
2025-08-23 00:29:59,,twitter,https://x.com/Jamyies/status/1959050450906263948,"#BITCOIN &amp; $ETH MASSIVE PUMP ON #POWELL TALK, TRADES FROM 2 DAYS AGO UP HUGE $btc https://t.co/cljizryN0W",btc,en,,,1959050450906263948,,Jamyies,113.0,44.0,53.0,0.0
2025-08-23 00:32:47,,twitter,https://x.com/TheBTCTherapist/status/1959051154945441804,"Study and understand this and you’ll become wealthier than you could ever imagine. 

                         Your money
$USD =       ———————
                                 ♾ 

                          Your money
#BTC =       ———————
                          21,000,000",btc,en,,,1959051154945441804,,TheBTCTherapist,553.0,98.0,53.0,7.0
2025-08-23 00:34:57,,twitter,https://x.com/dotkrueger/status/1959051701971034453,"Ethereum is Bitcoin’s most credible competitor, which is like being the world’s tallest dwarf.",btc,en,,,1959051701971034453,,dotkrueger,704.0,40.0,104.0,11.0
2025-08-23 00:38:43,,twitter,https://x.com/maxkeiser/status/1959052646989324642,Bitcoin Calling.  https://t.co/M1hxGcUigK,btc,en,,,1959052646989324642,,maxkeiser,173.0,17.0,13.0,0.0
2025-08-23 00:50:41,,twitter,https://x.com/jameslavish/status/1959055658688626827,"Good evening. 

The year is 2035. Federal debt has doubled once again to $75 trillion. The Fed has printed to oblivion. Bitcoin has soared to over $2 million, and you wish you had done the work to understand it long ago.  

Have a great night.",btc,en,,,1959055658688626827,,jameslavish,1943.0,204.0,109.0,10.0
2025-08-23 00:59:45,,twitter,https://x.com/CJ_Johnson17th/status/1959057942206140623,"Peep the date 

July 2017 Bitcoin was $2,700

I enrolled in my first Bitcoin course 

Everything else ended up being a distraction, stocks, real estate “crypto” 

8 years from now most people will realize the same thing about 2025

Only at $116k now, we’ll be over 1.5Ms by then https://t.co/1LHd1WKADB",btc,en,,,1959057942206140623,,CJ_Johnson17th,388.0,19.0,15.0,0.0
2025-08-23 01:00:03,,twitter,https://x.com/GOATRollup/status/1959058016118120575,"#GOATtalk EPISODE 9
#GOATNetwork proves every Layer 2 transaction on #Bitcoin mainnet in real time.
If disputes arise, Bitcoin miners validate them, and the bridge structure guarantees no one outside ever holds user assets. https://t.co/566LV8V6b6",btc,en,,,1959058016118120575,,GOATRollup,7202.0,6866.0,6806.0,82.0
2025-08-23 01:25:46,,twitter,https://x.com/maxkeiser/status/1959064488516198426,"TRUMP: 

Let’s put $10 billion into crap, tech wreck $INTC I got the money! 

Secure our future &amp; buy Bitcoin? 

No, I don’t understand Bitcoin. 

𝙄𝙩’𝙨 𝙙𝙞𝙨𝙩𝙪𝙧𝙗𝙞𝙣𝙜 𝙏𝙍𝙐𝙈𝙋 𝙝𝙖𝙨𝙣’𝙩 𝙥𝙪𝙩 𝙩𝙝𝙚 𝙬𝙤𝙧𝙠 𝙞𝙣𝙩𝙤 𝙪𝙣𝙙𝙚𝙧𝙨𝙩𝙖𝙣𝙙𝙞𝙣𝙜 𝘽𝙞𝙩𝙘𝙤𝙞𝙣.",btc,en,,,1959064488516198426,,maxkeiser,647.0,59.0,83.0,2.0
2025-08-23 01:32:00,,twitter,https://x.com/ali_charts/status/1959066057164849253,"Bitcoin $BTC is in a trend shift! It needs $118,000 breakout to turn bullish again. https://t.co/8Jg2Nu3fUh",btc,en,,,1959066057164849253,,ali_charts,224.0,18.0,23.0,1.0
2025-08-23 01:41:30,,twitter,https://x.com/parkeralewis/status/1959068447750406215,"Contentious changes to bitcoin core, including non consensus changes, are a ddos on anyone building applications. When people 100% confident they are smarter than you act desperately to try to get you to run new code &amp; when they present very weak technical arguments, think twice!",btc,en,,,1959068447750406215,,parkeralewis,292.0,39.0,15.0,4.0
2025-08-23 02:15:40,,twitter,https://x.com/moneyacademyKE/status/1959077046853738785,"Over $250 billion has been added to the crypto market cap in the past 24 hours. 

Bitcoin is up 3% to $116,000.",btc,en,,,1959077046853738785,,moneyacademyKE,363.0,62.0,10.0,1.0
2025-08-23 02:17:44,,twitter,https://x.com/StealthQE4/status/1959077568050553105,Starting to think Ethereum might be a better crypto investment than Bitcoin with more upside.,btc,en,,,1959077568050553105,,StealthQE4,319.0,8.0,93.0,5.0
2025-08-23 02:17:45,,twitter,https://x.com/ALPHACOETH/status/1959077571540176993,"in 2025 we've had

BTC ATH
ETH ATH
BNB ATH
SOL ATH

the real question is what's next?",btc,en,,,1959077571540176993,,ALPHACOETH,431.0,13.0,182.0,1.0
2025-08-23 02:33:13,,twitter,https://x.com/SuperBitcoinBro/status/1959081463565205853,"$BTC quarterly

pressure building into the midline

keep an open mind to wildly bullish outcomes https://t.co/UXa9Mo9EeI",btc,en,,,1959081463565205853,,SuperBitcoinBro,639.0,113.0,37.0,1.0
2025-08-23 02:35:49,,twitter,https://x.com/Kellykellam/status/1959082115829501991,"How my crypto portfolio feels right now.  

This $dog is chill.   
Bitcoin set for (&amp; in the midst of) a run for human history.

Don’t compare Bitcoin, the only finite asset we have ever known, to the infinite assets people still weigh it against. 

Stack Bitcoin. Sit pretty. https://t.co/SqkU3quOmd",btc,en,,,1959082115829501991,,Kellykellam,197.0,68.0,16.0,0.0
2025-08-23 02:47:11,,twitter,https://x.com/cryptosybitcoin/status/1959084977431216547,"📊 La historia de #Bitcoin ha demostrado un ciclo propio
donde la adopción, la seguridad y la confianza se retroalimentan.

consolidando su lugar en las finanzas globales. 🔄 https://t.co/WyTf6sw2zw",btc,es,,,1959084977431216547,,cryptosybitcoin,18.0,1.0,0.0,0.0
2025-08-23 02:58:00,,twitter,https://x.com/KoreanCryptoKOR/status/1959087698343600512,"$WKC has returned to its key support area, and the chart is showing signs of resilience.
 
Consolidation like this often signals that momentum is quietly building beneath the surface. Every sideways move, every pause, is simply energy being stored for the next breakout.

It’s https://t.co/ceDBBrWyEt",btc,en,,,1959087698343600512,,KoreanCryptoKOR,465.0,153.0,132.0,12.0
2025-08-23 03:14:11,,twitter,https://x.com/MatthewHyland_/status/1959091772065263645,#BTC confirmed daily bullish divergence and reclaim of 10 SMA on daily close: https://t.co/4IwsIXynvE,btc,en,,,1959091772065263645,,MatthewHyland_,478.0,58.0,20.0,2.0
2025-08-23 03:24:09,,twitter,https://x.com/luke_broyles/status/1959094281529966949,"The US should’ve bought 78,200 Bitcoin today instead of 10% of Intel.

Could’ve had 0.37% of the network in a single buy…

They are fumbling the ball, unless they are buying in secret. https://t.co/ndej9fUdgw",btc,en,,,1959094281529966949,,luke_broyles,408.0,27.0,65.0,4.0
2025-08-23 03:40:13,,twitter,https://x.com/SimplyBitcoinTV/status/1959098325858177089,DO WHATEVER YOU CAN TO GET TO 0.1 BITCOIN,btc,en,,,1959098325858177089,,SimplyBitcoinTV,697.0,86.0,58.0,7.0
2025-08-23 03:41:38,,twitter,https://x.com/BigCheds/status/1959098680062976156,$BTC 4H now further consolidation. Higher low hunt with 114.5k as logical throwback target https://t.co/Gb4VBk8OcF,btc,en,,,1959098680062976156,,BigCheds,257.0,22.0,14.0,1.0
2025-08-23 03:52:18,,twitter,https://x.com/rovercrc/status/1959101363465437670,"💥BREAKING:

BLACKROCK SELLS $198,800,000 WORTH OF BITCOIN. https://t.co/BF9X4juf3c",btc,en,,,1959101363465437670,,rovercrc,2035.0,292.0,302.0,43.0
2025-08-23 03:58:45,,twitter,https://x.com/AdamBLiv/status/1959102988502355990,"Simulation update complete:

• Starter homes: $500k
• Median wages: $58k
• College degrees: $180k debt
• Ribeye: $32.99/lb
• Orange Juice: $10
• Retirement age: 83

Buy Bitcoin and opt out of this hellscape.",btc,en,,,1959102988502355990,,AdamBLiv,840.0,114.0,42.0,7.0
2025-08-23 04:27:05,,twitter,https://x.com/CryptooIndia/status/1959110118991437836,"GM &amp; Happy Weekend ☕️

Ethereum hit new ATH of $4,885

Bitcoin trading above $115,000 https://t.co/bFCS4j1xH7",btc,en,,,1959110118991437836,,CryptooIndia,179.0,22.0,31.0,0.0
2025-08-23 04:30:05,,twitter,https://x.com/BitcoinFear/status/1959110874200772850,"Bitcoin Fear and Greed Index is 60 - Greed
Current price: $115,655 https://t.co/oy8azEsfZ3",btc,en,,,1959110874200772850,,BitcoinFear,272.0,41.0,10.0,3.0
2025-08-23 04:30:14,,twitter,https://x.com/cryptojack/status/1959110911643341021,"$ETH / $BTC is undervalued.

Another markup phase is starting.

Allocate accordingly. https://t.co/9ghTPTkwNx",btc,en,,,1959110911643341021,,cryptojack,109.0,31.0,56.0,4.0
2025-08-23 04:36:12,,twitter,https://x.com/BitcoinThanos/status/1959112413233422568,The endgame is #Bitcoin. https://t.co/gHyEBaNtPX,btc,en,,,1959112413233422568,,BitcoinThanos,669.0,123.0,18.0,5.0
2025-08-23 05:00:01,,twitter,https://x.com/Jamyies/status/1959118406101475406,"🚨 BREAKING NEWS 🚨
🏙️ Dubai renters can now pay for apartments in $BTC.
Licensed platforms handle AED conversion, making crypto a real part of daily life in the UAE.
#Bitcoin #Dubai https://t.co/x2NwzXttR7",btc,en,,,1959118406101475406,,Jamyies,144.0,33.0,28.0,2.0
2025-08-23 05:06:17,,twitter,https://x.com/BoldBitcoin/status/1959119983595659562,"12 years ago, a legend predicted the approval of a #Bitcoin ETF when the price was only $20 🤯 https://t.co/j93oCv1pyi",btc,en,,,1959119983595659562,,BoldBitcoin,85.0,20.0,10.0,0.0
2025-08-23 05:26:47,,twitter,https://x.com/GlobalCryptoFed/status/1959125142866452783,"When there were no believers, there was a mascot. 

One true mascot spreading its Bitcoin charm and inspiring financial freedom. 

Bitty is Bitcoin. Bitcoin is Bitty. 

There is only one. The true OG. 

dTzEP9JU2NRDPuWtM32gaVKip2fTHBqjheU1APBpump

@BittyOG https://t.co/aqSCGGFutg",btc,en,,,1959125142866452783,,GlobalCryptoFed,740.0,24.0,27.0,3.0
2025-08-23 05:33:34,,twitter,https://x.com/hightvmeta/status/1959126848597893543,"DO YOU BELIEVE IN YOURSELF⁉️

$SOL IS RIPPING 🫡

$ETH 5K🚨

$BTC 200k incoming‼️

SET REMINDER👇
https://t.co/dRJqUzYuAR",btc,en,,,1959126848597893543,,hightvmeta,118.0,30.0,78.0,2.0
2025-08-23 05:39:43,,twitter,https://x.com/BTCPrice/status/1959128396719694153,"🟢 Bitcoin Price: $116,000 https://t.co/RT7jpK0TTO",btc,en,,,1959128396719694153,,BTCPrice,86.0,7.0,3.0,0.0
2025-08-23 05:58:39,,twitter,https://x.com/decodejar/status/1959133164422787572,"I've reached the point where I only really care about Bitcoin and Bittensor.

I'm still bullish on many other assets and developments in crypto, and a good chart is still a good trade, but when I think about investing in fundamentals, hard assets, and long term value, I find it",btc,en,,,1959133164422787572,,decodejar,295.0,37.0,30.0,7.0
2025-08-23 06:00:45,,twitter,https://x.com/Cointelegraph/status/1959133692237959579,"🇩🇪 FLASHBACK: Just over a year ago, Germany sold 54,000 $BTC at $57,900.

That's $6.2B today. https://t.co/HKgo17MZEX",btc,en,,,1959133692237959579,,Cointelegraph,5634.0,684.0,447.0,88.0
2025-08-23 06:05:31,,twitter,https://x.com/crypto_king34/status/1959134890680611131,"Every wallet Gets 0.02 $BTC

Just drop your $BTC  address, RT ♻️ &amp; Like ❤️ 🔔 

First 1000 https://t.co/lvxaiW3c1l",btc,en,,,1959134890680611131,,crypto_king34,763.0,499.0,484.0,7.0
2025-08-23 06:08:08,,twitter,https://x.com/Bitcoinblacck/status/1959135548691345778,"Drop your $BTC address 👇

I will send you $6,000 in 24h❤
(Yes For Real )

RT and Follow🔥

📌 Retweet my pinned post https://t.co/z2dbqJhiVV",btc,en,,,1959135548691345778,,Bitcoinblacck,187.0,209.0,166.0,2.0
2025-08-23 06:09:19,,twitter,https://x.com/Cryptoemperor06/status/1959135848768622820,"I'M OFFICIALLY A $BTC BILLIONAIRE! 🙏

As I promised, I want to change someone’s life—giving away 1 #Bitcoin (~$115,000) to one lucky winner by tomorrow!

Like, RT, follow @cryptoemperor06  and comment 'DONE' to enter.

Winner announced in 48h! 🚀 https://t.co/I3AC3ZkLX3",btc,en,,,1959135848768622820,,Cryptoemperor06,240.0,221.0,202.0,2.0
2025-08-23 06:10:00,,twitter,https://x.com/saylordocs/status/1959136018260697302,"Are you ready for $500K 🚀 
#Bitcoin https://t.co/BvrzFgIaJf",btc,en,,,1959136018260697302,,saylordocs,1661.0,292.0,119.0,7.0
2025-08-23 06:16:22,,twitter,https://x.com/crypto_pump00/status/1959137621503770872,"for lucky 4 people 
$15,000 #Bitcoin         

Like

Follow

RT https://t.co/67Hqz5kcPo",btc,en,,,1959137621503770872,,crypto_pump00,352.0,235.0,195.0,6.0
2025-08-23 06:18:52,,twitter,https://x.com/CryptooAdy/status/1959138249240117252,"I don’t own a car, so don’t need to worry about Ethanol Mix. 

Depreciating asset - Be Smart, Buy Bitcoin",btc,en,,,1959138249240117252,,CryptooAdy,253.0,17.0,44.0,1.0
2025-08-23 06:36:06,,twitter,https://x.com/MartiniGuyYT/status/1959142587127693588,"BREAKING 🚨 BLACKROCK SOLD $198,800,000 WORTH OF BITCOIN YESTERDAY https://t.co/vyjXeefAUY",btc,en,,,1959142587127693588,,MartiniGuyYT,281.0,59.0,104.0,5.0
2025-08-23 06:37:07,,twitter,https://x.com/CryptoKaleo/status/1959142841147695512,"$ETH / $BTC

Remember when people thought this would never happen? https://t.co/uvD5YkzW1w",btc,en,,,1959142841147695512,,CryptoKaleo,448.0,35.0,66.0,1.0
2025-08-23 06:45:27,,twitter,https://x.com/Vivek4real_/status/1959144940337828285,"SOMEONE JUST BOUGHT $216,000,000 WORTH OF #BITCOIN THIS MONTH

HERE WE GO!!! https://t.co/fSCSVl3Xni",btc,en,,,1959144940337828285,,Vivek4real_,1047.0,231.0,123.0,3.0
2025-08-23 06:48:16,,twitter,https://x.com/thescalpingpro/status/1959145650718712251,#Bitcoin - What if 🤔 https://t.co/KT1XVRhhDD,btc,en,,,1959145650718712251,,thescalpingpro,1168.0,188.0,105.0,12.0
2025-08-23 06:51:27,,twitter,https://x.com/CryptoKaleo/status/1959146451151593596,"$DOGE / $BTC

Still believe it's only a matter of time before Dogecoin prints a god candle.

Long overdue for an explosive move.

The king of memes isn't dead. https://t.co/diKgfX1sZp",btc,en,,,1959146451151593596,,CryptoKaleo,959.0,156.0,104.0,4.0
2025-08-23 07:01:13,,twitter,https://x.com/EvanLuthra/status/1959148906140639719,"#BTC IS GOING $500,000

$ETH IS GOING $8,000

#BNB IS GOING $3,000

$SOL IS GOING TO $1,000

#TRX IS GOING TO $1

LIKE THIS TWEET IF YOU AGREE!",btc,en,,,1959148906140639719,,EvanLuthra,373.0,26.0,58.0,1.0
2025-08-23 07:10:00,,twitter,https://x.com/MaxCryptoxx/status/1959151117880975508,"🚨 BREAKING 🚨

A BITCOIN WHALE WHO SOLD BTC TO GO LONG ON $ETH IS NOW UP $61,000,000.

IF ADDING HIS SPOT POSITIONS, HE'S SITTING ON $100 MILLION IN UNREALIZED PROFIT. https://t.co/QGt0cnoKli",btc,en,,,1959151117880975508,,MaxCryptoxx,384.0,69.0,60.0,1.0
2025-08-23 07:11:00,,twitter,https://x.com/CryptoTony__/status/1959151369123758274,"$BTC / $USD - Update 

Reclaim then trendline and major resistance zone at $119,000 i will claim the drop done. I have closed my scalp short i took, but remain in my original $93,500 long shared awhile back for those who took it https://t.co/At6NodSG5I",btc,en,,,1959151369123758274,,CryptoTony__,136.0,44.0,51.0,2.0
2025-08-23 07:13:20,,twitter,https://x.com/EmperorBTC/status/1959151956267868461,"5 Golden Steps you can't avoid when becoming a new Trader. 

This is what I tell all my trading interns without fail.

1. Make the exchange your obedient Pet. Get a solid understanding of all the Trading tools. Understand every order type, understand the exchange. Understand how https://t.co/yEWY2Dzn4k",btc,en,,,1959151956267868461,,EmperorBTC,725.0,107.0,40.0,5.0
2025-08-23 07:18:00,,twitter,https://x.com/rovercrc/status/1959153130890834264,"Powell is dovish. 

Rate cuts are coming. 

Bitcoin will pump to $150,000.   

$ETH will rip to $6,000.   

Altcoins to 100x. https://t.co/ETb6YwwsYR",btc,en,,,1959153130890834264,,rovercrc,2579.0,425.0,284.0,15.0
2025-08-23 07:28:40,,twitter,https://x.com/cas_abbe/status/1959155816319082880,"China's central bank keeps on injecting liquidity.

This week, China has injected ¥2 trillion ($289B) in liquidity through reverse repo operations.

This is why M2 is going up again, which means BTC and alts really aren't done yet. https://t.co/yB0uXqOQUq",btc,en,,,1959155816319082880,,cas_abbe,292.0,135.0,213.0,15.0
2025-08-23 07:33:50,,twitter,https://x.com/DaanCrypto/status/1959157117270860161,"$BTC Weekend time.

We've seen a great bounce on Friday after Powell's remarks. The market had been slowly grinding lower, took out the liquidity below and saw a sharp rally on Friday.

Now consolidating here during the weekend. Not expecting much from BTC and won't be actively https://t.co/1CQFtaaYzE",btc,en,,,1959157117270860161,,DaanCrypto,338.0,56.0,31.0,3.0
2025-08-23 07:43:32,,twitter,https://x.com/dotkrueger/status/1959159555356860793,"2017: ICOs and utility tokens. Result: 99% went to zero.
2020: DeFi and yield farming. Result: Massive hacks, rug
pulls, and user funds evaporating.
2021: NFTs and the metaverse. Result: JPEG speculation
that crashed 95%.
2025: Tom Lee says ETH will flip BTC ""with high",btc,en,,,1959159555356860793,,dotkrueger,334.0,43.0,71.0,6.0
2025-08-23 07:49:15,,twitter,https://x.com/dotkrueger/status/1959160993709531333,"FROM OUR NEW BOOK: ""BITCOIN 1MM THE FINAL CHAPTER OF FIAT""

Bitcoin isn’t competing with other cryptocurrencies—it’s competing with gold, with dollars, with the entire concept of centrally controlled money. And it’s winning.

The other chains can build their wrapped Bitcoin",btc,en,,,1959160993709531333,,dotkrueger,216.0,28.0,27.0,2.0
2025-08-23 07:56:47,,twitter,https://x.com/Xeer/status/1959162892852359592,"if you sold in May and went away:

- BTC was $94,000, now $116,000
- ETH was $1,800, now $4,700
- SOL was $135, now $250

don’t be tied down to historic trends and cycles. think for yourself and never borrow conviction.",btc,en,,,1959162892852359592,,Xeer,258.0,9.0,121.0,1.0
2025-08-23 08:00:02,,twitter,https://x.com/MerlijnTrader/status/1959163709496205531,"THE BITCOIN PARABOLIC CURVE IS IN ITS FINAL ACT.

Base 4 is complete.
Vertical lift-off is loading.

Every cycle ends the same way: euphoria → peak → collapse.
The only difference? Liquidity and scale are bigger than ever.

One reminder: legends bank profits, tourists take https://t.co/0ee5ahojrL",btc,en,,,1959163709496205531,,MerlijnTrader,705.0,104.0,52.0,3.0
2025-08-23 08:04:50,,twitter,https://x.com/BitcoinNews21M/status/1959164917736497398,“I now own 0.1 #BTC.” https://t.co/eJcjnwTrCH,btc,en,,,1959164917736497398,,BitcoinNews21M,756.0,66.0,36.0,1.0
2025-08-23 08:06:11,,twitter,https://x.com/Investments_CEO/status/1959165259140235426,"$1.00 $DOGE
$8,000 $ETH
$175,000 $BTC
$8.00 $XRP
$800 $SOL

Interact to manifest. 🤝",btc,en,,,1959165259140235426,,Investments_CEO,497.0,64.0,49.0,1.0
2025-08-23 08:08:48,,twitter,https://x.com/cryptogems555/status/1959165916861566987,"Are you ready for $500K?? 🚀

#Bitcoin $BTC https://t.co/95YeVHxcxE",btc,en,,,1959165916861566987,,cryptogems555,422.0,128.0,108.0,1.0
2025-08-23 08:10:01,,twitter,https://x.com/DeFiTracer/status/1959166221183574146,"🚨 BREAKING:

BLACKROCK MASSIVELY ACCUMULATING $BTC
THEY BOUGHT $462 MILLION TODAY.

FOMO IS HERE! 🚀 https://t.co/b5K9XfhyUX",btc,en,,,1959166221183574146,,DeFiTracer,644.0,178.0,97.0,3.0
2025-08-23 08:13:19,,twitter,https://x.com/DoubleyouW3/status/1959167052373270684,"🎉 Meme Contest Alert! 🎉

We bonded so let’s celebrate with some fresh $BITTY memes 

We’re hosting a meme contest and picking 4 winners 🏆 Each will get $50 straight to their wallet! 💸

How to enter:

Create your funniest / most creative $BITTY the Bitcoin Mascot meme. Post it https://t.co/hNIK3498Xa",btc,en,,,1959167052373270684,,DoubleyouW3,142.0,75.0,77.0,2.0
2025-08-23 08:20:40,,twitter,https://x.com/NihilusBTC/status/1959168902363021550,"Giving $1000 to 10 people 

Follow me
RT &amp; Like my recent
Open notifications 

(100x10)",btc,en,,,1959168902363021550,,NihilusBTC,1510.0,1290.0,1007.0,9.0
2025-08-23 08:21:10,,twitter,https://x.com/LennaertSnyder/status/1959169027776885013,"Tom Lee: ""Ethereum market cap has a high probability of surpassing Bitcoin.""

That puts $ETH at $19,000 today.

Higher. 🚀 https://t.co/rRvYPk1G2W",btc,en,,,1959169027776885013,,LennaertSnyder,487.0,56.0,57.0,2.0
2025-08-23 08:30:54,,twitter,https://x.com/Saylor_Archive/status/1959171475534991704,"🇺🇸 Eric Trump says ""#Bitcoin is going to hit $1,000,000."" 🚀 https://t.co/tTdpWOevf6",btc,en,,,1959171475534991704,,Saylor_Archive,402.0,64.0,17.0,1.0
2025-08-23 08:45:00,,twitter,https://x.com/saylordocs/status/1959175025266929702,"#Bitcoin is a tool. Not the goal. The goal is freedom. 

Remember that. https://t.co/wTLNJ3bG4T",btc,en,,,1959175025266929702,,saylordocs,292.0,62.0,21.0,4.0
2025-08-23 08:57:06,,twitter,https://x.com/build_on_bob/status/1959178071329898840,"What if earning yield didn't mean giving up your Bitcoin?

With BOB's BitVM bridge, native BTC will enter the gateway to Bitcoin DeFi. https://t.co/VkTz17Kjzh",btc,en,,,1959178071329898840,,build_on_bob,353.0,66.0,162.0,76.0
2025-08-23 08:57:22,,twitter,https://x.com/DeFiTracer/status/1959178137817743804,"Once this man cuts rates.

Bitcoin will hit $200,000.

$ETH will pump to $15,000.

Altcoins will go parabolic after.

MONSTER Bull Run is coming! https://t.co/1qeb1dyrbp",btc,en,,,1959178137817743804,,DeFiTracer,643.0,118.0,112.0,2.0
2025-08-23 08:58:07,,twitter,https://x.com/Vivek4real_/status/1959178327731609633,"🇺🇸 SENATOR LUMMIS SAYS, “#BITCOIN IS GOING TO INCREASE DRAMATICALLY”

IT’S COMING!!! 🚀 https://t.co/8ywfVGz5nS",btc,en,,,1959178327731609633,,Vivek4real_,1555.0,308.0,116.0,11.0
2025-08-23 08:58:20,,twitter,https://x.com/naiivememe/status/1959178383092600950,how Bitcoin fixed my life https://t.co/1QWKmhFTr1,btc,en,,,1959178383092600950,,naiivememe,295.0,8.0,35.0,0.0
2025-08-23 08:58:34,,twitter,https://x.com/WhaleInsider/status/1959178441858678991,JUST IN: Ark 21Shares buys 584.2 $BTC worth $67.5 million. https://t.co/VXlhAUtrFE,btc,en,,,1959178441858678991,,WhaleInsider,1085.0,219.0,153.0,12.0
2025-08-23 08:59:02,,twitter,https://x.com/AsakyGRN/status/1959178557038497981,"They offered Peller bitcoin, he said he wants it in real life, not on phone. 🤦‍♂️ https://t.co/cQXihOUowH",btc,en,,,1959178557038497981,,AsakyGRN,3008.0,160.0,77.0,5.0
2025-08-23 09:00:03,,twitter,https://x.com/_TokenHunter/status/1959178811301359961,"🔥 TOP LAYER 1 (L1) COINS BY MARKET CAP 🔥

💪 $BTC — $2.30T — @bitcoin (7D: -1.7%)
💎 $ETH — $570B — @ethereum (7D: +6.8%)
🤑 $BNB — $123B — @BNBCHAIN (7D: +6.7%)
⚡ $SOL — $111B — @solana (7D: +10.6%)
💼 $TRX — $34.2B — @trondao (7D: +2.0%)
🧩 $ADA — $34.0B — @Cardano (7D: https://t.co/tf06Mndl1R",btc,en,,,1959178811301359961,,_TokenHunter,128.0,59.0,43.0,0.0
2025-08-23 09:00:03,,twitter,https://x.com/MerlijnTrader/status/1959178811867574644,"THE PARABOLIC BITCOIN PHASE NEVER LIES.

2017 ✅ 2021 ✅
2025 is unfolding the same way.

Every past bull run had this exact setup.
Right before portfolios 10x’d.

The parabolic phase is here. Don’t get left behind.

Miss it now, and you’ll spend years wishing you hadn’t. https://t.co/YC6XQuFDMU",btc,en,,,1959178811867574644,,MerlijnTrader,918.0,121.0,62.0,4.0
2025-08-23 09:00:54,,twitter,https://x.com/dammiedammie35/status/1959179028876640759,"Peller see who pass am, e wan crase😭. Werey say make dem give am bitcoin for hand😂 https://t.co/PbZEuw5ydh",btc,en,,,1959179028876640759,,dammiedammie35,1062.0,71.0,68.0,2.0
2025-08-23 09:08:42,,twitter,https://x.com/GoingParabolic/status/1959180987985785142,"Bitcoin taught me to delay gratification.  

Bitcoin also taught me about buyers remorse.  Once you price things in bitcoin you unfortunately live with this. 

Every bitcoin’r has his $10k dollar pizza.",btc,en,,,1959180987985785142,,GoingParabolic,170.0,15.0,33.0,2.0
2025-08-23 09:21:03,,twitter,https://x.com/coinbureau/status/1959184096535405039,"📉$1.17B Bitcoin ETF outflow this week — 2nd LARGEST ever.

BlackRock’s $IBIT led the selling with nothing but outflows ALL week — dumping  $615M $BTC.💸

Yet $BTC is still holding strong around $115K.💪 https://t.co/Rp9QEOdOIW",btc,en,,,1959184096535405039,,coinbureau,220.0,53.0,71.0,6.0
2025-08-23 09:28:00,,twitter,https://x.com/CryptoMichNL/status/1959185846407418128,"A massive move upwards on #Bitcoin rejected at a crucial resistance.

I'd like to see it create a higher low around $114-114.5K and continue to move up from there.

That would signal that we're back in the range. https://t.co/tU5KJSTWe7",btc,en,,,1959185846407418128,,CryptoMichNL,409.0,70.0,55.0,1.0
2025-08-23 09:30:00,,twitter,https://x.com/greybtc/status/1959186351104123314,Which one has more aura and a stronger community between $TROLL &amp; $USELESS?👀 https://t.co/mLf4u4AKex,btc,en,,,1959186351104123314,,greybtc,295.0,100.0,97.0,5.0
2025-08-23 09:42:00,,twitter,https://x.com/rovercrc/status/1959189369769640114,"September is usually a weak month for Bitcoin, but the biggest gains often come in Q4! https://t.co/GEpeG3rGFc",btc,en,,,1959189369769640114,,rovercrc,549.0,90.0,160.0,4.0
2025-08-23 09:56:18,,twitter,https://x.com/BitPaine/status/1959192970353381791,"the last two years have been two short periods of intense volatility and intervening periods of slow consolidation.

during both periods of volatility, $MSTR has outperformed $BTC:

&gt;Feb-March 2024:
$BTC - 42k → 65k (1.5x) 
$MSTR - 50 → 130 (2.6x)
 
&gt;Sept-Nov 2024
$BTC -  $65k https://t.co/ug5m0VF2W5",btc,en,,,1959192970353381791,,BitPaine,444.0,48.0,30.0,2.0
2025-08-23 09:59:42,,twitter,https://x.com/cas_abbe/status/1959193825072562394,"Total2/BTC is looking too good now.

Breakout from 3-yr downtrend and has flipped resistance into support.

The next thing will be a 2021-style pump which will send alts to new highs.

Are you ready for it? https://t.co/YOe8txtZUf",btc,en,,,1959193825072562394,,cas_abbe,484.0,177.0,223.0,21.0
2025-08-23 10:00:05,,twitter,https://x.com/Bitcoin_Teej/status/1959193920769843437,"If I had to start all over again?

I’d:
– Get certified in AI or cybersecurity
– Build a digital portfolio
– Use Google Dreamer to apply
– Invest 15% of every check into Bitcoin and income funds
– Read 2 books a month
– Touch grass, lift heavy

Give me 24 months. I’d be straight.",btc,en,,,1959193920769843437,,Bitcoin_Teej,676.0,41.0,10.0,2.0
2025-08-23 10:03:39,,twitter,https://x.com/iihtishamm/status/1959194818610897270,🚨Bitcoin now represents 1.7% of the world’s total money supply. #Bitcoin https://t.co/2PeTZSSFt6,btc,en,,,1959194818610897270,,iihtishamm,935.0,48.0,14.0,1.0
2025-08-23 10:09:26,,twitter,https://x.com/Zynweb3/status/1959196272856056060,"ETH/BTC just had its most important breakout.

A downtrend which kept ETH/BTC lower for 7+ years has finally been broken.

You're not ready for what's coming 🚀 https://t.co/oDWNknsN88",btc,en,,,1959196272856056060,,Zynweb3,227.0,99.0,257.0,2.0
2025-08-23 10:12:07,,twitter,https://x.com/ASN9002/status/1959196950290657650,"🔶👉 You will never achieve any change if you say “It’s just me and Bitcoin”‼️‼️‼️

🔶👉 You will achieve real change if you say “It’s all of us and Bitcoin”‼️‼️‼️

🔶👉 “THE BITCOIN REVOLUTION”

#Bitcoin #BitcoinIsFreedom https://t.co/ENgp7jgix6",btc,en,,,1959196950290657650,,ASN9002,11.0,1.0,1.0,0.0
2025-08-23 10:15:35,,twitter,https://x.com/BitcoinNews21M/status/1959197821590254001,"Price of a home:
US dollars vs. #Bitcoin https://t.co/BPcQtHSwog",btc,en,,,1959197821590254001,,BitcoinNews21M,191.0,68.0,20.0,2.0
2025-08-23 10:26:33,,twitter,https://x.com/AO_btc_analyst/status/1959200582436008011,#BITCOIN IS READY FOR A HUGE BULL RUN. https://t.co/DGbOEQ1bOZ,btc,en,,,1959200582436008011,,AO_btc_analyst,870.0,278.0,73.0,2.0
2025-08-23 10:39:08,,twitter,https://x.com/seth_fin/status/1959203747533598771,"MM eye balling the $BTC short liquidation that are building up again.

120K is around the corner! https://t.co/yMRLyjRVbt",btc,en,,,1959203747533598771,,seth_fin,374.0,45.0,33.0,2.0
2025-08-23 10:52:56,,twitter,https://x.com/Crypto_Ed_NL/status/1959207220945531360,"#BTC  WE ARE STILL GOING FOR $140,000 

Checking this '24 fractal again and I still think it fits. 
As said before, it's about the structure (lower lows and strong bounce), not about the exact price levels.

It didn't reach the green box (by only 0.5%), BUT we did get that 4th https://t.co/3zTmljzilt",btc,en,,,1959207220945531360,,Crypto_Ed_NL,260.0,36.0,28.0,0.0
2025-08-23 10:53:21,,twitter,https://x.com/amonbuy/status/1959207324226085237,"‼️JPMORGAN CEO REVEALS $6 TRILLION IS NOW MOVING DIGITALLY VIA BLOCKCHAIN — AND TAKES AIM AT BITCOIN!

#XRP is leading the way, just weeks after the launch of the Institutional Tokenization Program on the XRPL, powered by BXE Token.

Next up, on September 12, the XRP Ledger will https://t.co/H6lgG5GglF",btc,en,,,1959207324226085237,,amonbuy,212.0,73.0,26.0,3.0
2025-08-23 10:58:09,,twitter,https://x.com/saylordocs/status/1959208536090816890,🇲🇽 Mexican billionaire Ricardo Salinas says: ‘Sell your house and buy Bitcoin.’ 🤯 https://t.co/qenc6ytNxK,btc,en,,,1959208536090816890,,saylordocs,383.0,75.0,29.0,5.0
2025-08-23 10:58:30,,twitter,https://x.com/JoeOrdinals/status/1959208623986593818,Fine Pepes and friends make Bitcoin fun again 🐸 https://t.co/9GMi8WPpel,btc,en,,,1959208623986593818,,JoeOrdinals,338.0,84.0,61.0,6.0
2025-08-23 11:02:30,,twitter,https://x.com/listingntm/status/1959209628350460242,"⚡️ 𝗡𝗲𝘄 𝗘𝘅𝗽𝗿𝗲𝘀𝘀 𝗟𝗶𝘀𝘁𝗶𝗻𝗴!

🔥 Entered Trending | @solcatpet

SOLCATV2 | #SCATV2

https://t.co/qUyyo7bfrj

📊 LIQ: $10.36K | MC: $22.64K

#SOL #Crypto #Bitcoin https://t.co/p7uOWqIHVb",btc,en,,,1959209628350460242,,listingntm,236.0,116.0,190.0,35.0
2025-08-23 11:09:02,,twitter,https://x.com/CryptosR_Us/status/1959211271812776288,⚡ TODAY: Ark 21Shares acquired 584.2 $BTC ($67.5M) and Fidelity bought 452.6 $BTC ($52.3M) showing continued institutional accumulation of Bitcoin. 💪 https://t.co/0BghJZCbHL,btc,en,,,1959211271812776288,,CryptosR_Us,84.0,13.0,17.0,1.0
2025-08-23 11:11:09,,twitter,https://x.com/Vivek4real_/status/1959211804124459043,"🇺🇸 BILLIONAIRE AND PANTERA CAPITAL CEO SAYS THE USA WILL SELL GOLD AND BUY $600 BILLION #BITCOIN SOON 

IT’S HAPPENING!!! https://t.co/4RnezOd6YC",btc,en,,,1959211804124459043,,Vivek4real_,1534.0,303.0,119.0,8.0
2025-08-23 11:12:23,,twitter,https://x.com/crypto_queen_x/status/1959212116411306347,🚨BREAKING ACCORDING TO JP MORGAN CEO $6 TRILLION BEING MOVED DIGITAL THROUGH BLOCKCHAIN!! HE FURTHER DISSES BITCOIN!! #XRP IS CLEARLY THE ONLY OPTION!! THIS COMES ABOUT A MONTH AFTER THE LAUNCH OF INSTITUTIONAL TOKENIZATION PROGRAM ON THE #XRP LEDGER WHICH WAS POWERED BY BXE https://t.co/bmbdyc8VP7,btc,en,,,1959212116411306347,,crypto_queen_x,338.0,117.0,33.0,5.0
2025-08-23 11:14:44,,twitter,https://x.com/TheBTCTherapist/status/1959212708525441279,"The greatest story ever told. 

https://t.co/Cyk0qkW1HF",btc,en,,,1959212708525441279,,TheBTCTherapist,775.0,235.0,41.0,17.0
2025-08-23 11:16:01,,twitter,https://x.com/BitcoinNews21M/status/1959213031495455067,#Bitcoin is going to $1 million sooner than you think. https://t.co/WnPbIrqNLz,btc,en,,,1959213031495455067,,BitcoinNews21M,738.0,172.0,50.0,4.0
2025-08-23 11:16:52,,twitter,https://x.com/TedPillows/status/1959213243630776774,Ethereum or Bitcoin?,btc,en,,,1959213243630776774,,TedPillows,1261.0,81.0,1079.0,39.0
2025-08-23 11:26:02,,twitter,https://x.com/Bitcoin_Teddy/status/1959215551647027261,"I'll stop buying bitcoin as soon as someone can provide a GOOD explanation for why 2% inflation?

Why not zero? https://t.co/SfmLrtcXsx",btc,en,,,1959215551647027261,,Bitcoin_Teddy,1490.0,218.0,280.0,53.0
2025-08-23 12:00:00,,twitter,https://x.com/saylordocs/status/1959224100544737617,#Bitcoin is the Hardest money ever created ⚡ https://t.co/aOMJo5tTOW,btc,en,,,1959224100544737617,,saylordocs,224.0,60.0,27.0,0.0
2025-08-23 12:00:00,,twitter,https://x.com/CryptoCurb/status/1959224099386851799,"BTC will go to $200k+

$SOL will go to $2,000+

SOL Alts/Memes will 20-50x+.

YOU ARE NOT BULLISH ENOUGH! https://t.co/86JJZ10VoW",btc,en,,,1959224099386851799,,CryptoCurb,186.0,11.0,40.0,1.0
2025-08-23 12:00:03,,twitter,https://x.com/BTCTN/status/1959224109696459027,"“How is it still 50% of your remittance in fees?""😱

In this full-length convo, @FrederickMunawa joins @YellowCard_App co-founder and CEO @chrismaurice to unpack:

💸 $200 transfers costing $100 in fees
🔗 Yellow Card’s stablecoins slash costs
🌍 Bridging banking gaps in Africa https://t.co/iq0IzLVvsb",btc,en,,,1959224109696459027,,BTCTN,42.0,31.0,22.0,5.0
2025-08-23 12:00:08,,twitter,https://x.com/pete_rizzo_/status/1959224133461385304,"NEW: SENATOR LUMMIS SAYS SHE WILL URGE US TREASURY SECRETARY BESSENT TO BUY 1 MILLION #BITCOIN FOR AMERICA

STRATEGIC BTC RESERVE. IT’S COMING 🔥 https://t.co/BOoYYfQ2AF",btc,en,,,1959224133461385304,,pete_rizzo_,843.0,174.0,81.0,4.0
2025-08-23 12:00:27,,twitter,https://x.com/Jamyies/status/1959224212532400425,"#BITCOIN &amp; $ETH, MACRO WE GO TO STOCK MARKETS $100T MCAP $btc https://t.co/BFQCwoMfD3",btc,en,,,1959224212532400425,,Jamyies,113.0,30.0,39.0,0.0
2025-08-23 12:06:50,,twitter,https://x.com/GoMining_token/status/1959225820737601940,"GM, GoMiners 🍳☕

Saturday vibes: coffee in one hand, daily BTC rewards in the other.

What’s your weekend mining ritual? 👀 https://t.co/GwGMqQndbV",btc,en,,,1959225820737601940,,GoMining_token,746.0,203.0,95.0,12.0
2025-08-23 12:11:55,,twitter,https://x.com/BitcoinMagazine/status/1959227099639660614,Explaining Bitcoin at $100 to an empty room. https://t.co/uKYIMj3AVZ,btc,en,,,1959227099639660614,,BitcoinMagazine,3980.0,655.0,211.0,79.0
2025-08-23 12:12:00,,twitter,https://x.com/rovercrc/status/1959227118602101064,The Final Bitcoin Wave... 👇 https://t.co/D6Cu1hQiJk,btc,en,,,1959227118602101064,,rovercrc,651.0,87.0,142.0,3.0
2025-08-23 12:14:00,,twitter,https://x.com/lynk0x/status/1959227621872672919,The power of Bitcoin https://t.co/sb0jF9s7lj,btc,en,,,1959227621872672919,,lynk0x,248.0,29.0,91.0,1.0
2025-08-23 12:16:51,,twitter,https://x.com/BTC_Archive/status/1959228338473422894,"💥🗣️ ""I LOST ALL MY BITCOIN""

This OG Bitcoiner tells me how he recovered from his massive loss.

I talk to Dominic about his journey from gold bug to Bitcoiner, and his passionate views on government, taxation etc

FULL EPISODES:

🎙️Spotify: https://t.co/zjJLsAJ24G
📺YouTube: https://t.co/Ac3miRQ1it",btc,en,,,1959228338473422894,,BTC_Archive,662.0,104.0,63.0,2.0
2025-08-23 12:20:25,,twitter,https://x.com/bitcoinlfgo/status/1959229236486558050,"BIG BREAKING 🚨 

A MYSTERIOUS WHALE JUST BOUGHT $216 MILLION WORTH OF #BITCOIN THIS MONTH

SOMETHING BIG IS COMING 🔥 https://t.co/cywF4snonq",btc,en,,,1959229236486558050,,bitcoinlfgo,611.0,156.0,70.0,3.0
2025-08-23 12:21:48,,twitter,https://x.com/BitcoinNews21M/status/1959229587247796723,"🇺🇸 President Trump calls #Bitcoin ""amazing"" and says it's producing a lot of jobs. https://t.co/NZNmvR6TWO",btc,en,,,1959229587247796723,,BitcoinNews21M,515.0,114.0,29.0,0.0
2025-08-23 12:27:10,,twitter,https://x.com/Bitcoin_Teej/status/1959230934688870889,"When you put $100 in your Robinhood account, you’re not flipping it to $1M.

Wealth comes from planting seeds every paycheck, over years. The more seeds you plant, the more fruit you’ll see. Consistency &gt; fantasy. https://t.co/7covsou9RJ",btc,en,,,1959230934688870889,,Bitcoin_Teej,320.0,33.0,19.0,5.0
2025-08-23 12:28:52,,twitter,https://x.com/0xSweep/status/1959231363111903471,This is the moment that changed Bitcoin’s history https://t.co/vlJns0Nnvk,btc,en,,,1959231363111903471,,0xSweep,184.0,7.0,107.0,2.0
2025-08-23 12:30:00,,twitter,https://x.com/TheDustyBC/status/1959231650250011119,"💥BREAKING

$BTC ETFS SAW 1.2 BILLION DOLLARS IN NET OUTFLOWS THIS WEEK.

HEAVY PROFIT TAKING OR EARLY ROTATION EITHER WAY, THAT’S BIG MONEY MOVING. ⚠️📤",btc,en,,,1959231650250011119,,TheDustyBC,429.0,33.0,33.0,0.0
2025-08-23 12:31:07,,twitter,https://x.com/BTC_Archive/status/1959231930580308114,🇺🇸 ERIC TRUMP: “There is no question that Bitcoin hits $1 million.” 🚀 https://t.co/6atxWDE2tx,btc,en,,,1959231930580308114,,BTC_Archive,1122.0,201.0,153.0,12.0
2025-08-23 12:49:15,,twitter,https://x.com/TheBitcoinConf/status/1959236494138200572,"TOM LEE SAYS SUPPLY SHOCK IS COMING &amp; PREDICTS $3,000,000 #BITCOIN 🤯 https://t.co/7gyzB6R29V",btc,en,,,1959236494138200572,,TheBitcoinConf,2300.0,441.0,132.0,16.0
2025-08-23 12:57:07,,twitter,https://x.com/BTCTN/status/1959238472075489360,"“Stablecoins are going to be the payments rail for the next several years,” says @YellowCard_App co-founder and CEO @chrismaurice.

🚀 $BTC isn’t the killer app for payments
💬 How $USDT flipped volume from 0→99% overnight
🌍 Moving $ on-chain is the gateway to global adoption https://t.co/KVD8hoWCDO",btc,en,,,1959238472075489360,,BTCTN,68.0,43.0,24.0,4.0
2025-08-23 13:00:10,,twitter,https://x.com/BitcoinFear/status/1959239241013092357,"Bitcoin Fear and Greed Index is 60 - Greed
Current price: $115,177 https://t.co/7RDeBHje6h",btc,en,,,1959239241013092357,,BitcoinFear,296.0,36.0,8.0,0.0
2025-08-23 13:00:16,,twitter,https://x.com/Stacks/status/1959239266292359675,"Building on Bitcoin via Stacks is now more accessible than ever:

- Rise In Bootcamps teach Stacks app development from the ground up
- LearnWeb3 Courses take you from beginner to advanced
- Stacks Ascent helps launch your BTC startup
- Code for STX rewards devs who keep shipping https://t.co/vWTbbtdHrH",btc,en,,,1959239266292359675,,Stacks,120.0,22.0,9.0,1.0
2025-08-23 13:00:17,,twitter,https://x.com/TheBTCTherapist/status/1959239268565463415,"STOP SITTING ON YOUR ASS ON A SATURDAY MORNING WISHING BITCOIN WAS $1M SO YOU CAN GET RICH. WORK HARDER. THIS ISN’T THE TIME TO TOUCH GRASS WE’RE TALKING ABOUT GENERATIONAL WEALTH. NEXT STOP ONE FIVE ZERO ZERO ZERO ZERO. DO NOT FUCK THIS UP. 

Hope you have a good day.",btc,en,,,1959239268565463415,,TheBTCTherapist,540.0,39.0,75.0,3.0
2025-08-23 13:10:32,,twitter,https://x.com/jimeisc/status/1959241847525499265,"⚡#Bitcoin es la verdadera libertad, que a través de los años se ha consolidado en las finanzas globales.

🔸Es el nuevo ascensor.
🔸Escasez programada.
🔸Sin manipulación del gobierno.

#btc #freedom #bullish #hodl #satoshi https://t.co/5bdvGyYYV2",btc,es,,,1959241847525499265,,jimeisc,4.0,0.0,0.0,0.0
2025-08-23 13:10:55,,twitter,https://x.com/BTC_Archive/status/1959241944560738443,"JUST IN: 🇺🇸 Senator Cynthia Lummis says Bitcoin and crypto market structure bill should pass by Christmas.

Regulatory clarity will drive the next phase of Bitcoin’s expansion. 🚀 https://t.co/wnyErv3bgf",btc,en,,,1959241944560738443,,BTC_Archive,1277.0,227.0,125.0,9.0
2025-08-23 13:12:21,,twitter,https://x.com/maxkeiser/status/1959242304633319526,Hating (censoring) Russia because they’re Christian Orthodox cost Americans trillions in lost Bitcoin opportunity.,btc,en,,,1959242304633319526,,maxkeiser,185.0,14.0,21.0,1.0
2025-08-23 13:12:24,,twitter,https://x.com/kyle_chasse/status/1959242321188266219,"🔥 @HenrikZeberg says we’re heading into full euphoria.

He sees the total crypto market cap exploding to $12–13T. A 2017-like move.

Think 400% alt runs in just 2–3 months, rotation from BTC → ETH → large caps → everything pumps.

👉 Full convo in the video. https://t.co/ZyUg3dhCqI",btc,en,,,1959242321188266219,,kyle_chasse,562.0,100.0,53.0,6.0
2025-08-23 13:15:00,,twitter,https://x.com/saylordocs/status/1959242973100515521,"BITCOIN YEARLY RETURNS 📊 (2010–2025)
2010: +9900% 🚀
2011: +1473% 🚀
2012: +186% 📈
2013: +5507% 🚀
2014: −58% 🔻
2015: +35% 📈
2016: +125% 🚀
2017: +1331% 🚀
2018: −73% 🔻
2019: +95% 📈
2020: +301% 🚀
2021: +66% 📈
2022: −65% 🔻
2023: +156% 🚀
2024: +121% 🚀
2025: 25% so far https://t.co/XAOVEN8xuC",btc,en,,,1959242973100515521,,saylordocs,1169.0,302.0,52.0,7.0
2025-08-23 13:15:07,,twitter,https://x.com/Vivek4real_/status/1959243003286970386,"🇺🇸 $5 BILLION REAL ESTATE GIANT GRANT CARDONE IS LOOKING TO BUY $1 BILLION WORTH OF #BITCOIN 👀

HERE WE GO!!! https://t.co/x5LTA42KXq",btc,en,,,1959243003286970386,,Vivek4real_,1677.0,342.0,160.0,11.0
2025-08-23 13:19:39,,twitter,https://x.com/BitcoinNews21M/status/1959244144460661090,Consider getting married. Should I tell my fiancée I own 10 #BTC? 👀 https://t.co/L32sKLCsuz,btc,en,,,1959244144460661090,,BitcoinNews21M,2428.0,112.0,884.0,44.0
2025-08-23 13:30:06,,twitter,https://x.com/Bybit_Official/status/1959246773886800280,"BTC price dips 🔻
Now trading at 114,975.8!

Keep an eye on the charts: https://t.co/M8MGm68ycD https://t.co/Ce18nun0nN",btc,en,,,1959246773886800280,,Bybit_Official,150.0,51.0,68.0,2.0
2025-08-23 13:31:19,,twitter,https://x.com/Airdrops0637/status/1959247081412968879,"#Bitcoin Finally reached $120,000 again !

As promised,
I want to change someone's life and send 1 $BTC (~$120,000) to one person by tomorrow.

Just like, retweet and comment 'done'.
Random winner in 15 hrs https://t.co/YwOh7DNZ6l",btc,en,,,1959247081412968879,,Airdrops0637,437.0,346.0,337.0,14.0
2025-08-23 13:38:34,,twitter,https://x.com/BigCheds/status/1959248905863823748,$BTC now approaching logical stair-step throwback level on 4H https://t.co/3f5lU9stdZ,btc,en,,,1959248905863823748,,BigCheds,307.0,36.0,57.0,2.0
2025-08-23 13:41:14,,twitter,https://x.com/BritishHodl/status/1959249577053466915,"I have a friend who thinks Bitcoin gets to $200,000 in 2032. 

Some people just need to give up.",btc,en,,,1959249577053466915,,BritishHodl,781.0,27.0,92.0,2.0
2025-08-23 13:51:28,,twitter,https://x.com/BTC_broo/status/1959252150577467832,"It’s frustrating to see young people go house poor buying an overpriced home at a high interest rate and maxing out their 401k’s. They think they’re making smart financial moves and have “made it.” 

In reality, their entire net worth is tied up in illiquid assets and untouchable",btc,en,,,1959252150577467832,,BTC_broo,262.0,20.0,41.0,0.0
2025-08-23 13:57:42,,twitter,https://x.com/BitcoinRachy/status/1959253720773877882,I can’t believe 15 thousand of you give a crap what I have to say about Bitcoin.,btc,en,,,1959253720773877882,,BitcoinRachy,180.0,17.0,28.0,0.0
2025-08-23 13:57:54,,twitter,https://x.com/natbrunell/status/1959253770732179852,"Feels like the most bearish bull market in Bitcoin. 

What has been putting the sell pressure on btc? https://t.co/vPvpimm7rX",btc,en,,,1959253770732179852,,natbrunell,555.0,49.0,48.0,5.0
2025-08-23 13:58:46,,twitter,https://x.com/MerlijnTrader/status/1959253989679063331,"BITCOIN COOLS | ETH EXPLODES PAST ATH ..ALTS ROTATION ALIVE!

Watch here:
https://t.co/PfD7hyuWMS https://t.co/0TPg19Tuet",btc,en,,,1959253989679063331,,MerlijnTrader,309.0,22.0,24.0,0.0
2025-08-23 14:05:55,,twitter,https://x.com/rajatsonifnance/status/1959255786795790616,"The simplest wealth-building strategy:

1) Create value
2) Buy Bitcoin
3) Hold
4) Enjoy your life",btc,en,,,1959255786795790616,,rajatsonifnance,757.0,108.0,67.0,4.0
2025-08-23 14:06:40,,twitter,https://x.com/CryptoCaesarTA/status/1959255976298602847,$ETH / $BTC: Let’s crush this red level next week. https://t.co/aHeZi66fpf,btc,en,,,1959255976298602847,,CryptoCaesarTA,477.0,61.0,34.0,0.0
2025-08-23 14:15:19,,twitter,https://x.com/saylordocs/status/1959258151246815375,Transferring Gold vs Transferring #Bitcoin ⚡️ https://t.co/p9CTPAxEWc,btc,en,,,1959258151246815375,,saylordocs,404.0,110.0,30.0,4.0
2025-08-23 14:16:09,,twitter,https://x.com/BitcoinConfAsia/status/1959258364178788764,"🇺🇸 ERIC TRUMP SAYS ""THERE IS NO QUESTION"" #BITCOIN WILL HIT $1 MILLION

HE KNOWS WHAT'S COMING 🚀 https://t.co/xK82P2HSPi",btc,en,,,1959258364178788764,,BitcoinConfAsia,647.0,180.0,63.0,0.0
2025-08-23 14:20:26,,twitter,https://x.com/TheCrowtrades/status/1959259439589998842,"If bitcoin forms a HL here, it could turn the tables and bring back life to the chart

Print a Higher low, reclaim $116,700 and take off.

#BTC https://t.co/xFqFmeuVEv",btc,en,,,1959259439589998842,,TheCrowtrades,212.0,41.0,9.0,0.0
2025-08-23 14:20:44,,twitter,https://x.com/GoMining_token/status/1959259515284525122,"🟠 What does Bitcoin DeFi mean to you?

BTCFi has huge potential but today many users still see it as confusing, risky, or hard to access.

That’s why we’re running the BTCFi Survey: to learn how people like you see it, use it, and what’s missing. https://t.co/MycWdQStJu",btc,en,,,1959259515284525122,,GoMining_token,556.0,197.0,65.0,8.0
2025-08-23 14:25:29,,twitter,https://x.com/IIICapital/status/1959260710786998436,"I bought the ETH token scam many years ago.

Thankfully I sold it for more bitcoin.

If I didn’t I’d be down horrendously.",btc,en,,,1959260710786998436,,IIICapital,189.0,13.0,34.0,2.0
2025-08-23 14:27:16,,twitter,https://x.com/abazwhyllzz/status/1959261159921521018,"Celloux RATE for BITCOIN &amp; USDT SHARP.

Try Celloux Today

To get started

Visit https://t.co/JPSFVnZ1Qp

Download CELLOUX Android App on Google Play Store

https://t.co/RTWamxjoIG https://t.co/eN8Mkzf0Se",btc,en,,,1959261159921521018,,abazwhyllzz,103.0,92.0,20.0,1.0
2025-08-23 14:28:32,,twitter,https://x.com/GrantCardone/status/1959261477468078148,Real Estate &amp; Bitcoin better together. https://t.co/Fxnrgu9W5i,btc,en,,,1959261477468078148,,GrantCardone,238.0,30.0,49.0,2.0
2025-08-23 14:30:00,,twitter,https://x.com/coinbureau/status/1959261849553195085,"🚨BITCOIN’S NEXT TOP IS NEAR!

Based on the last 2 cycles, BTC’s market top could be just 2 months away.🗓️

2015–2018 cycle pumped 11,300% , while 2018–2022 cycle pumped 2,000%.📈

New #Bitcoin ATH incoming?🚀 https://t.co/HSf6uDgdaJ",btc,en,,,1959261849553195085,,coinbureau,363.0,65.0,82.0,4.0
2025-08-23 14:30:21,,twitter,https://x.com/cryptojack/status/1959261936731689225,NEW BITCOIN CME GAP! 🚨 https://t.co/sf5mJ2XEjr,btc,en,,,1959261936731689225,,cryptojack,162.0,58.0,71.0,3.0
2025-08-23 14:31:27,,twitter,https://x.com/pete_rizzo_/status/1959262210896629984,"JUST IN: VANCOUVER CITY MAYOR OFFICIALLY PROPOSES TO HEAT ALL CITY SWIMMING POOLS WITH #BITCOIN MINING

THE PROJECT COULD EARN OVER $1 MILLION A YEAR. HUGE 🔥 https://t.co/VwTQ4KUl7H",btc,en,,,1959262210896629984,,pete_rizzo_,2041.0,364.0,86.0,20.0
2025-08-23 14:39:00,,twitter,https://x.com/greenytrades/status/1959264112636018837,"If I was starting with $10k right now and looking to make 50k by the end of the cycle, I would split my portfolio into the following: 

50% Spot: $BTC, $ETH, $LINK, $HYPE, $SOL, $SUI
-&gt; Goal is 2x this minimum

10% Memes: $PENGU, $REKT, $MOG, $SPX 
-&gt; Goal is 3-5x minimum

10%",btc,en,,,1959264112636018837,,greenytrades,242.0,16.0,48.0,4.0
2025-08-23 14:44:58,,twitter,https://x.com/greybtc/status/1959265612984643909,$USDUC Price Targets: Can It Realistically Hit a $1B Valuation?👇 https://t.co/lcXvtQ6X15,btc,en,,,1959265612984643909,,greybtc,162.0,46.0,31.0,2.0
2025-08-23 14:45:09,,twitter,https://x.com/maxkeiser/status/1959265659189113262,"From 2009 to 2023, Bitcoin was wrongly labeled a Ponzi. And it’s absurdly easy to prove it isn’t. 

From 2020 to …. 

$MSTR has been wrongly labeled a Ponzi. And it’s absurdly easy to prove it isn’t. https://t.co/SJDds6BWdO",btc,en,,,1959265659189113262,,maxkeiser,667.0,63.0,51.0,6.0
2025-08-23 14:45:16,,twitter,https://x.com/rovercrc/status/1959265691820863537,"💥BREAKING:

🇺🇸 TOM LEE THINKS THERE’S A 50% CHANCE ETHEREUM’S TOTAL NETWORK VALUE WILL FLIP BITCOIN. https://t.co/CintBj2Dhy",btc,en,,,1959265691820863537,,rovercrc,839.0,128.0,144.0,1.0
2025-08-23 14:45:20,,twitter,https://x.com/PARABOLIT/status/1959265708635750723,"You guys use to celebrate when @saylor bought $15M worth of $BTC

Now you say we're entering a bear market when he buys $50M worth",btc,en,,,1959265708635750723,,PARABOLIT,139.0,11.0,39.0,2.0
2025-08-23 14:45:40,,twitter,https://x.com/injective/status/1959265790986707388,"$BTC is sound money
$ETH is ultrasound money
$INJ is true ultrasound money https://t.co/rSRyL3AgZG",btc,en,,,1959265790986707388,,injective,490.0,74.0,30.0,8.0
2025-08-23 14:48:51,,twitter,https://x.com/AO_btc_analyst/status/1959266592002281681,#BITCOIN IS READY FOR A HUGE BULL RUN. https://t.co/5SjSd7f4Hi,btc,en,,,1959266592002281681,,AO_btc_analyst,716.0,206.0,57.0,3.0
2025-08-23 14:54:20,,twitter,https://x.com/BTC_Archive/status/1959267970242240667,Bitcoin holders in every cycle. 😅 https://t.co/xstwvL1vPX,btc,en,,,1959267970242240667,,BTC_Archive,1815.0,199.0,160.0,10.0
2025-08-23 14:57:08,,twitter,https://x.com/IIICapital/status/1959268676466520245,"If USD is your money, thousands of things look like good investments.

If BTC is your money, very few things look like good investments.

Bitcoin raises the hurdle rate for capital allocation, and greatly reduces capital misallocation.",btc,en,,,1959268676466520245,,IIICapital,1202.0,173.0,70.0,9.0
2025-08-23 14:57:14,,twitter,https://x.com/Saylor_Archive/status/1959268699820417142,"#Bitcoin is money. Everything else is credit.”

- Michael Saylor https://t.co/g0m4MTILxs",btc,en,,,1959268699820417142,,Saylor_Archive,333.0,67.0,25.0,2.0
2025-08-23 15:00:18,,twitter,https://x.com/AirdropDet/status/1959269471719203074,"🔍   Mine Blue #Airdrop 

🏆  Airdrop Pool: $50,000 worth of MB

🔴  Start the airdrop bot: https://t.co/2eSZm8svoB

🔘 Do the tasks on the bot &amp; submit your data.

🔘 Details: https://t.co/go64sKowzH

#Airdrops #Bitcoin #MineBlue #MB #AirdropDetective https://t.co/t0v5VN454x",btc,en,,,1959269471719203074,,AirdropDet,590.0,516.0,109.0,33.0
2025-08-23 15:00:46,,twitter,https://x.com/cryptojack/status/1959269589067432004,"#BTC Still Bullish, Targeting $135K 🔥
Institutional pressure mounts—BTC maintains bullish trajectory with predictions near $135K.",btc,en,,,1959269589067432004,,cryptojack,99.0,32.0,70.0,3.0
2025-08-23 15:05:23,,twitter,https://x.com/lifofifo/status/1959270754253451772,"Satoshi wrote 576 public posts, mostly on Bitcoin Talk forum. But it all started with emails, and there's only 34.

That makes these email Nakamoto Archives the rarest in the collection!

GM ☀️ https://t.co/kSE3x03Lta",btc,en,,,1959270754253451772,,lifofifo,222.0,36.0,36.0,1.0
2025-08-23 15:06:05,,twitter,https://x.com/cryptolution101/status/1959270926648070569,"$DOG isn’t just another memecoin, it’s the first true Bitcoin-native memecoin entering its FIRST altseason. 

Every cycle, new narratives create legends. This memecoin supercycle belongs to Bitcoin, and $DOG has the biggest upside of them all.

Deploying 0.53 $BTC ($60,740.01) https://t.co/WaRWvSNhFe",btc,en,,,1959270926648070569,,cryptolution101,412.0,149.0,51.0,2.0
2025-08-23 15:06:12,,twitter,https://x.com/CryptoLady_M/status/1959270956263961074,"History shows August usually ends red 📉

October &amp; November are when #Bitcoin really takes off 🍾

This isn’t a bear market 📈 liftoff is coming 

data:@coinglass_com 

$BTC $ETH $SOL $WLFI https://t.co/A4jdg7mSaF",btc,en,,,1959270956263961074,,CryptoLady_M,421.0,162.0,194.0,1.0
2025-08-23 15:07:15,,twitter,https://x.com/Bitcoin_Teej/status/1959271223730294906,"Made $1,600 this week from high-yield income funds.
No selling, no trading. Just cashflow showing up like a paycheck. 💰 https://t.co/QKu39aHoN1",btc,en,,,1959271223730294906,,Bitcoin_Teej,270.0,14.0,18.0,2.0
2025-08-23 15:10:12,,twitter,https://x.com/APompliano/status/1959271962489848161,"I sat down with @jvisserlabs for our weekly conversation.

We discussed Jerome Powell’s recent comments, why PMI is important, why bitcoin isn’t going up, AI bubble, MAG7 getting cheaper, and where Jordi sees risk right now.

Enjoy!

YouTube: https://t.co/xNnCZdQ9Dp 
Spotify: https://t.co/HeRb1gjJSn",btc,en,,,1959271962489848161,,APompliano,232.0,29.0,48.0,5.0
2025-08-23 15:13:15,,twitter,https://x.com/C2Blockchain/status/1959272733113524316,"$MSTR MicroStrategy’s 2020 Bitcoin bet?
21,454 BTC = 0.102% of supply. 📉

$CBLO C2 Blockchain’s DOG treasury today? 316,937,559 $DOG = 0.317% of supply. 📈

That’s 3x the proportional share.

$MSTR showed the playbook.
$CBLO is rewriting it — this time on Bitcoin’s meme layer.",btc,en,,,1959272733113524316,,C2Blockchain,269.0,99.0,17.0,2.0
2025-08-23 15:14:31,,twitter,https://x.com/Arpit_coder0/status/1959273051360469182,"I'M OFFICIALLY A $BTC BILLIONAIRE!

As I promised, I want to change someone's life-giving away 1 #Bitcoin (~$106,000) to one lucky winner by tomorrow!

Like, RT, follow
and comment 'DONE' to enter.
Winner announced in 48h! https://t.co/mxCITXguZS",btc,en,,,1959273051360469182,,Arpit_coder0,447.0,270.0,328.0,9.0
2025-08-23 15:16:42,,twitter,https://x.com/Mrcryptoxwhale/status/1959273601913458875,"🚨 Breaking News 🚨

Two giants unite! 🧠🐋
Bitcoin Profesör 🤝 Mr. Whale
have teamed up to launch the most ambitious MEMECOIN of 2025! 🚀🔥

⚡ 100% Fair Launch
⚡ Community Driven
⚡ Built for viral growth

💰 AIRDROP ALERT! 💰
We’re giving away $100,000 to our community! 🎁
👉 https://t.co/n0NxNfGngY",btc,en,,,1959273601913458875,,Mrcryptoxwhale,317.0,257.0,210.0,5.0
2025-08-23 15:18:00,,twitter,https://x.com/crypto_goos/status/1959273927034995134,"BlackRock now owns: 

- $86.23B worth of $BTC.
- $16.7B worth of $ETH. 

They 100% know something. https://t.co/5E5lk6nywE",btc,en,,,1959273927034995134,,crypto_goos,390.0,57.0,48.0,2.0
2025-08-23 15:21:43,,twitter,https://x.com/bitcoin__apex/status/1959274861336969694,"#Bitcoin Apex Art wallpaper.
Would you use it? https://t.co/1GAT3rFUyQ",btc,en,,,1959274861336969694,,bitcoin__apex,220.0,15.0,37.0,0.0
2025-08-23 15:21:53,,twitter,https://x.com/TheDustyBC/status/1959274905884557333,"💥BREAKING

🔥 INSIGHT: BITCOIN AVERAGE PERFORMANCE BY MONTH SHOWS SEPTEMBER AS ONE OF THE WEAKEST WITH HISTORICAL RETURNS AROUND MINUS 4.5 PERCENT.

WHAT WILL THIS SEPTEMBER LOOK LIKE? 👇 https://t.co/0rXAQxpLoT",btc,en,,,1959274905884557333,,TheDustyBC,415.0,28.0,40.0,1.0
2025-08-23 15:22:31,,twitter,https://x.com/coryklippsten/status/1959275065737932902,"Hi Liberals!

Deflationary money like Bitcoin is WAY better for communists and socialists than inflationary money.

Think it through. Inflationary fiat money, with central banks constantly printing and governments constantly borrowing, doesn’t “help the little guy.” It hurts",btc,en,,,1959275065737932902,,coryklippsten,542.0,93.0,83.0,15.0
2025-08-23 15:23:27,,twitter,https://x.com/BitcoinMagazine/status/1959275297007612219,"Welcome, to the #Bitcoin shop in the Dominican Republic 🇩🇴 https://t.co/7BMNkcU3yw",btc,en,,,1959275297007612219,,BitcoinMagazine,3631.0,800.0,257.0,33.0
2025-08-23 15:23:51,,twitter,https://x.com/Bitcoinprof0637/status/1959275401177436605,"🚨 Breaking News 🚨

Two giants unite! 🧠🐋
Bitcoin Profesör 🤝 Mr. Whale
have teamed up to launch the most ambitious MEMECOIN of 2025! 🚀🔥

⚡ 100% Fair Launch
⚡ Community Driven
⚡ Built for viral growth

💰 AIRDROP ALERT! 💰
We’re giving away $100,000 to our community! 🎁
👉 https://t.co/qxfL2fi6Rm",btc,en,,,1959275401177436605,,Bitcoinprof0637,286.0,198.0,186.0,5.0
2025-08-23 15:26:25,,twitter,https://x.com/CryptoCaptainCT/status/1959276047356342681,"$BTC/USDT update:

5MA just crossed below the 10 &amp; 20MA → bearish signal.

RSI is neutral, but MACD leans bearish, hinting at downside pressure.

Outlook: mildly bearish.

#Bitcoin #BTC https://t.co/I11wIySHWx",btc,en,,,1959276047356342681,,CryptoCaptainCT,105.0,36.0,21.0,0.0
2025-08-23 15:30:00,,twitter,https://x.com/coinbureau/status/1959276947617526091,"🔥TOM LEE: STRATEGY IS THE NEW EXXON MOBIL🛢️

He says Strategy could become one of the largest companies in the stock market if #Bitcoin hits $1M — not for earnings, but for the value of its $BTC balance sheet.

“Exxon was oil. Strategy is Bitcoin.” 🟠 https://t.co/qCIqdFeANV",btc,en,,,1959276947617526091,,coinbureau,1276.0,194.0,99.0,17.0
2025-08-23 15:30:05,,twitter,https://x.com/BTC_for_Freedom/status/1959276969175986600,"First Bitcoin will humble you, then it will wake you up. https://t.co/t4qAmqzyJj",btc,en,,,1959276969175986600,,BTC_for_Freedom,192.0,41.0,20.0,0.0
2025-08-23 15:32:34,,twitter,https://x.com/MikybullCrypto/status/1959277592084627604,"BITCOIN DOMINANCE DUMPED HARD 

ALTSEASON HARBINGER https://t.co/G8MJXt5evw",btc,en,,,1959277592084627604,,MikybullCrypto,389.0,59.0,10.0,1.0
2025-08-23 15:35:14,,twitter,https://x.com/BitcoinNews21M/status/1959278263005573487,"Michael Saylor:

“#Bitcoin is elegantly engineered to overcome the limitations of gold.” https://t.co/N8GEfu84a3",btc,en,,,1959278263005573487,,BitcoinNews21M,196.0,49.0,19.0,0.0
2025-08-23 15:39:37,,twitter,https://x.com/candoxa_/status/1959279366040645871,"Gm and gDoxa😎

Why Candoxa?🌀

🌀The problem: Quantum threat

Almost every blockchain today, from Bitcoin to Ethereum, relies on elliptic curve cryptography. It works for now, but the moment a powerful quantum computer arrives, that security falls apart.

Private keys could be https://t.co/bgTUyWgIJ9",btc,en,,,1959279366040645871,,candoxa_,540.0,77.0,512.0,35.0
2025-08-23 15:41:19,,twitter,https://x.com/LukeMikic21/status/1959279793481884150,"🚨 NEWS: $12 BILLION ETF GIANT Bitwise forecasts Bitcoin will SOAR 30% Per Year for the next decade… 🤯

That’s a path to $1,000,000 Bitcoin by 2030!!! 🚀🔥🔥 https://t.co/bsLatl94ox",btc,en,,,1959279793481884150,,LukeMikic21,410.0,113.0,24.0,2.0
2025-08-23 15:41:31,,twitter,https://x.com/BTC_Archive/status/1959279846560797061,"Buying 0.1 Bitcoin is a milestone today.

Soon, even 0.01 will be cause for celebration. 🟧 https://t.co/fXr5pgAAf2",btc,en,,,1959279846560797061,,BTC_Archive,2076.0,275.0,204.0,12.0
2025-08-23 15:58:58,,twitter,https://x.com/realpeteyb123/status/1959284236973744393,"These guys are about to drop rates and start printing money.

Stocks and Bitcoin are gonna skyrocket under the illusion of a powerful economy.

Yeah I’m gonna profit off of it, cause I’m smart and have to, but America and the USD are about to get obliterated.",btc,en,,,1959284236973744393,,realpeteyb123,195.0,9.0,39.0,2.0
2025-08-23 15:59:18,,twitter,https://x.com/Davincij15/status/1959284322848112854,"If you felt bullish about Bitcoin when it was $124k…

You should LOVE it even more at $114k",btc,en,,,1959284322848112854,,Davincij15,980.0,80.0,137.0,6.0
2025-08-23 16:02:00,,twitter,https://x.com/TheDustyBC/status/1959285000341233889,"BTC/USD [4H]

Price reacted violently after we touched upon our designated zone, as its major liquidity zone + FED announcement(s).

As we said before, those shorting the market hopefully secured most of their profits as FED announcements are always moving the market massively in https://t.co/jPWe34ZPhO",btc,en,,,1959285000341233889,,TheDustyBC,385.0,23.0,26.0,1.0
2025-08-23 16:03:46,,twitter,https://x.com/Greencandleit/status/1959285446879355307,"🇺🇸 $5B Real Estate Tycoon Grant Cardone is moving to buy $1 BILLION in Bitcoin... 🤯

The Floodgates are OPENING!!!! 🚀🔥 https://t.co/ZzgBthEVJ3",btc,en,,,1959285446879355307,,Greencandleit,594.0,113.0,14.0,2.0
2025-08-23 16:05:00,,twitter,https://x.com/BTCTN/status/1959285755685036458,"ICYMI: 🎙️Chainlink co-founder @SergeyNazarovon took the stage at the Wyoming Blockchain Summit this week. 

Highlighting that, ""we're at a really unique time...the industry is going to graduate into something new."" 🌐 https://t.co/3bkPs5spAc",btc,en,,,1959285755685036458,,BTCTN,68.0,31.0,29.0,1.0
2025-08-23 16:09:09,,twitter,https://x.com/saylordocs/status/1959286798883971573,How would you describe #Bitcoin in one Word? https://t.co/SeNujHLkwF,btc,en,,,1959286798883971573,,saylordocs,302.0,61.0,211.0,8.0
2025-08-23 16:16:16,,twitter,https://x.com/FezWeb3/status/1959288590044733931,"I'M OFFICIALLY A $BTC BILLIONAIRE! 🙏

As I promised, I want to change someone’s life—giving away 1 #Bitcoin (~$114,000) to one lucky winner by tomorrow!

Like, RT, follow @FezWeb3 and comment 'DONE' to enter.

Winner announced in 48h! 🚀 https://t.co/3KJzX0WWlb",btc,en,,,1959288590044733931,,FezWeb3,769.0,464.0,526.0,11.0
2025-08-23 16:20:56,,twitter,https://x.com/BitcoinNews21M/status/1959289764357472477,"Do you think #Bitcoin will cross $150,000 in 2025? https://t.co/4BcbJTTi6y",btc,en,,,1959289764357472477,,BitcoinNews21M,1363.0,137.0,226.0,17.0
2025-08-23 16:30:00,,twitter,https://x.com/saylordocs/status/1959292048550629543,"🇺🇸 BLACKROCK CEO LARRY FINK PREDICTS THAT #BITCOIN COULD RISE TO $500,000 - $700,000 🤯

HE KNOWS SOMETHING 🚀 https://t.co/1D7hCwKWAM",btc,en,,,1959292048550629543,,saylordocs,1399.0,256.0,78.0,6.0
2025-08-23 16:30:00,,twitter,https://x.com/itsFoxCrypto/status/1959292047036239930,"🔴 2013 - You missed $BTC
🔴 2014 - You missed $DOGE
🔴 2016 - You missed $ETH
🔴 2017 - You missed $ADA
🔴 2018 - You missed $BNB
🔴 2021 - You missed $SHIB
🔴 2022 - You missed $KISHU
🔴 2023 - You missed $PEPE
🔴 2024 - You missed $BRETT
🟢 in 2025, don’t miss _____",btc,en,,,1959292047036239930,,itsFoxCrypto,83.0,16.0,169.0,6.0
2025-08-23 16:38:39,,twitter,https://x.com/user11011001069/status/1959294222885904623,"🐸 6,666,666 $FREN GIVEAWAY 🐸

🐸 $FREN IS THE $PEPE OF THE CARDANO L1 BLOCKCHAIN 🐸

1. Follow @FREN_ADA &amp; @user11011001069 &amp; @frenbot_app (the fastest trading bot on Cardano)

2. Repost + like

3. Tag 2 FRENS 🫶🐸🫶

4. 🔥ENDS IN 72HRS🔥

#Cardano #Crypto #Bitcoin #Pepe #Fren https://t.co/rsSpYN4PqR",btc,en,,,1959294222885904623,,user11011001069,135.0,115.0,96.0,1.0
2025-08-23 16:39:04,,twitter,https://x.com/RAFAELA_RIGO_/status/1959294329916113159,".
My target of $110k - $108k for Bitcoin still valid
$BTC
.",btc,en,,,1959294329916113159,,RAFAELA_RIGO_,271.0,23.0,59.0,1.0
2025-08-23 16:42:00,,twitter,https://x.com/crypto_goos/status/1959295066494923063,"$BTC surged after breaking its previous cycle high.

$ETH is next in line.

Altcoins set to outperform along the way. https://t.co/cxhtCi9oJ6",btc,en,,,1959295066494923063,,crypto_goos,389.0,77.0,69.0,1.0
2025-08-23 16:43:21,,twitter,https://x.com/EzyBitcoin/status/1959295406778818667,"$BTC bounced back at the gray cloud exactly as predicted. 👏

Always happy when my analysis plays out, means those who trust me &amp; the CrossX Indicator are making real profits. I’ll keep putting out quality calls like this. Thanks for all the support, no @ezybitcoin without you!❤️ https://t.co/ffPWE2h13n",btc,en,,,1959295406778818667,,EzyBitcoin,147.0,24.0,9.0,2.0
2025-08-23 16:43:36,,twitter,https://x.com/PiNetworkAlerts/status/1959295470460600723,"🎉 Mega #Giveaway for @PiNetworkAlerts community 🔥💰

We’re giving away $75,000 $USDT in $Pi Coin to the first 7,500 people 💰💰

👉 No Task Just Like ❤ Retweet

Drop your #PiNetwork wallet address below 👇

Rewards will be in your wallet within 12 hours!

#Bitcoin #CRYPTO https://t.co/Bi3nh7I9mR",btc,en,,,1959295470460600723,,PiNetworkAlerts,771.0,260.0,254.0,5.0
2025-08-23 16:50:11,,twitter,https://x.com/xulian_hl/status/1959297126250549575,"Sell ETH at a premium and buy BTC at a discount, or just make the free arb. 

Hyperliquid",btc,en,,,1959297126250549575,,xulian_hl,232.0,18.0,23.0,2.0
2025-08-23 16:54:45,,twitter,https://x.com/RippleXrpie/status/1959298276294812100,"🚨JPMORGAN CEO CONFIRMS $6 TRILLION IS MOVING THROUGH BLOCKCHAIN — AND SLAMS BITCOIN!

#XRP stands out as the only real solution, following the recent launch of the Institutional Tokenization Program on the XRPL — powered by BXE Token.

Now, on September 12, the XRPL is set to https://t.co/KIEfURbU5Z",btc,en,,,1959298276294812100,,RippleXrpie,324.0,89.0,27.0,1.0
2025-08-23 16:56:35,,twitter,https://x.com/Vivek4real_/status/1959298737156620588,"🇺🇸 BILLIONAIRE KEVIN O’LEARY SAYS “TRILLIONS” WILL COME IN #BITCOIN ONCE MARKET STRUCTURE BILL PASSES

IT’S COMING!!! https://t.co/TlSzgoiFff",btc,en,,,1959298737156620588,,Vivek4real_,1656.0,306.0,162.0,12.0
2025-08-23 16:56:47,,twitter,https://x.com/cryptoking_nl/status/1959298786095706255,"Do you own $BTC? Do you want Bitcoin?

Giveaway: 2x $25 in Bitcoin!
How to enter:
✅ Comment why you want Bitcoin
✅ Like
✅ Retweet

Must be a follower to win

Two winners will be chosen random!",btc,en,,,1959298786095706255,,cryptoking_nl,215.0,199.0,180.0,0.0
2025-08-23 16:58:39,,twitter,https://x.com/martypartymusic/status/1959299257195737316,"#Bitcoin Daily TA targetting $122685k out the classic wedge.

Note: This is one of the most predictable and successful trading setups. I even display these levels on the Liquidation Level chart and you should use them. Price will most often me manipulated down for accumulation, https://t.co/JCwv9AHSDo",btc,en,,,1959299257195737316,,martypartymusic,1027.0,127.0,58.0,3.0
2025-08-23 16:59:12,,twitter,https://x.com/sunny051488/status/1959299396916662748,"I actually called and scheduled with and spoke to an advisor at Chase.

They started with some high level questions like what are your financial goals.

I said to maximize bitcoin savings using the banks capital.

They hung up. https://t.co/fYQwWzVIlO",btc,en,,,1959299396916662748,,sunny051488,813.0,32.0,78.0,14.0
2025-08-23 17:00:01,,twitter,https://x.com/LukeMikic21/status/1959299600713752766,"🚨 JUST IN: $829 BILLION Powerhouse Bernstein predicts Bitcoin will EXPLODE to $200,000 THIS YEAR... 🤯

They aren’t guessing… they’re WARNING you!!! 🔥🚀 https://t.co/GlNZjd1nF1",btc,en,,,1959299600713752766,,LukeMikic21,493.0,119.0,19.0,0.0
2025-08-23 17:00:01,,twitter,https://x.com/scottmelker/status/1959299599618678837,TOM LEE: 50% CHANCE ETHEREUM $ETH WILL FLIP BITCOIN $BTC IN NETWORK VALUE https://t.co/DpQ7hDSoTH,btc,en,,,1959299599618678837,,scottmelker,582.0,72.0,142.0,10.0
2025-08-23 17:00:02,,twitter,https://x.com/yourcryptodj/status/1959299603125117183,"2013 - You missed $BTC
2016 - You missed $ETH
2018 - You missed $BNB
2023 - You missed $PEPE
✅ In 2025, don't miss $_____",btc,en,,,1959299603125117183,,yourcryptodj,216.0,43.0,348.0,11.0
2025-08-23 17:00:34,,twitter,https://x.com/PricedinBTC/status/1959299740874494210,"🟠 Sat Cent Parity

Progress (1 sat = $0.001150)

🟧⬜⬜⬜⬜⬜⬜⬜⬜⬜ 11.5%

When 1 sat = 1¢, Bitcoin = $1 million. https://t.co/f1iSZYVaVR",btc,en,,,1959299740874494210,,PricedinBTC,283.0,50.0,9.0,4.0
2025-08-23 17:00:49,,twitter,https://x.com/Cointelegraph/status/1959299800609743335,🚨 HUGE: $2B in shorts will be liquidated when $BTC hits $120K. https://t.co/KS7wUss4Q9,btc,en,,,1959299800609743335,,Cointelegraph,1502.0,254.0,179.0,29.0
2025-08-23 17:02:09,,twitter,https://x.com/BoldBitcoin/status/1959300139148816508,Remember that. #Bitcoin https://t.co/WqMW7239ni,btc,en,,,1959300139148816508,,BoldBitcoin,295.0,81.0,10.0,3.0
2025-08-23 17:05:21,,twitter,https://x.com/Saylor_Archive/status/1959300943385698318,"🇺🇸 Fed Chair Jerome Powell says #Bitcoin is a competitor to gold, not the US dollar. https://t.co/KKUJVZnVq4",btc,en,,,1959300943385698318,,Saylor_Archive,616.0,115.0,29.0,1.0
2025-08-23 17:10:49,,twitter,https://x.com/follis_/status/1959302320220418221,"Longed $BTC

Risking $1k, will make $7k+ if it plays out

Let's see ✅ https://t.co/9bIfNb8BXP",btc,en,,,1959302320220418221,,follis_,699.0,61.0,60.0,4.0
2025-08-23 17:20:33,,twitter,https://x.com/cryptorecruitr/status/1959304769480147045,"CRYPTO About To Fake Everyone Out! (ONE Dip BEFORE RUN!)

Intro 00:00
Crypto about to fall… 2:00
BTC dominance 3:45
Ethereum 4:40
Cardano 8:05
Altcoin dip 9:05 https://t.co/GwoPOgilVA",btc,en,,,1959304769480147045,,cryptorecruitr,271.0,34.0,40.0,2.0
2025-08-23 17:22:37,,twitter,https://x.com/BTC_Archive/status/1959305290135883920,JUST IN: 🇯🇵 Japan’s FSA to slash crypto taxes and greenlight Bitcoin ETFs by 2026. https://t.co/DRbAjZ2KgA,btc,en,,,1959305290135883920,,BTC_Archive,1818.0,321.0,175.0,24.0
2025-08-23 17:27:19,,twitter,https://x.com/bitcoinlfgo/status/1959306470417203492,"BIG BREAKING 🇺🇸 

REAL ESTATE MOGUL GRANT CARDONE, WHO MANAGES A $1.6B EMPIRE, IS PLANNING A $1 BILLION #BITCOIN PURCHASE! 

INSTITUTIONAL ADOPTION 🔥 https://t.co/E5YQgj3YJz",btc,en,,,1959306470417203492,,bitcoinlfgo,1417.0,269.0,109.0,2.0
2025-08-23 17:29:48,,twitter,https://x.com/LordOfAlts/status/1959307097344188795,"Bitcoin OG making back to back moves.

Is Bull run back, or are we at the top?

He shifted 4,000 $BTC $460M into $ETH.

In total, he bought 179,448 ETH ~$806M at an avg. $4,490 and still holding a 135,265 ETH ~$581M long.

This is not a short size position, he definately knows https://t.co/RsorittzKI",btc,en,,,1959307097344188795,,LordOfAlts,354.0,64.0,110.0,12.0
2025-08-23 17:30:04,,twitter,https://x.com/BitcoinFear/status/1959307163056091253,"Bitcoin Fear and Greed Index is 60 — Greed
Current price: $114,952 https://t.co/3lsFoKgYxc",btc,en,,,1959307163056091253,,BitcoinFear,180.0,21.0,18.0,0.0
2025-08-23 17:30:27,,twitter,https://x.com/TheCryptoLark/status/1959307258371748214,"If you lost money on $TRUMP
If you lost money on $MELANIA
If you lost money on $YZY

Then I’ve got some bad news for you.

Next time you see another celebrity coin and feel the urge to FOMO in, just do yourself a favor and buy some Bitcoin. https://t.co/GoM0bMAD0M",btc,en,,,1959307258371748214,,TheCryptoLark,583.0,77.0,174.0,4.0
2025-08-23 17:32:32,,twitter,https://x.com/davidmarcus/status/1959307783351799924,"Building a Bitcoin utility company in this moment is so amazing. If I could go back, I’d do it 100x over. Best decision ever.",btc,en,,,1959307783351799924,,davidmarcus,605.0,42.0,34.0,1.0
2025-08-23 17:38:59,,twitter,https://x.com/BitcoinNewsCom/status/1959309406266339371,"Australia is looking to tax unused bedrooms 😮

 https://t.co/3FZvS2fPO6",btc,en,,,1959309406266339371,,BitcoinNewsCom,366.0,91.0,101.0,31.0
2025-08-23 17:41:39,,twitter,https://x.com/PortaltoBitcoin/status/1959310078328361239,"Portal doesn’t wrap your BTC.
It doesn’t lock it with a middleman.

Your BTC stays secure.

▪️No custodians.
▪️No bridges.
▪️No counterparty risk. https://t.co/t5d7DDSkgW",btc,en,,,1959310078328361239,,PortaltoBitcoin,669.0,127.0,226.0,73.0
2025-08-23 17:41:53,,twitter,https://x.com/WatcherGuru/status/1959310135639068677,"JUST IN: Eric Trump predicts Bitcoin will surpass $175,000 this year and calls himself a 'Bitcoin Maxi.' https://t.co/fgOQAlmfru",btc,en,,,1959310135639068677,,WatcherGuru,12565.0,1379.0,1225.0,207.0
2025-08-23 17:44:11,,twitter,https://x.com/BTCjunkies/status/1959310717527490786,"JUST IN: Eric Trump says he is a 'Bitcoin Maxi' and predicts Bitcoin will surpass $175,000 this year. https://t.co/0zUykWR1vz",btc,en,,,1959310717527490786,,BTCjunkies,714.0,176.0,60.0,6.0
2025-08-23 17:45:07,,twitter,https://x.com/EvanLuthra/status/1959310951032746344,"First, he pumped $ETH to ATH.

And now #Bitcoin!

Mr. @EricTrump has officially started the Bull Run🚀",btc,en,,,1959310951032746344,,EvanLuthra,367.0,23.0,36.0,0.0
2025-08-23 17:45:40,,twitter,https://x.com/BitcoinNews21M/status/1959311090208100670,"Tom Lee says, ""#Bitcoin should have the same network value as gold at $23 trillion at a minimum."" 🙌 https://t.co/mFwtiAquLF",btc,en,,,1959311090208100670,,BitcoinNews21M,258.0,50.0,17.0,3.0
2025-08-23 17:47:49,,twitter,https://x.com/coinbureau/status/1959311630296027403,"🚨BITCOIN TO SURPASS $175K THIS YEAR?

🇺🇸Eric Trump just called himself a ""Bitcoin Maxi"" — predicting #BTC will smash past $175K before year-end. https://t.co/eLVMn6f6cJ",btc,en,,,1959311630296027403,,coinbureau,874.0,141.0,193.0,6.0
2025-08-23 17:54:31,,twitter,https://x.com/Crypto_Crib_/status/1959313317429649811,"🇺🇸 Eric Trump predicts that Bitcoin will exceed $175,000 this year, referring to himself as a 'Bitcoin Maxi.' 👀 https://t.co/e4goAmp3QC",btc,en,,,1959313317429649811,,Crypto_Crib_,264.0,36.0,57.0,3.0
2025-08-23 18:00:01,,twitter,https://x.com/scottmelker/status/1959314698362393072,"~$2B IN SHORT POSITIONS SET TO BE LIQUIDATED AT $120,000 $BTC",btc,en,,,1959314698362393072,,scottmelker,468.0,37.0,69.0,3.0
2025-08-23 18:00:16,,twitter,https://x.com/MartiniGuyYT/status/1959314764498165956,"BULLISH 🚨 ERIC TRUMP PREDICTS BITCOIN WILL SURPASS $175,000 THIS YEAR 

SAYING HE IS A 'BITCOIN MAXI.' https://t.co/vk6cZ1ahom",btc,en,,,1959314764498165956,,MartiniGuyYT,592.0,122.0,83.0,1.0
2025-08-23 18:00:51,,twitter,https://x.com/Cointelegraph/status/1959314910598385916,"⚡ THROWBACK: Davinci Jeremie told the world to buy $BTC at $1 in 2011.

 If you put $1 into $BTC, you would now have $115K. https://t.co/fEV1BYstoH",btc,en,,,1959314910598385916,,Cointelegraph,1553.0,184.0,237.0,26.0
2025-08-23 18:05:46,,twitter,https://x.com/Jeremyybtc/status/1959316147301703730,"My Bitcoin price prediction is $1,000,000",btc,en,,,1959316147301703730,,Jeremyybtc,245.0,19.0,174.0,3.0
2025-08-23 18:11:12,,twitter,https://x.com/maxkeiser/status/1959317513839476857,"Flooding the economy with free money hurting wage earners &amp; benefitting stock holders is cruel. It’s financial apartheid. 

They hate you. 

Stack as much Bitcoin as you can for protection. It’s more valuable than firearms. BTC is unconfiscatable &amp; uncensorable. NOTHING else is.",btc,en,,,1959317513839476857,,maxkeiser,1323.0,193.0,59.0,6.0
2025-08-23 18:19:03,,twitter,https://x.com/Vivek4real_/status/1959319490925097071,"🇺🇸 WHITE HOUSE OFFICIAL SAID PRESIDENT HAS GIVEN CONGRESS A “CLEAR DIRECTIVE” TO ESTABLISH A STRATEGIC #BITCOIN RESERVE 

IT'S HAPPENING!!! https://t.co/Vq1NtePMDQ",btc,en,,,1959319490925097071,,Vivek4real_,2258.0,362.0,145.0,14.0
2025-08-23 18:23:03,,twitter,https://x.com/Saylor_Archive/status/1959320497126080727,"Eric Trump says he is a '#Bitcoin Maxi' and predicts Bitcoin will surpass $175,000 this year 🚀 https://t.co/OttYGN8SNe",btc,en,,,1959320497126080727,,Saylor_Archive,291.0,57.0,19.0,1.0
2025-08-23 18:24:31,,twitter,https://x.com/Thepasseng/status/1959320866891743508,"Giveaway

  $100 $USDT  

 Requirements: 

• Following @Thepasseng
• Like, RT &amp; Tag 3 Friends

#Bitcoin #Binance #Ethereum #Solana #doge #cryptocurrency",btc,en,,,1959320866891743508,,Thepasseng,569.0,559.0,491.0,0.0
2025-08-23 18:32:33,,twitter,https://x.com/BTC_Archive/status/1959322888403550285,"MICHAEL SAYLOR: “When Bitcoin is $1 million a coin, I bet you I’ll buy $1 billion of it.” https://t.co/J8iSnhBn5u",btc,en,,,1959322888403550285,,BTC_Archive,1772.0,229.0,169.0,21.0
2025-08-23 18:36:38,,twitter,https://x.com/CryptoTea_/status/1959323916247445717,When you hear someone in the distance say “Bitcoin” https://t.co/iCD82srpGh,btc,en,,,1959323916247445717,,CryptoTea_,193.0,12.0,21.0,1.0
2025-08-23 18:40:32,,twitter,https://x.com/nobrainflip/status/1959324897752367159,"If you could only hold one coin for next 6 months, would you pick:

1: BTC
2: ETH
3: SOL
4: Other",btc,en,,,1959324897752367159,,nobrainflip,594.0,62.0,535.0,10.0
2025-08-23 18:41:00,,twitter,https://x.com/misterrcrypto/status/1959325014357930040,"These two combined own more than 1,300,000 Bitcoin.

They know markets better than most.

Follow the smart money. https://t.co/Ln4HR0zcD3",btc,en,,,1959325014357930040,,misterrcrypto,327.0,37.0,33.0,1.0
2025-08-23 18:42:34,,twitter,https://x.com/0x_Discover/status/1959325407616065908,"JAY POWELL JUST CONFIRMED RATE CUT!

Altcoins will explode.

Next targets:
$BTC — $150K
$ETH — $6K
$SOL — $500

🧵: Why and which alts will 1000x in the 2025 👇 https://t.co/ZLK53orYAK",btc,en,,,1959325407616065908,,0x_Discover,252.0,84.0,77.0,1.0
2025-08-23 18:46:49,,twitter,https://x.com/SimplyBitcoinTV/status/1959326478149329129,MAX KEISER: “the world is beginning to understand that Bitcoin is really going to be the world reserve currency” https://t.co/Sn866wVRLs,btc,en,,,1959326478149329129,,SimplyBitcoinTV,788.0,159.0,48.0,3.0
2025-08-23 18:48:32,,twitter,https://x.com/IIICapital/status/1959326911445762183,"Intelligent bitcoin leverage works because the volatility of the next 12 months matters far less than the compounding of the next decade.

This is why bitcoin treasury companies exist.",btc,en,,,1959326911445762183,,IIICapital,164.0,18.0,23.0,0.0
2025-08-23 18:49:41,,twitter,https://x.com/pete_rizzo_/status/1959327197686370333,"MUST WATCH: BILLIONAIRE JACK DORSEY EXPLAINS HOW #BITCOIN WILL ELIMINATE BANKS AND BECOME THE ""INTERNET OF MONEY""

IT'S COMING 🚀 https://t.co/q1Xl8qU1VR",btc,en,,,1959327197686370333,,pete_rizzo_,1316.0,308.0,97.0,13.0
2025-08-23 18:57:20,,twitter,https://x.com/maxkeiser/status/1959329124993908746,"In 1945, 🇫🇷 France created a stablecoin called the CFA Franc and it’s used by over 200M today in their former African colonies. Critics suggest it’s a tool for colonialism. 

“CFA Franc: The ‘colonial currency’ keeping 14 African nations on a leash”

https://t.co/2VD7pblgMz",btc,en,,,1959329124993908746,,maxkeiser,136.0,31.0,15.0,0.0
2025-08-23 18:59:33,,twitter,https://x.com/EzMoneyGems/status/1959329680344932500,This would be the most obvious #BTC play no? I’m long 📈 wbu? https://t.co/m6K2J4jqt5,btc,en,,,1959329680344932500,,EzMoneyGems,118.0,52.0,119.0,0.0
2025-08-23 19:04:51,,twitter,https://x.com/theBTCMiningGuy/status/1959331017702993965,"Easiest 100x trade of your life:

Hold $IREN from $21 to $231 then sell it and buy bitcoin and hold for at least 10 years 

Thanks for coming to my ted talk",btc,en,,,1959331017702993965,,theBTCMiningGuy,429.0,21.0,33.0,0.0
2025-08-23 19:09:00,,twitter,https://x.com/crypto_rand/status/1959332059966795923,"#Strategy and @saylor now owns 3% of the total #Bitcoin supply.

Do you think thats a good or bad thing for retail? 🤔 https://t.co/XqKPnOBubr",btc,en,,,1959332059966795923,,crypto_rand,193.0,19.0,26.0,0.0
2025-08-23 19:11:44,,twitter,https://x.com/Vivek4real_/status/1959332747039617097,"🇺🇸 ERIC TRUMP CALLED HIMSELF A ""#BITCOIN MAXI"" PREDICTING BITCOIN WILL SURPASS $175,000 THIS YEAR

 IT’S COMING!!! 🚀 https://t.co/42Ivke5FWh",btc,en,,,1959332747039617097,,Vivek4real_,1323.0,222.0,149.0,10.0
2025-08-23 19:24:35,,twitter,https://x.com/ronin21btc/status/1959335983268106493,"Laser eyes till fiat dies 

#Bitcoin https://t.co/Fb28XwJ3a1",btc,en,,,1959335983268106493,,ronin21btc,318.0,47.0,12.0,2.0
2025-08-23 19:28:49,,twitter,https://x.com/GrantCardone/status/1959337046192853323,"I asked Grok, what are benefits adding BTC to his real estate holdings.  Below are the key advantages, based on his approach as outlined in various sources, along with a critical perspective to provide balance:
Benefits of Grant Cardone Adding Bitcoin to Real Estate Holdings
1.",btc,en,,,1959337046192853323,,GrantCardone,128.0,8.0,33.0,2.0
2025-08-23 19:30:40,,twitter,https://x.com/BTC_Archive/status/1959337511974563989,Bitcoin logo appears in a video game from 1991. 🔍 https://t.co/Z6tJukHAc6,btc,en,,,1959337511974563989,,BTC_Archive,22916.0,2218.0,1226.0,236.0
2025-08-23 19:35:54,,twitter,https://x.com/JuicyFruityyy/status/1959338830726877476,"$500 STAKE GIVEAWAY!

To Enter:

-RT this tweet
-Like this video(show proof)

https://t.co/fs5WCaIlQK

-comment your BTC address

 (if you dont have a stake account, sign up here: https://t.co/iE30F8zlh9)  

ENDS IN 5 DAYS! https://t.co/ARqG5vz6pE",btc,en,,,1959338830726877476,,JuicyFruityyy,1359.0,1801.0,1711.0,11.0
2025-08-23 19:40:38,,twitter,https://x.com/Bitcoinprof0637/status/1959340023062687824,"$PROWL IS LIVE NOW !

ca - 4SAmwjVAXLUAgRma3pPbaNf2h1tykrgCaWENiDTHpump

chart - https://t.co/UDfisR8TVS

To celebrate we are giving away 2,000,000 $PROWL to first 777 to interact and drop wallets https://t.co/hqCCHrQqE5",btc,en,,,1959340023062687824,,Bitcoinprof0637,94.0,50.0,63.0,0.0
2025-08-23 19:41:10,,twitter,https://x.com/TheBTCTherapist/status/1959340157523353713,"The people who are telling you $124,000 was the top for Bitcoin and the bear market is coming sold their bags at $80,000 in April. 

They are praying for a chance to get back in.",btc,en,,,1959340157523353713,,TheBTCTherapist,730.0,66.0,98.0,4.0
2025-08-23 19:45:06,,twitter,https://x.com/pythianism/status/1959341147295457347,"Two questions for ball respectors 

1. Do you really like BTC or did you like Saylor buying $42bn last year

2. Why is Tom Lee not a better Saylor on a more reflexive asset

Wow",btc,en,,,1959341147295457347,,pythianism,510.0,20.0,70.0,5.0
2025-08-23 20:02:22,,twitter,https://x.com/MaxCryptoxx/status/1959345492380574097,"🚨 BREAKING 🚨 

2 OG WHALES HAVE SOLD $1.05 BILLION WORTH OF BTC THIS WEEK.

AND THEY HAVE BOUGHT 207,584 ETH WORTH $986 MILLION.

$5K ETH IS COMING SOON 🚀 https://t.co/SI8gyD5gdb",btc,en,,,1959345492380574097,,MaxCryptoxx,1039.0,285.0,111.0,6.0
2025-08-23 20:02:23,,twitter,https://x.com/BitcoinNews21M/status/1959345494305464762,Who's ready for this? #Bitcoin 👀 https://t.co/dvnroSsOM5,btc,en,,,1959345494305464762,,BitcoinNews21M,255.0,49.0,21.0,4.0
2025-08-23 20:04:46,,twitter,https://x.com/cryptoWZRD_/status/1959346094673920127,"🚨 THE LAST 7 🍿

Will tomorrow be bullish?

🔮 The last 7 Saturday’s $BTC traded sideways and even bearish, but on each Sunday it saw a price surge.. 👀

Will tomorrow be bullish? https://t.co/QNseFJng2D",btc,en,,,1959346094673920127,,cryptoWZRD_,110.0,34.0,22.0,1.0
2025-08-23 20:07:00,,twitter,https://x.com/TFTC21/status/1959346656098623807,#Bitcoin Lambo spotted in Malaysia. https://t.co/dMpa3MoosC,btc,en,,,1959346656098623807,,TFTC21,314.0,52.0,16.0,2.0
2025-08-23 20:12:05,,twitter,https://x.com/QuintenFrancois/status/1959347934450897300,1 Bitcoin will be enough to retire,btc,en,,,1959347934450897300,,QuintenFrancois,247.0,17.0,76.0,1.0
2025-08-23 20:17:27,,twitter,https://x.com/saylordocs/status/1959349286186995779,"JUST IN: 🇨🇦 VANCOUVER MAY USE #BITCOIN MINING HEAT TO WARM PUBLIC POOLS 

MAYOR PROPOSES ACCEPTING BTC FOR TAXES AND ADDING BITCOIN TO CITY RESERVES https://t.co/DtPJmRnCgl",btc,en,,,1959349286186995779,,saylordocs,354.0,116.0,34.0,1.0
2025-08-23 20:34:51,,twitter,https://x.com/ColinTCrypto/status/1959353665619419539,"Here's a great comparison of bitcoin bull runs, from each halving event to the top.

Tops marked in white circles.

You can see we are within the average time range when tops typically happen. Perhaps this cycle extends a bit further than the last, as is the trend. But we're https://t.co/eKThTlnT9i",btc,en,,,1959353665619419539,,ColinTCrypto,625.0,92.0,18.0,5.0
2025-08-23 20:35:24,,twitter,https://x.com/0xGumshoe/status/1959353801929883685,"The pain of learning more about the world and financial markets is that you start doing the most complicated, random shit when it comes to investing

Bullish? Buy Bitcoin, Hedge Short, get loan to buy the shittiest investments ever
Bearish? Long the dollar, Short Markets, buy CHF",btc,en,,,1959353801929883685,,0xGumshoe,172.0,11.0,28.0,1.0
2025-08-23 20:36:27,,twitter,https://x.com/crypto_bitlord7/status/1959354068167721412,Mentally I’m at $160k $BTC and $11k ETH,btc,en,,,1959354068167721412,,crypto_bitlord7,94.0,4.0,33.0,1.0
2025-08-23 20:47:43,,twitter,https://x.com/BitcoinMagazine/status/1959356904993378649,#Bitcoin ATM spotted in Italy 🇮🇹 https://t.co/dUE9RX1O2i,btc,en,,,1959356904993378649,,BitcoinMagazine,3540.0,826.0,266.0,38.0
2025-08-23 20:55:18,,twitter,https://x.com/btc_overflow/status/1959358812387004517,"H100 Update. ($H100 $GS9 $HOGPF)

We are proud to have continued increasing our bitcoin holdings during what has been one of the most challenging periods for Bitcoin Treasury Companies this year.

This week we announced the purchase of 102.19 BTC, representing a 12.6% increase to",btc,en,,,1959358812387004517,,btc_overflow,167.0,25.0,21.0,6.0
2025-08-23 20:56:31,,twitter,https://x.com/BitcoinNewsCom/status/1959359117740355948,"Open-source desk Bitcoin miner that’s made to 🔥 heat your ☕️ coffee 👀

By @BeeEvolved 

 https://t.co/aq7UfJaiIS",btc,en,,,1959359117740355948,,BitcoinNewsCom,138.0,39.0,13.0,4.0
2025-08-23 20:57:20,,twitter,https://x.com/SimplyBitcoinTV/status/1959359325064896656,"FUN FACT: One year ago today #Bitcoin was $60,000.",btc,en,,,1959359325064896656,,SimplyBitcoinTV,764.0,110.0,43.0,12.0
2025-08-23 20:58:33,,twitter,https://x.com/Bitcoinprof0637/status/1959359629973930298,"Every wallet Gets 0.03 $BTC

Just drop your $BTC  address, RT ♻️ &amp; Like ❤️ 🔔 

First 1111 https://t.co/vc7jm0v0YD",btc,en,,,1959359629973930298,,Bitcoinprof0637,562.0,360.0,363.0,9.0
2025-08-23 20:58:51,,twitter,https://x.com/_ChaitanyaJ/status/1959359705765044467,Bitcoin is a strange game where the only winning move is to play. https://t.co/f2oOq7p76J,btc,en,,,1959359705765044467,,_ChaitanyaJ,379.0,57.0,25.0,1.0
2025-08-23 20:59:57,,twitter,https://x.com/AltcoinDaily/status/1959359982396453070,"Bitcoin powered finance is the future! And the @PeoplesReserve is leading the way:

• Bitcoin Loans
• Bitcoin Bonds
• Bitcoin Mortgages &amp; MORE!!!

The great @CJKonstantinos  breaks it down!

Full Interview 👇
&gt;&gt;&gt; https://t.co/kgeJprFTuA https://t.co/9dGTW4AT0w",btc,en,,,1959359982396453070,,AltcoinDaily,115.0,23.0,50.0,2.0
2025-08-23 21:00:37,,twitter,https://x.com/BoldBitcoin/status/1959360148557779334,"🇺🇸 Senator Lummis says, ""#Bitcoin is freedom money and will make life better for every American."" https://t.co/Vbf6fQ8NYE",btc,en,,,1959360148557779334,,BoldBitcoin,67.0,16.0,5.0,0.0
2025-08-23 21:02:20,,twitter,https://x.com/Bitcoinblacck/status/1959360580835242208,"Drop your $SOL wallets and I'll send $16.000 💵
(Yes for real )

Just Follow &amp; RT🚀 https://t.co/gu1QnFwCOK",btc,en,,,1959360580835242208,,Bitcoinblacck,300.0,268.0,259.0,3.0
2025-08-23 21:05:18,,twitter,https://x.com/Cryptoemperor06/status/1959361327224553624,"3 #Bitcoin 

A person who retweets, follows me will receive 3 $BTC ( $348.000 ) (yes, for real)

Retweet my pinned post 📌 https://t.co/evyDwJAptA",btc,en,,,1959361327224553624,,Cryptoemperor06,239.0,256.0,162.0,5.0
2025-08-23 21:17:03,,twitter,https://x.com/orbitBTC/status/1959364286309958084,"🔥🔥🔥 Chainova ($CNV) IS ABOUT TO BLOW UP THE BLOCKCHAIN GAME!!! 🤯 @0xChaiNova is cooking up a Layer 1 blockchain that's gonna change the game with:

⚡ SCALABILITY THAT'S ACTUALLY TRUE (no more congestion, no more fees skyrocketing!)
🏛️ RWA integration that's gonna make your https://t.co/wab83wJkyD",btc,en,,,1959364286309958084,,orbitBTC,439.0,107.0,83.0,0.0
2025-08-23 21:22:42,,twitter,https://x.com/gladstein/status/1959365705511637447,"One would guess the earliest cypherpunks would be overjoyed if Wall Street and Washington were advocating for digital money anyone could use and no one could control

The Q is: do they keep pushing Bitcoin … or stablecoins?

My bet is NGU forces a win for freedom in the end",btc,en,,,1959365705511637447,,gladstein,73.0,11.0,14.0,2.0
2025-08-23 21:24:14,,twitter,https://x.com/BTC_Archive/status/1959366094323339444,"ADAM BACK: ""When Wall Street is 2% in Bitcoin, Bitcoin will be $1 million per coin."" https://t.co/wZ7SR3sLdv",btc,en,,,1959366094323339444,,BTC_Archive,2467.0,541.0,253.0,37.0
2025-08-23 21:24:17,,twitter,https://x.com/Vivek4real_/status/1959366104784273434,"BILLIONAIRE MAX KEISER SAID #BITCOIN IS GOING TO $850,000 DURING THIS CYCLE

IT’S COMING!!! https://t.co/emZI7Nrlcw",btc,en,,,1959366104784273434,,Vivek4real_,1521.0,269.0,237.0,26.0
2025-08-23 21:26:03,,twitter,https://x.com/SenseiBR_btc/status/1959366550084792682,🚨 24 DAYS UNTIL RATES CUT https://t.co/J3lVHvweYp,btc,en,,,1959366550084792682,,SenseiBR_btc,447.0,66.0,26.0,1.0
2025-08-23 21:28:38,,twitter,https://x.com/BtcDose/status/1959367201603125524,"📊 @0xChaiNova ($CNV) presents a compelling opportunity in the blockchain space. Its Layer 1 solution addresses scalability, RWA integration, and AI-powered innovation. With a Private Sale on Spores Launchpad and an upcoming BitMart listing, Chainova is positioned for growth. 🔍 https://t.co/8nn3C3ldz8",btc,en,,,1959367201603125524,,BtcDose,440.0,104.0,83.0,0.0
2025-08-23 21:35:13,,twitter,https://x.com/IIICapital/status/1959368857484681690,"Bitcoin is simple.

Buy and hold it for a long time.

But most people don’t have the courage or they simply can’t hold through short term volatility.",btc,en,,,1959368857484681690,,IIICapital,254.0,21.0,35.0,2.0
2025-08-23 21:35:46,,twitter,https://x.com/TedPillows/status/1959368996991517031,"Eric Trump predicts $BTC will surpass $175,000 this year.

What do you think? 👇🏻",btc,en,,,1959368996991517031,,TedPillows,703.0,55.0,272.0,4.0
2025-08-23 21:40:52,,twitter,https://x.com/BenJustman/status/1959370277743206750,"If you keep pushing your friends to buy Bitcoin, they will. At the Top.

And it will be YOUR fault.",btc,en,,,1959370277743206750,,BenJustman,574.0,27.0,105.0,7.0
2025-08-23 21:41:11,,twitter,https://x.com/ChartingProdigy/status/1959370360119582946,".
Bitcoin - We Are So Back!!! 
 Really?  Not So Fast
 BTC Signals Still Remain Bearish

Bitcoin Video Here
https://t.co/Ebp26T4OiI

#ETH #powell #cuts $BTC #BTC #BTCNews #Bitcoin #altseason #Altcoins #recession $SOL #CryptoNews #crypto #trump #tariffs #inflation #BTCrrecovery https://t.co/Gg6OuYBBDF",btc,en,,,1959370360119582946,,ChartingProdigy,37.0,2.0,0.0,0.0
2025-08-23 22:00:04,,twitter,https://x.com/BitcoinFear/status/1959375111368106295,"Bitcoin Fear and Greed Index is 60. Greed
Current price: $115,067 https://t.co/gQVrVotqQn",btc,en,,,1959375111368106295,,BitcoinFear,199.0,18.0,15.0,0.0
2025-08-23 22:06:49,,twitter,https://x.com/BTCTN/status/1959376810082254963,"Friday closed the week with a split: Ether ETFs surged with $338M inflows 🚀 while Bitcoin bled for a 6th day (-$23.15 million), dragged down by a $199M exit from @BlackRock’s IBIT—are we seeing a real shift in momentum?",btc,en,,,1959376810082254963,,BTCTN,37.0,18.0,23.0,2.0
2025-08-23 22:07:54,,twitter,https://x.com/TheBTCTherapist/status/1959377080258543688,"In November of last year, Bitcoin ran from $70,000 to $90,000 in exactly 1 week. $20K in 7 days. 

This is far from over. Everyone is underestimating the next move up. This is going to painful for those on the sidelines. https://t.co/2hFTaT2rlC",btc,en,,,1959377080258543688,,TheBTCTherapist,671.0,142.0,102.0,2.0
2025-08-23 22:21:09,,twitter,https://x.com/BitcoinNews21M/status/1959380415774609524,#Bitcoin is going to $1 million sooner than you think 🚀 https://t.co/BpIQCcsJ3m,btc,en,,,1959380415774609524,,BitcoinNews21M,390.0,69.0,14.0,6.0
2025-08-23 22:37:49,,twitter,https://x.com/maxkeiser/status/1959384610074513834,Moon landing deniers are pathetic. Margaret Hamilton is a hero.,btc,en,,,1959384610074513834,,maxkeiser,503.0,37.0,189.0,5.0
2025-08-23 22:41:10,,twitter,https://x.com/ord_io/status/1959385454626914415,Bitcoin memecoins 💪 https://t.co/4c0Kx0541Z,btc,en,,,1959385454626914415,,ord_io,617.0,170.0,63.0,13.0
2025-08-23 22:43:04,,twitter,https://x.com/Bitcoinprof0637/status/1959385931305394368,"🚀 LIFE-CHANGING GIVEAWAY! 🚀  

I'm sending $50 SOL (~$12,250.00) to ONE lucky person by tomorrow! 💰  

🔹How to enter
1️⃣ Like ❤️  
2️⃣ Retweet 🔁  
3️⃣ Comment ""done"" ✅  

If you followed my searches you would get:  
✅ I bought $VINE before 1000x  

✅ I bought $TRUMP before https://t.co/mSFvtLh2G1",btc,en,,,1959385931305394368,,Bitcoinprof0637,176.0,133.0,136.0,1.0
2025-08-23 22:46:10,,twitter,https://x.com/Bitcoinblacck/status/1959386713903497259,"🚀 LIFE-CHANGING GIVEAWAY! 🚀  

I'm sending $50 SOL (~$12,250.00) to ONE lucky person by tomorrow! 💰  

🔹How to enter
1️⃣ Like ❤️  
2️⃣ Retweet 🔁  
3️⃣ Comment ""done"" ✅  

If you followed my searches you would get:  
✅ I bought $VINE before 1000x  

✅ I bought $TRUMP before https://t.co/ctX7z6eSEF",btc,en,,,1959386713903497259,,Bitcoinblacck,99.0,74.0,79.0,0.0
2025-08-23 22:47:14,,twitter,https://x.com/BitcoinFrogs/status/1959386981160657306,"10,000 bitcoin frogs 
900 days
$665 https://t.co/vj8vdzQcvs",btc,en,,,1959386981160657306,,BitcoinFrogs,66.0,13.0,5.0,0.0
2025-08-23 22:50:33,,twitter,https://x.com/Vivek4real_/status/1959387816120508623,"🇺🇸 $180 BILLION JEFF BEZOS BLUE ORIGIN NOW ACCEPTING #BITCOIN FOR PAYMENTS

HERE WE GO!!! https://t.co/beHNSjHjBp",btc,en,,,1959387816120508623,,Vivek4real_,1539.0,270.0,123.0,9.0
2025-08-23 22:50:59,,twitter,https://x.com/BtcArtSociety/status/1959387925969506472,"We teamed up with the @Pizza_Ninjas, $DOG Army, and friends to host Bitcoin After Dark, the official @btc_summit Kickoff party in Hong Kong on August 28th.

RSVP with the link below!

See you in Hong Kong 🇭🇰 https://t.co/2Zlh7b8lzG",btc,en,,,1959387925969506472,,BtcArtSociety,90.0,27.0,12.0,0.0
2025-08-23 23:00:44,,twitter,https://x.com/Cointelegraph/status/1959390379343479060,"🚨 FLASHBACK: 16.5 years ago, Hal Finney started running Bitcoin.

RIP Hal. https://t.co/ikBE1i6vie",btc,en,,,1959390379343479060,,Cointelegraph,978.0,97.0,116.0,12.0
2025-08-23 23:01:20,,twitter,https://x.com/cryptogems555/status/1959390530468724981,#Bitcoin is king 💹 https://t.co/g26ym6j4rv,btc,en,,,1959390530468724981,,cryptogems555,310.0,79.0,86.0,1.0
2025-08-23 23:06:37,,twitter,https://x.com/CryptoDiffer/status/1959391858716541154,"Bitcoin Ecosystem projects without the token (yet)

#Bitcoin's $BTC rally toward its ATH is shining a spotlight on ecosystem projects without a launched #token. From Layer 2 and #Oracle to #DEX, these protocols could play a key role in the next cycle. https://t.co/CuvN0HcnzV",btc,en,,,1959391858716541154,,CryptoDiffer,172.0,16.0,21.0,1.0
2025-08-23 23:07:14,,twitter,https://x.com/BitcoinBeachBR/status/1959392013574394191,"Hello @bitcoincoreorg,

We live Bitcoin. We dedicate our lives to it, full time, nonstop. On the ground, we work as part of Bitcoin’s invisible team, often without salaries, simply because we believe in its power to fix money and defend society from injustice and https://t.co/QLieljdVJn",btc,en,,,1959392013574394191,,BitcoinBeachBR,660.0,179.0,67.0,34.0
2025-08-23 23:31:07,,twitter,https://x.com/MBitcoiner/status/1959398022422618289,"Alright, it’s finally here! 
Anti-Riba Money has officially arrived!

For years I wished someone would write a proper book on Bitcoin from a Muslim perspective. I just didn’t expect that person to end up being me 😅

My goal with this book is simple: to offer Muslims a clear, https://t.co/XIxQaYDAc0",btc,en,,,1959398022422618289,,MBitcoiner,187.0,53.0,25.0,5.0
2025-08-23 23:39:35,,twitter,https://x.com/DavidFBailey/status/1959400155595329750,"There’s not going to be another Bitcoin bear market for several years.

Every Sovereign, Bank, Insurer, Corporate, Pension, and more will own Bitcoin. The process has already begun in earnest, yet we haven’t even captured 0.01% of the TAM.

We’re going so much higher. Dream big",btc,en,,,1959400155595329750,,DavidFBailey,1612.0,187.0,138.0,52.0
2025-08-23 23:54:33,,twitter,https://x.com/DavidFBailey/status/1959403922264850742,It’s the Eternal September of institutional bitcoin adoption.,btc,en,,,1959403922264850742,,DavidFBailey,418.0,41.0,29.0,1.0
